
     Time:   out<sin> out<cos> 

  0.0000us:    496     1884    
  0.1000us:  -1551     -163    
  0.2000us:    496     1884    
  0.3000us:   2047     1884    
  0.4000us:   1947     1917    
  0.5000us:   1656     1463    
  0.6000us:   1203     1916    
  0.7000us:    633     1951    
  0.8000us:      0     2047    
  0.9000us:   -633     1947    
  1.0000us:  -1203     1656    
  1.1000us:  -1656     1203    
  1.2000us:  -1947      633    
  1.3000us:  -2047        0    
  1.4000us:  -1947     -633    
  1.5000us:  -1656    -1203    
  1.6000us:  -1203    -1656    
  1.7000us:   -633    -1947    
  1.8000us:      0    -2047    
  1.9000us:    633    -1947    
  2.0000us:   1203    -1656    
  2.1000us:   1656    -1203    
  2.2000us:   1947     -633    
  2.3000us:   2047        0    
  2.4000us:   1947      633    
  2.5000us:   1656     1203    
  2.6000us:   1203     1656    
  2.7000us:    633     1947    
  2.8000us:      0     2047    
  2.9000us:   -633     1947    
  3.0000us:  -1203     1656    
  3.1000us:  -1656     1203    
  3.2000us:  -1947      633    
  3.3000us:  -2047        0    
  3.4000us:  -1947     -633    
  3.5000us:  -1656    -1203    
  3.6000us:  -1203    -1656    
  3.7000us:   -633    -1947    
  3.8000us:      0    -2047    
  3.9000us:    633    -1947    
  4.0000us:   1203    -1656    
  4.1000us:   1656    -1203    
  4.2000us:   1947     -633    
  4.3000us:   2047        0    
  4.4000us:   1947      633    
  4.5000us:   1656     1203    
  4.6000us:   1203     1656    
  4.7000us:    633     1947    
  4.8000us:      0     2047    
  4.9000us:   -633     1947    
  5.0000us:  -1203     1656    
  5.1000us:  -1656     1203    
  5.2000us:  -1947      633    
  5.3000us:  -2047        0    
  5.4000us:  -1947     -633    
  5.5000us:  -1656    -1203    
  5.6000us:  -1203    -1656    
  5.7000us:   -633    -1947    
  5.8000us:      0    -2047    
  5.9000us:    633    -1947    
  6.0000us:   1203    -1656    
  6.1000us:   1656    -1203    
  6.2000us:   1947     -633    
  6.3000us:   2047        0    
  6.4000us:   1947      633    
  6.5000us:   1656     1203    
  6.6000us:   1203     1656    
  6.7000us:    633     1947    
  6.8000us:      0     2047    
  6.9000us:   -633     1947    
  7.0000us:  -1203     1656    
  7.1000us:  -1656     1203    
  7.2000us:  -1947      633    
  7.3000us:  -2047        0    
  7.4000us:  -1947     -633    
  7.5000us:  -1656    -1203    
  7.6000us:  -1203    -1656    
  7.7000us:   -633    -1947    
  7.8000us:      0    -2047    
  7.9000us:    633    -1947    
  8.0000us:   1203    -1656    
  8.1000us:   1656    -1203    
  8.2000us:   1947     -633    
  8.3000us:   2047        0    
  8.4000us:   1947      633    
  8.5000us:   1656     1203    
  8.6000us:   1203     1656    
  8.7000us:    633     1947    
  8.8000us:      0     2047    
  8.9000us:   -633     1947    
  9.0000us:  -1203     1656    
  9.1000us:  -1656     1203    
  9.2000us:  -1947      633    
  9.3000us:  -2047        0    
  9.4000us:  -1947     -633    
  9.5000us:  -1656    -1203    
  9.6000us:  -1203    -1656    
  9.7000us:   -633    -1947    
  9.8000us:      0    -2047    
  9.9000us:    633    -1947    
 10.0000us:   1203    -1656    
 10.1000us:   1656    -1203    
 10.2000us:   1947     -633    
 10.3000us:   2047        0    
 10.4000us:   1947      633    
 10.5000us:   1656     1203    
 10.6000us:   1203     1656    
 10.7000us:    633     1947    
 10.8000us:      0     2047    
 10.9000us:   -633     1947    
 11.0000us:  -1203     1656    
 11.1000us:  -1656     1203    
 11.2000us:  -1947      633    
 11.3000us:  -2047        0    
 11.4000us:  -1947     -633    
 11.5000us:  -1656    -1203    
 11.6000us:  -1203    -1656    
 11.7000us:   -633    -1947    
 11.8000us:      0    -2047    
 11.9000us:    633    -1947    
 12.0000us:   1203    -1656    
 12.1000us:   1656    -1203    
 12.2000us:   1947     -633    
 12.3000us:   2047        0    
 12.4000us:   1947      633    
 12.5000us:   1656     1203    
 12.6000us:   1203     1656    
 12.7000us:    633     1947    
 12.8000us:      0     2047    
 12.9000us:   -633     1947    
 13.0000us:  -1203     1656    
 13.1000us:  -1656     1203    
 13.2000us:  -1947      632    
 13.3000us:  -2047        0    
 13.4000us:  -1947     -633    
 13.5000us:  -1656    -1203    
 13.6000us:  -1203    -1656    
 13.7000us:   -632    -1947    
 13.8000us:      0    -2047    
 13.9000us:    633    -1947    
 14.0000us:   1203    -1656    
 14.1000us:   1656    -1203    
 14.2000us:   1947     -632    
 14.3000us:   2047        0    
 14.4000us:   1947      633    
 14.5000us:   1656     1203    
 14.6000us:   1203     1656    
 14.7000us:    632     1947    
 14.8000us:      0     2047    
 14.9000us:   -633     1947    
 15.0000us:  -1203     1656    
 15.1000us:  -1656     1203    
 15.2000us:  -1947      632    
 15.3000us:  -2047        0    
 15.4000us:  -1947     -633    
 15.5000us:  -1656    -1203    
 15.6000us:  -1203    -1656    
 15.7000us:   -632    -1947    
 15.8000us:      0    -2047    
 15.9000us:    633    -1947    
 16.0000us:   1203    -1656    
 16.1000us:   1656    -1203    
 16.2000us:   1947     -632    
 16.3000us:   2047        0    
 16.4000us:   1947      633    
 16.5000us:   1656     1203    
 16.6000us:   1203     1656    
 16.7000us:    632     1947    
 16.8000us:      0     2047    
 16.9000us:   -633     1947    
 17.0000us:  -1203     1656    
 17.1000us:  -1656     1203    
 17.2000us:  -1947      632    
 17.3000us:  -2047        0    
 17.4000us:  -1947     -633    
 17.5000us:  -1656    -1203    
 17.6000us:  -1203    -1656    
 17.7000us:   -632    -1947    
 17.8000us:      0    -2047    
 17.9000us:    633    -1947    
 18.0000us:   1203    -1656    
 18.1000us:   1656    -1203    
 18.2000us:   1947     -632    
 18.3000us:   2047        0    
 18.4000us:   1947      633    
 18.5000us:   1656     1203    
 18.6000us:   1203     1656    
 18.7000us:    632     1947    
 18.8000us:      0     2047    
 18.9000us:   -633     1947    
 19.0000us:  -1203     1656    
 19.1000us:  -1656     1203    
 19.2000us:  -1947      632    
 19.3000us:  -2047        0    
 19.4000us:  -1947     -633    
 19.5000us:  -1656    -1203    
 19.6000us:  -1203    -1656    
 19.7000us:   -632    -1947    
 19.8000us:      0    -2047    
 19.9000us:    633    -1947    
 20.0000us:   1203    -1656    
 20.1000us:   1656    -1203    
 20.2000us:   1947     -632    
 20.3000us:   2047        0    
 20.4000us:   1947      633    
 20.5000us:   1656     1203    
 20.6000us:   1203     1656    
 20.7000us:    632     1947    
 20.8000us:      0     2047    
 20.9000us:   -633     1947    
 21.0000us:  -1203     1656    
 21.1000us:  -1656     1203    
 21.2000us:  -1947      632    
 21.3000us:  -2047        0    
 21.4000us:  -1947     -633    
 21.5000us:  -1656    -1203    
 21.6000us:  -1203    -1656    
 21.7000us:   -632    -1947    
 21.8000us:      0    -2047    
 21.9000us:    633    -1947    
 22.0000us:   1203    -1656    
 22.1000us:   1656    -1203    
 22.2000us:   1947     -632    
 22.3000us:   2047        0    
 22.4000us:   1947      633    
 22.5000us:   1656     1203    
 22.6000us:   1203     1656    
 22.7000us:    632     1947    
 22.8000us:      0     2047    
 22.9000us:   -633     1947    
 23.0000us:  -1203     1656    
 23.1000us:  -1656     1203    
 23.2000us:  -1947      632    
 23.3000us:  -2047        0    
 23.4000us:  -1947     -633    
 23.5000us:  -1656    -1203    
 23.6000us:  -1203    -1656    
 23.7000us:   -632    -1947    
 23.8000us:      0    -2047    
 23.9000us:    633    -1947    
 24.0000us:   1203    -1656    
 24.1000us:   1656    -1203    
 24.2000us:   1947     -632    
 24.3000us:   2047        0    
 24.4000us:   1947      633    
 24.5000us:   1656     1203    
 24.6000us:   1203     1656    
 24.7000us:    632     1947    
 24.8000us:      0     2047    
 24.9000us:   -633     1947    
 25.0000us:  -1203     1656    
 25.1000us:  -1656     1203    
 25.2000us:  -1947      632    
 25.3000us:  -2047        0    
 25.4000us:  -1947     -633    
 25.5000us:  -1656    -1203    
 25.6000us:  -1203    -1656    
 25.7000us:   -632    -1947    
 25.8000us:      0    -2047    
 25.9000us:    633    -1947    
 26.0000us:   1204    -1655    
 26.1000us:   1656    -1203    
 26.2000us:   1947     -632    
 26.3000us:   2047        0    
 26.4000us:   1947      633    
 26.5000us:   1655     1204    
 26.6000us:   1203     1656    
 26.7000us:    632     1947    
 26.8000us:      0     2047    
 26.9000us:   -633     1947    
 27.0000us:  -1204     1655    
 27.1000us:  -1656     1203    
 27.2000us:  -1947      632    
 27.3000us:  -2047        0    
 27.4000us:  -1947     -633    
 27.5000us:  -1655    -1204    
 27.6000us:  -1203    -1656    
 27.7000us:   -632    -1947    
 27.8000us:      0    -2047    
 27.9000us:    633    -1947    
 28.0000us:   1204    -1655    
 28.1000us:   1656    -1203    
 28.2000us:   1947     -632    
 28.3000us:   2047        0    
 28.4000us:   1947      633    
 28.5000us:   1655     1204    
 28.6000us:   1203     1656    
 28.7000us:    632     1947    
 28.8000us:      0     2047    
 28.9000us:   -633     1947    
 29.0000us:  -1204     1655    
 29.1000us:  -1656     1203    
 29.2000us:  -1947      632    
 29.3000us:  -2047        0    
 29.4000us:  -1947     -633    
 29.5000us:  -1655    -1204    
 29.6000us:  -1203    -1656    
 29.7000us:   -632    -1947    
 29.8000us:      0    -2047    
 29.9000us:    633    -1947    
 30.0000us:   1204    -1655    
 30.1000us:   1656    -1203    
 30.2000us:   1947     -632    
 30.3000us:   2047        0    
 30.4000us:   1947      633    
 30.5000us:   1655     1204    
 30.6000us:   1203     1656    
 30.7000us:    632     1947    
 30.8000us:      0     2047    
 30.9000us:   -633     1947    
 31.0000us:  -1204     1655    
 31.1000us:  -1656     1203    
 31.2000us:  -1947      632    
 31.3000us:  -2047        0    
 31.4000us:  -1947     -633    
 31.5000us:  -1655    -1204    
 31.6000us:  -1203    -1656    
 31.7000us:   -632    -1947    
 31.8000us:      0    -2047    
 31.9000us:    633    -1947    
 32.0000us:   1204    -1655    
 32.1000us:   1656    -1203    
 32.2000us:   1947     -632    
 32.3000us:   2047        0    
 32.4000us:   1947      633    
 32.5000us:   1655     1204    
 32.6000us:   1203     1656    
 32.7000us:    632     1947    
 32.8000us:      0     2047    
 32.9000us:   -633     1947    
 33.0000us:  -1204     1655    
 33.1000us:  -1656     1203    
 33.2000us:  -1947      632    
 33.3000us:  -2047        0    
 33.4000us:  -1947     -633    
 33.5000us:  -1655    -1204    
 33.6000us:  -1203    -1656    
 33.7000us:   -632    -1947    
 33.8000us:      0    -2047    
 33.9000us:    633    -1947    
 34.0000us:   1204    -1655    
 34.1000us:   1656    -1203    
 34.2000us:   1947     -632    
 34.3000us:   2047        0    
 34.4000us:   1947      633    
 34.5000us:   1655     1204    
 34.6000us:   1203     1656    
 34.7000us:    632     1947    
 34.8000us:      0     2047    
 34.9000us:   -633     1947    
 35.0000us:  -1204     1655    
 35.1000us:  -1656     1203    
 35.2000us:  -1947      632    
 35.3000us:  -2047        0    
 35.4000us:  -1947     -633    
 35.5000us:  -1655    -1204    
 35.6000us:  -1203    -1656    
 35.7000us:   -632    -1947    
 35.8000us:      0    -2047    
 35.9000us:    633    -1947    
 36.0000us:   1204    -1655    
 36.1000us:   1656    -1203    
 36.2000us:   1947     -632    
 36.3000us:   2047        0    
 36.4000us:   1947      633    
 36.5000us:   1655     1204    
 36.6000us:   1203     1656    
 36.7000us:    632     1947    
 36.8000us:      0     2047    
 36.9000us:   -633     1947    
 37.0000us:  -1204     1655    
 37.1000us:  -1656     1203    
 37.2000us:  -1947      632    
 37.3000us:  -2047        0    
 37.4000us:  -1947     -633    
 37.5000us:  -1655    -1204    
 37.6000us:  -1203    -1656    
 37.7000us:   -632    -1947    
 37.8000us:      0    -2047    
 37.9000us:    633    -1947    
 38.0000us:   1204    -1655    
 38.1000us:   1656    -1203    
 38.2000us:   1947     -632    
 38.3000us:   2047        0    
 38.4000us:   1947      633    
 38.5000us:   1655     1204    
 38.6000us:   1203     1656    
 38.7000us:    632     1947    
 38.8000us:     -1     2047    
 38.9000us:   -633     1947    
 39.0000us:  -1204     1655    
 39.1000us:  -1656     1203    
 39.2000us:  -1947      632    
 39.3000us:  -2047       -1    
 39.4000us:  -1947     -633    
 39.5000us:  -1655    -1204    
 39.6000us:  -1203    -1656    
 39.7000us:   -632    -1947    
 39.8000us:      1    -2047    
 39.9000us:    633    -1947    
 40.0000us:   1204    -1655    
 40.1000us:   1656    -1203    
 40.2000us:   1947     -632    
 40.3000us:   2047        1    
 40.4000us:   1947      633    
 40.5000us:   1655     1204    
 40.6000us:   1203     1656    
 40.7000us:    632     1947    
 40.8000us:     -1     2047    
 40.9000us:   -633     1947    
 41.0000us:  -1204     1655    
 41.1000us:  -1656     1203    
 41.2000us:  -1947      632    
 41.3000us:  -2047       -1    
 41.4000us:  -1947     -633    
 41.5000us:  -1655    -1204    
 41.6000us:  -1203    -1656    
 41.7000us:   -632    -1947    
 41.8000us:      1    -2047    
 41.9000us:    633    -1947    
 42.0000us:   1204    -1655    
 42.1000us:   1656    -1203    
 42.2000us:   1947     -632    
 42.3000us:   2047        1    
 42.4000us:   1947      633    
 42.5000us:   1655     1204    
 42.6000us:   1203     1656    
 42.7000us:    632     1947    
 42.8000us:     -1     2047    
 42.9000us:   -633     1947    
 43.0000us:  -1204     1655    
 43.1000us:  -1656     1203    
 43.2000us:  -1947      632    
 43.3000us:  -2047       -1    
 43.4000us:  -1947     -633    
 43.5000us:  -1655    -1204    
 43.6000us:  -1203    -1656    
 43.7000us:   -632    -1947    
 43.8000us:      1    -2047    
 43.9000us:    633    -1947    
 44.0000us:   1204    -1655    
 44.1000us:   1656    -1203    
 44.2000us:   1947     -632    
 44.3000us:   2047        1    
 44.4000us:   1947      633    
 44.5000us:   1655     1204    
 44.6000us:   1203     1656    
 44.7000us:    632     1947    
 44.8000us:     -1     2047    
 44.9000us:   -633     1947    
 45.0000us:  -1204     1655    
 45.1000us:  -1656     1203    
 45.2000us:  -1947      631    
 45.3000us:  -2047       -1    
 45.4000us:  -1947     -633    
 45.5000us:  -1655    -1204    
 45.6000us:  -1203    -1656    
 45.7000us:   -631    -1947    
 45.8000us:      1    -2047    
 45.9000us:    633    -1947    
 46.0000us:   1204    -1655    
 46.1000us:   1656    -1203    
 46.2000us:   1947     -631    
 46.3000us:   2047        1    
 46.4000us:   1947      633    
 46.5000us:   1655     1204    
 46.6000us:   1203     1656    
 46.7000us:    631     1947    
 46.8000us:     -1     2047    
 46.9000us:   -633     1947    
 47.0000us:  -1204     1655    
 47.1000us:  -1656     1203    
 47.2000us:  -1947      631    
 47.3000us:  -2047       -1    
 47.4000us:  -1947     -633    
 47.5000us:  -1655    -1204    
 47.6000us:  -1203    -1656    
 47.7000us:   -631    -1947    
 47.8000us:      1    -2047    
 47.9000us:    633    -1947    
 48.0000us:   1204    -1655    
 48.1000us:   1656    -1203    
 48.2000us:   1947     -631    
 48.3000us:   2047        1    
 48.4000us:   1947      633    
 48.5000us:   1655     1204    
 48.6000us:   1203     1656    
 48.7000us:    631     1947    
 48.8000us:     -1     2047    
 48.9000us:   -633     1947    
 49.0000us:  -1204     1655    
 49.1000us:  -1656     1203    
 49.2000us:  -1947      631    
 49.3000us:  -2047       -1    
 49.4000us:  -1947     -633    
 49.5000us:  -1655    -1204    
 49.6000us:  -1203    -1656    
 49.7000us:   -631    -1947    
 49.8000us:      1    -2047    
 49.9000us:    633    -1947    
 50.0000us:   1204    -1655    
 50.1000us:   1656    -1203    
 50.2000us:   1947     -631    
 50.3000us:   2047        1    
 50.4000us:   1947      633    
 50.5000us:   1655     1204    
 50.6000us:   1203     1656    
 50.7000us:    631     1947    
 50.8000us:     -1     2047    
 50.9000us:   -633     1947    
 51.0000us:  -1204     1655    
 51.1000us:  -1656     1203    
 51.2000us:  -1947      631    
 51.3000us:  -2047       -1    
 51.4000us:  -1947     -633    
 51.5000us:  -1655    -1204    
 51.6000us:  -1202    -1657    
 51.7000us:   -631    -1947    
 51.8000us:      1    -2047    
 51.9000us:    633    -1947    
 52.0000us:   1204    -1655    
 52.1000us:   1657    -1202    
 52.2000us:   1947     -631    
 52.3000us:   2047        1    
 52.4000us:   1947      633    
 52.5000us:   1655     1204    
 52.6000us:   1202     1657    
 52.7000us:    631     1947    
 52.8000us:     -1     2047    
 52.9000us:   -633     1947    
 53.0000us:  -1204     1655    
 53.1000us:  -1657     1202    
 53.2000us:  -1947      631    
 53.3000us:  -2047       -1    
 53.4000us:  -1947     -633    
 53.5000us:  -1655    -1204    
 53.6000us:  -1202    -1657    
 53.7000us:   -631    -1947    
 53.8000us:      1    -2047    
 53.9000us:    633    -1947    
 54.0000us:   1204    -1655    
 54.1000us:   1657    -1202    
 54.2000us:   1947     -631    
 54.3000us:   2047        1    
 54.4000us:   1947      633    
 54.5000us:   1655     1204    
 54.6000us:   1202     1657    
 54.7000us:    631     1947    
 54.8000us:     -1     2047    
 54.9000us:   -633     1947    
 55.0000us:  -1204     1655    
 55.1000us:  -1657     1202    
 55.2000us:  -1947      631    
 55.3000us:  -2047       -1    
 55.4000us:  -1947     -633    
 55.5000us:  -1655    -1204    
 55.6000us:  -1202    -1657    
 55.7000us:   -631    -1947    
 55.8000us:      1    -2047    
 55.9000us:    633    -1947    
 56.0000us:   1204    -1655    
 56.1000us:   1657    -1202    
 56.2000us:   1947     -631    
 56.3000us:   2047        1    
 56.4000us:   1947      633    
 56.5000us:   1655     1204    
 56.6000us:   1202     1657    
 56.7000us:    631     1947    
 56.8000us:     -1     2047    
 56.9000us:   -633     1947    
 57.0000us:  -1204     1655    
 57.1000us:  -1657     1202    
 57.2000us:  -1947      631    
 57.3000us:  -2047       -1    
 57.4000us:  -1947     -633    
 57.5000us:  -1655    -1204    
 57.6000us:  -1202    -1657    
 57.7000us:   -631    -1947    
 57.8000us:      1    -2047    
 57.9000us:    633    -1947    
 58.0000us:   1205    -1655    
 58.1000us:   1657    -1202    
 58.2000us:   1947     -631    
 58.3000us:   2047        1    
 58.4000us:   1947      633    
 58.5000us:   1655     1205    
 58.6000us:   1202     1657    
 58.7000us:    631     1947    
 58.8000us:     -1     2047    
 58.9000us:   -633     1947    
 59.0000us:  -1205     1655    
 59.1000us:  -1657     1202    
 59.2000us:  -1947      631    
 59.3000us:  -2047       -1    
 59.4000us:  -1947     -633    
 59.5000us:  -1655    -1205    
 59.6000us:  -1202    -1657    
 59.7000us:   -631    -1947    
 59.8000us:      1    -2047    
 59.9000us:    633    -1947    
 60.0000us:   1205    -1655    
 60.1000us:   1657    -1202    
 60.2000us:   1947     -631    
 60.3000us:   2047        1    
 60.4000us:   1947      633    
 60.5000us:   1655     1205    
 60.6000us:   1202     1657    
 60.7000us:    631     1947    
 60.8000us:     -1     2047    
 60.9000us:   -633     1947    
 61.0000us:  -1205     1655    
 61.1000us:  -1657     1202    
 61.2000us:  -1947      631    
 61.3000us:  -2047       -1    
 61.4000us:  -1947     -633    
 61.5000us:  -1655    -1205    
 61.6000us:  -1202    -1657    
 61.7000us:   -631    -1947    
 61.8000us:      1    -2047    
 61.9000us:    633    -1947    
 62.0000us:   1205    -1655    
 62.1000us:   1657    -1202    
 62.2000us:   1947     -631    
 62.3000us:   2047        1    
 62.4000us:   1947      633    
 62.5000us:   1655     1205    
 62.6000us:   1202     1657    
 62.7000us:    631     1947    
 62.8000us:     -1     2047    
 62.9000us:   -633     1947    
 63.0000us:  -1205     1655    
 63.1000us:  -1657     1202    
 63.2000us:  -1947      631    
 63.3000us:  -2047       -1    
 63.4000us:  -1947     -633    
 63.5000us:  -1655    -1205    
 63.6000us:  -1202    -1657    
 63.7000us:   -631    -1947    
 63.8000us:      1    -2047    
 63.9000us:    633    -1947    
 64.0000us:   1205    -1655    
 64.1000us:   1657    -1202    
 64.2000us:   1947     -631    
 64.3000us:   2047        1    
 64.4000us:   1946      634    
 64.5000us:   1655     1205    
 64.6000us:   1202     1657    
 64.7000us:    631     1947    
 64.8000us:     -1     2047    
 64.9000us:   -634     1946    
 65.0000us:  -1205     1655    
 65.1000us:  -1657     1202    
 65.2000us:  -1947      631    
 65.3000us:  -2047       -1    
 65.4000us:  -1946     -634    
 65.5000us:  -1655    -1205    
 65.6000us:  -1202    -1657    
 65.7000us:   -631    -1947    
 65.8000us:      1    -2047    
 65.9000us:    634    -1946    
 66.0000us:   1205    -1655    
 66.1000us:   1657    -1202    
 66.2000us:   1947     -631    
 66.3000us:   2047        1    
 66.4000us:   1946      634    
 66.5000us:   1655     1205    
 66.6000us:   1202     1657    
 66.7000us:    631     1947    
 66.8000us:     -1     2047    
 66.9000us:   -634     1946    
 67.0000us:  -1205     1655    
 67.1000us:  -1657     1202    
 67.2000us:  -1947      631    
 67.3000us:  -2047       -1    
 67.4000us:  -1946     -634    
 67.5000us:  -1655    -1205    
 67.6000us:  -1202    -1657    
 67.7000us:   -631    -1947    
 67.8000us:      1    -2047    
 67.9000us:    634    -1946    
 68.0000us:   1205    -1655    
 68.1000us:   1657    -1202    
 68.2000us:   1947     -631    
 68.3000us:   2047        1    
 68.4000us:   1946      634    
 68.5000us:   1655     1205    
 68.6000us:   1202     1657    
 68.7000us:    631     1947    
 68.8000us:     -1     2047    
 68.9000us:   -634     1946    
 69.0000us:  -1205     1655    
 69.1000us:  -1657     1202    
 69.2000us:  -1947      631    
 69.3000us:  -2047       -1    
 69.4000us:  -1946     -634    
 69.5000us:  -1655    -1205    
 69.6000us:  -1202    -1657    
 69.7000us:   -631    -1947    
 69.8000us:      1    -2047    
 69.9000us:    634    -1946    
 70.0000us:   1205    -1655    
 70.1000us:   1657    -1202    
 70.2000us:   1947     -631    
 70.3000us:   2047        1    
 70.4000us:   1946      634    
 70.5000us:   1655     1205    
 70.6000us:   1202     1657    
 70.7000us:    631     1947    
 70.8000us:     -2     2047    
 70.9000us:   -634     1946    
 71.0000us:  -1205     1655    
 71.1000us:  -1657     1202    
 71.2000us:  -1947      631    
 71.3000us:  -2047       -2    
 71.4000us:  -1946     -634    
 71.5000us:  -1655    -1205    
 71.6000us:  -1202    -1657    
 71.7000us:   -631    -1947    
 71.8000us:      2    -2047    
 71.9000us:    634    -1946    
 72.0000us:   1205    -1655    
 72.1000us:   1657    -1202    
 72.2000us:   1947     -631    
 72.3000us:   2047        2    
 72.4000us:   1946      634    
 72.5000us:   1655     1205    
 72.6000us:   1202     1657    
 72.7000us:    631     1947    
 72.8000us:     -2     2047    
 72.9000us:   -634     1946    
 73.0000us:  -1205     1655    
 73.1000us:  -1657     1202    
 73.2000us:  -1947      631    
 73.3000us:  -2047       -2    
 73.4000us:  -1946     -634    
 73.5000us:  -1655    -1205    
 73.6000us:  -1202    -1657    
 73.7000us:   -631    -1947    
 73.8000us:      2    -2047    
 73.9000us:    634    -1946    
 74.0000us:   1205    -1655    
 74.1000us:   1657    -1202    
 74.2000us:   1947     -631    
 74.3000us:   2047        2    
 74.4000us:   1946      634    
 74.5000us:   1655     1205    
 74.6000us:   1202     1657    
 74.7000us:    631     1947    
 74.8000us:     -2     2047    
 74.9000us:   -634     1946    
 75.0000us:  -1205     1655    
 75.1000us:  -1657     1202    
 75.2000us:  -1947      631    
 75.3000us:  -2047       -2    
 75.4000us:  -1946     -634    
 75.5000us:  -1655    -1205    
 75.6000us:  -1202    -1657    
 75.7000us:   -631    -1947    
 75.8000us:      2    -2047    
 75.9000us:    634    -1946    
 76.0000us:   1205    -1655    
 76.1000us:   1657    -1202    
 76.2000us:   1947     -631    
 76.3000us:   2047        2    
 76.4000us:   1946      634    
 76.5000us:   1655     1205    
 76.6000us:   1202     1657    
 76.7000us:    631     1947    
 76.8000us:     -2     2047    
 76.9000us:   -634     1946    
 77.0000us:  -1205     1655    
 77.1000us:  -1657     1202    
 77.2000us:  -1948      631    
 77.3000us:  -2047       -2    
 77.4000us:  -1946     -634    
 77.5000us:  -1655    -1205    
 77.6000us:  -1202    -1657    
 77.7000us:   -631    -1948    
 77.8000us:      2    -2047    
 77.9000us:    634    -1946    
 78.0000us:   1205    -1655    
 78.1000us:   1657    -1202    
 78.2000us:   1948     -631    
 78.3000us:   2047        2    
 78.4000us:   1946      634    
 78.5000us:   1655     1205    
 78.6000us:   1202     1657    
 78.7000us:    631     1948    
 78.8000us:     -2     2047    
 78.9000us:   -634     1946    
 79.0000us:  -1205     1655    
 79.1000us:  -1657     1202    
 79.2000us:  -1948      631    
 79.3000us:  -2047       -2    
 79.4000us:  -1946     -634    
 79.5000us:  -1655    -1205    
 79.6000us:  -1202    -1657    
 79.7000us:   -631    -1948    
 79.8000us:      2    -2047    
 79.9000us:    634    -1946    
 80.0000us:   1205    -1655    
 80.1000us:   1657    -1202    
 80.2000us:   1948     -631    
 80.3000us:   2047        2    
 80.4000us:   1946      634    
 80.5000us:   1655     1205    
 80.6000us:   1202     1657    
 80.7000us:    631     1948    
 80.8000us:     -2     2047    
 80.9000us:   -634     1946    
 81.0000us:  -1205     1655    
 81.1000us:  -1657     1202    
 81.2000us:  -1948      631    
 81.3000us:  -2047       -2    
 81.4000us:  -1946     -634    
 81.5000us:  -1655    -1205    
 81.6000us:  -1202    -1657    
 81.7000us:   -631    -1948    
 81.8000us:      2    -2047    
 81.9000us:    634    -1946    
 82.0000us:   1205    -1655    
 82.1000us:   1657    -1202    
 82.2000us:   1948     -631    
 82.3000us:   2047        2    
 82.4000us:   1946      634    
 82.5000us:   1655     1205    
 82.6000us:   1202     1657    
 82.7000us:    631     1948    
 82.8000us:     -2     2047    
 82.9000us:   -634     1946    
 83.0000us:  -1205     1655    
 83.1000us:  -1657     1202    
 83.2000us:  -1948      631    
 83.3000us:  -2047       -2    
 83.4000us:  -1946     -634    
 83.5000us:  -1655    -1205    
 83.6000us:  -1201    -1657    
 83.7000us:   -631    -1948    
 83.8000us:      2    -2047    
 83.9000us:    634    -1946    
 84.0000us:   1205    -1655    
 84.1000us:   1657    -1201    
 84.2000us:   1948     -631    
 84.3000us:   2047        2    
 84.4000us:   1946      634    
 84.5000us:   1655     1205    
 84.6000us:   1201     1657    
 84.7000us:    631     1948    
 84.8000us:     -2     2047    
 84.9000us:   -634     1946    
 85.0000us:  -1205     1655    
 85.1000us:  -1657     1201    
 85.2000us:  -1948      631    
 85.3000us:  -2047       -2    
 85.4000us:  -1946     -634    
 85.5000us:  -1655    -1205    
 85.6000us:  -1201    -1657    
 85.7000us:   -631    -1948    
 85.8000us:      2    -2047    
 85.9000us:    634    -1946    
 86.0000us:   1205    -1655    
 86.1000us:   1657    -1201    
 86.2000us:   1948     -631    
 86.3000us:   2047        2    
 86.4000us:   1946      634    
 86.5000us:   1655     1205    
 86.6000us:   1201     1657    
 86.7000us:    631     1948    
 86.8000us:     -2     2047    
 86.9000us:   -634     1946    
 87.0000us:  -1205     1655    
 87.1000us:  -1657     1201    
 87.2000us:  -1948      631    
 87.3000us:  -2047       -2    
 87.4000us:  -1946     -634    
 87.5000us:  -1655    -1205    
 87.6000us:  -1201    -1657    
 87.7000us:   -631    -1948    
 87.8000us:      2    -2047    
 87.9000us:    634    -1946    
 88.0000us:   1205    -1655    
 88.1000us:   1657    -1201    
 88.2000us:   1948     -631    
 88.3000us:   2047        2    
 88.4000us:   1946      634    
 88.5000us:   1655     1205    
 88.6000us:   1201     1657    
 88.7000us:    631     1948    
 88.8000us:     -2     2047    
 88.9000us:   -634     1946    
 89.0000us:  -1205     1655    
 89.1000us:  -1657     1201    
 89.2000us:  -1948      631    
 89.3000us:  -2047       -2    
 89.4000us:  -1946     -634    
 89.5000us:  -1655    -1205    
 89.6000us:  -1201    -1657    
 89.7000us:   -631    -1948    
 89.8000us:      2    -2047    
 89.9000us:    634    -1946    
 90.0000us:   1205    -1654    
 90.1000us:   1657    -1201    
 90.2000us:   1948     -631    
 90.3000us:   2047        2    
 90.4000us:   1946      634    
 90.5000us:   1654     1205    
 90.6000us:   1201     1657    
 90.7000us:    631     1948    
 90.8000us:     -2     2047    
 90.9000us:   -634     1946    
 91.0000us:  -1205     1654    
 91.1000us:  -1657     1201    
 91.2000us:  -1948      631    
 91.3000us:  -2047       -2    
 91.4000us:  -1946     -634    
 91.5000us:  -1654    -1205    
 91.6000us:  -1201    -1657    
 91.7000us:   -631    -1948    
 91.8000us:      2    -2047    
 91.9000us:    634    -1946    
 92.0000us:   1205    -1654    
 92.1000us:   1657    -1201    
 92.2000us:   1948     -631    
 92.3000us:   2047        2    
 92.4000us:   1946      634    
 92.5000us:   1654     1205    
 92.6000us:   1201     1657    
 92.7000us:    631     1948    
 92.8000us:     -2     2047    
 92.9000us:   -634     1946    
 93.0000us:  -1205     1654    
 93.1000us:  -1657     1201    
 93.2000us:  -1948      631    
 93.3000us:  -2047       -2    
 93.4000us:  -1946     -634    
 93.5000us:  -1654    -1205    
 93.6000us:  -1201    -1657    
 93.7000us:   -631    -1948    
 93.8000us:      2    -2047    
 93.9000us:    634    -1946    
 94.0000us:   1205    -1654    
 94.1000us:   1657    -1201    
 94.2000us:   1948     -631    
 94.3000us:   2047        2    
 94.4000us:   1946      634    
 94.5000us:   1654     1205    
 94.6000us:   1201     1657    
 94.7000us:    631     1948    
 94.8000us:     -2     2047    
 94.9000us:   -634     1946    
 95.0000us:  -1205     1654    
 95.1000us:  -1657     1201    
 95.2000us:  -1948      631    
 95.3000us:  -2047       -2    
 95.4000us:  -1946     -634    
 95.5000us:  -1654    -1205    
 95.6000us:  -1201    -1657    
 95.7000us:   -631    -1948    
 95.8000us:      2    -2047    
 95.9000us:    634    -1946    
 96.0000us:   1205    -1654    
 96.1000us:   1657    -1201    
 96.2000us:   1948     -631    
 96.3000us:   2047        2    
 96.4000us:   1946      635    
 96.5000us:   1654     1205    
 96.6000us:   1201     1657    
 96.7000us:    631     1948    
 96.8000us:     -2     2047    
 96.9000us:   -635     1946    
 97.0000us:  -1205     1654    
 97.1000us:  -1657     1201    
 97.2000us:  -1948      631    
 97.3000us:  -2047       -2    
 97.4000us:  -1946     -635    
 97.5000us:  -1654    -1205    
 97.6000us:  -1201    -1657    
 97.7000us:   -631    -1948    
 97.8000us:      2    -2047    
 97.9000us:    635    -1946    
 98.0000us:   1205    -1654    
 98.1000us:   1657    -1201    
 98.2000us:   1948     -631    
 98.3000us:   2047        2    
 98.4000us:   1946      635    
 98.5000us:   1654     1205    
 98.6000us:   1201     1657    
 98.7000us:    631     1948    
 98.8000us:     -2     2047    
 98.9000us:   -635     1946    
 99.0000us:  -1205     1654    
 99.1000us:  -1657     1201    
 99.2000us:  -1948      631    
 99.3000us:  -2047       -2    
 99.4000us:  -1946     -635    
 99.5000us:  -1654    -1205    
 99.6000us:  -1201    -1657    
 99.7000us:   -631    -1948    
 99.8000us:      2    -2047    
 99.9000us:    635    -1946    
100.0000us:   1205    -1654    
100.1000us:   1657    -1201    
100.2000us:   1948     -631    
100.3000us:   2047        2    
100.4000us:   1946      635    
100.5000us:   1654     1205    
100.6000us:   1201     1657    
100.7000us:    631     1948    
100.8000us:     -2     2047    
100.9000us:   -635     1946    
101.0000us:  -1205     1654    
101.1000us:  -1657     1201    
101.2000us:  -1948      631    
101.3000us:  -2047       -2    
101.4000us:  -1946     -635    
101.5000us:  -1654    -1205    
101.6000us:  -1201    -1657    
101.7000us:   -631    -1948    
101.8000us:      2    -2047    
101.9000us:    635    -1946    
102.0000us:   1205    -1654    
102.1000us:   1657    -1201    
102.2000us:   1948     -631    
102.3000us:   2047        2    
102.4000us:   1946      635    
102.5000us:   1654     1205    
102.6000us:   1201     1657    
102.7000us:    631     1948    
102.8000us:     -3     2047    
102.9000us:   -635     1946    
103.0000us:  -1205     1654    
103.1000us:  -1657     1201    
103.2000us:  -1948      631    
103.3000us:  -2047       -3    
103.4000us:  -1946     -635    
103.5000us:  -1654    -1205    
103.6000us:  -1201    -1657    
103.7000us:   -631    -1948    
103.8000us:      3    -2047    
103.9000us:    635    -1946    
104.0000us:   1205    -1654    
104.1000us:   1657    -1201    
104.2000us:   1948     -631    
104.3000us:   2047        3    
104.4000us:   1946      635    
104.5000us:   1654     1205    
104.6000us:   1201     1657    
104.7000us:    631     1948    
104.8000us:     -3     2047    
104.9000us:   -635     1946    
105.0000us:  -1205     1654    
105.1000us:  -1657     1201    
105.2000us:  -1948      631    
105.3000us:  -2047       -3    
105.4000us:  -1946     -635    
105.5000us:  -1654    -1205    
105.6000us:  -1201    -1657    
105.7000us:   -631    -1948    
105.8000us:      3    -2047    
105.9000us:    635    -1946    
106.0000us:   1205    -1654    
106.1000us:   1657    -1201    
106.2000us:   1948     -631    
106.3000us:   2047        3    
106.4000us:   1946      635    
106.5000us:   1654     1205    
106.6000us:   1201     1657    
106.7000us:    631     1948    
106.8000us:     -3     2047    
106.9000us:   -635     1946    
107.0000us:  -1205     1654    
107.1000us:  -1657     1201    
107.2000us:  -1948      631    
107.3000us:  -2047       -3    
107.4000us:  -1946     -635    
107.5000us:  -1654    -1205    
107.6000us:  -1201    -1657    
107.7000us:   -631    -1948    
107.8000us:      3    -2047    
107.9000us:    635    -1946    
108.0000us:   1205    -1654    
108.1000us:   1657    -1201    
108.2000us:   1948     -631    
108.3000us:   2047        3    
108.4000us:   1946      635    
108.5000us:   1654     1205    
108.6000us:   1201     1657    
108.7000us:    631     1948    
108.8000us:     -3     2047    
108.9000us:   -635     1946    
109.0000us:  -1205     1654    
109.1000us:  -1657     1201    
109.2000us:  -1947      630    
109.3000us:  -2047       -3    
109.4000us:  -1946     -635    
109.5000us:  -1654    -1205    
109.6000us:  -1201    -1657    
109.7000us:   -630    -1947    
109.8000us:      3    -2047    
109.9000us:    635    -1946    
110.0000us:   1205    -1654    
110.1000us:   1657    -1201    
110.2000us:   1947     -630    
110.3000us:   2047        3    
110.4000us:   1946      635    
110.5000us:   1654     1205    
110.6000us:   1201     1657    
110.7000us:    630     1947    
110.8000us:     -3     2047    
110.9000us:   -635     1946    
111.0000us:  -1205     1654    
111.1000us:  -1657     1201    
111.2000us:  -1947      630    
111.3000us:  -2047       -3    
111.4000us:  -1946     -635    
111.5000us:  -1654    -1205    
111.6000us:  -1201    -1657    
111.7000us:   -630    -1947    
111.8000us:      3    -2047    
111.9000us:    635    -1946    
112.0000us:   1205    -1654    
112.1000us:   1657    -1201    
112.2000us:   1947     -630    
112.3000us:   2047        3    
112.4000us:   1946      635    
112.5000us:   1654     1205    
112.6000us:   1201     1657    
112.7000us:    630     1947    
112.8000us:     -3     2047    
112.9000us:   -635     1946    
113.0000us:  -1205     1654    
113.1000us:  -1657     1201    
113.2000us:  -1947      630    
113.3000us:  -2047       -3    
113.4000us:  -1946     -635    
113.5000us:  -1654    -1205    
113.6000us:  -1201    -1657    
113.7000us:   -630    -1947    
113.8000us:      3    -2047    
113.9000us:    635    -1946    
114.0000us:   1205    -1654    
114.1000us:   1657    -1201    
114.2000us:   1947     -630    
114.3000us:   2047        3    
114.4000us:   1946      635    
114.5000us:   1654     1205    
114.6000us:   1201     1657    
114.7000us:    630     1947    
114.8000us:     -3     2047    
114.9000us:   -635     1946    
115.0000us:  -1205     1654    
115.1000us:  -1657     1201    
115.2000us:  -1947      630    
115.3000us:  -2047       -3    
115.4000us:  -1946     -635    
115.5000us:  -1654    -1205    
115.6000us:  -1201    -1658    
115.7000us:   -630    -1947    
115.8000us:      3    -2047    
115.9000us:    635    -1946    
116.0000us:   1205    -1654    
116.1000us:   1658    -1201    
116.2000us:   1947     -630    
116.3000us:   2047        3    
116.4000us:   1946      635    
116.5000us:   1654     1205    
116.6000us:   1201     1658    
116.7000us:    630     1947    
116.8000us:     -3     2047    
116.9000us:   -635     1946    
117.0000us:  -1205     1654    
117.1000us:  -1658     1201    
117.2000us:  -1947      630    
117.3000us:  -2047       -3    
117.4000us:  -1946     -635    
117.5000us:  -1654    -1205    
117.6000us:  -1201    -1658    
117.7000us:   -630    -1947    
117.8000us:      3    -2047    
117.9000us:    635    -1946    
118.0000us:   1205    -1654    
118.1000us:   1658    -1201    
118.2000us:   1947     -630    
118.3000us:   2047        3    
118.4000us:   1946      635    
118.5000us:   1654     1205    
118.6000us:   1201     1658    
118.7000us:    630     1947    
118.8000us:     -3     2047    
118.9000us:   -635     1946    
119.0000us:  -1205     1654    
119.1000us:  -1658     1201    
119.2000us:  -1947      630    
119.3000us:  -2047       -3    
119.4000us:  -1946     -635    
119.5000us:  -1654    -1205    
119.6000us:  -1201    -1658    
119.7000us:   -630    -1947    
119.8000us:      3    -2047    
119.9000us:    635    -1946    
120.0000us:   1205    -1654    
120.1000us:   1658    -1201    
120.2000us:   1947     -630    
120.3000us:   2047        3    
120.4000us:   1946      635    
120.5000us:   1654     1205    
120.6000us:   1201     1658    
120.7000us:    630     1947    
120.8000us:     -3     2047    
120.9000us:   -635     1946    
121.0000us:  -1205     1654    
121.1000us:  -1658     1201    
121.2000us:  -1947      630    
121.3000us:  -2047       -3    
121.4000us:  -1946     -635    
121.5000us:  -1654    -1205    
121.6000us:  -1201    -1658    
121.7000us:   -630    -1947    
121.8000us:      3    -2047    
121.9000us:    635    -1946    
122.0000us:   1206    -1654    
122.1000us:   1658    -1201    
122.2000us:   1947     -630    
122.3000us:   2047        3    
122.4000us:   1946      635    
122.5000us:   1654     1206    
122.6000us:   1201     1658    
122.7000us:    630     1947    
122.8000us:     -3     2047    
122.9000us:   -635     1946    
123.0000us:  -1206     1654    
123.1000us:  -1658     1201    
123.2000us:  -1947      630    
123.3000us:  -2047       -3    
123.4000us:  -1946     -635    
123.5000us:  -1654    -1206    
123.6000us:  -1201    -1658    
123.7000us:   -630    -1947    
123.8000us:      3    -2047    
123.9000us:    635    -1946    
124.0000us:   1206    -1654    
124.1000us:   1658    -1201    
124.2000us:   1947     -630    
124.3000us:   2047        3    
124.4000us:   1946      635    
124.5000us:   1654     1206    
124.6000us:   1201     1658    
124.7000us:    630     1947    
124.8000us:     -3     2047    
124.9000us:   -635     1946    
125.0000us:  -1206     1654    
125.1000us:  -1658     1201    
125.2000us:  -1947      630    
125.3000us:  -2047       -3    
125.4000us:  -1946     -635    
125.5000us:  -1654    -1206    
125.6000us:  -1201    -1658    
125.7000us:   -630    -1947    
125.8000us:      3    -2047    
125.9000us:    635    -1946    
126.0000us:   1206    -1654    
126.1000us:   1658    -1201    
126.2000us:   1947     -630    
126.3000us:   2047        3    
126.4000us:   1946      635    
126.5000us:   1654     1206    
126.6000us:   1201     1658    
126.7000us:    630     1947    
126.8000us:     -3     2047    
126.9000us:   -635     1946    
127.0000us:  -1206     1654    
127.1000us:  -1658     1201    
127.2000us:  -1947      630    
127.3000us:  -2047       -3    
127.4000us:  -1946     -635    
127.5000us:  -1654    -1206    
127.6000us:  -1201    -1658    
127.7000us:   -630    -1947    
127.8000us:      3    -2047    
127.9000us:    635    -1946    
128.0000us:   1206    -1654    
128.1000us:   1658    -1201    
128.2000us:   1947     -630    
128.3000us:   2047        3    
128.4000us:   1946      636    
128.5000us:   1654     1206    
128.6000us:   1201     1658    
128.7000us:    630     1947    
128.8000us:     -3     2047    
128.9000us:   -636     1946    
129.0000us:  -1206     1654    
129.1000us:  -1658     1201    
129.2000us:  -1947      630    
129.3000us:  -2047       -3    
129.4000us:  -1946     -636    
129.5000us:  -1654    -1206    
129.6000us:  -1201    -1658    
129.7000us:   -630    -1947    
129.8000us:      3    -2047    
129.9000us:    636    -1946    
130.0000us:   1206    -1654    
130.1000us:   1658    -1201    
130.2000us:   1947     -630    
130.3000us:   2047        3    
130.4000us:   1946      636    
130.5000us:   1654     1206    
130.6000us:   1201     1658    
130.7000us:    630     1947    
130.8000us:     -3     2047    
130.9000us:   -636     1946    
131.0000us:  -1206     1654    
131.1000us:  -1658     1201    
131.2000us:  -1947      630    
131.3000us:  -2047       -3    
131.4000us:  -1946     -636    
131.5000us:  -1654    -1206    
131.6000us:  -1201    -1658    
131.7000us:   -630    -1947    
131.8000us:      3    -2047    
131.9000us:    636    -1946    
132.0000us:   1206    -1654    
132.1000us:   1658    -1201    
132.2000us:   1947     -630    
132.3000us:   2047        3    
132.4000us:   1946      636    
132.5000us:   1654     1206    
132.6000us:   1201     1658    
132.7000us:    630     1947    
132.8000us:     -3     2047    
132.9000us:   -636     1946    
133.0000us:  -1206     1654    
133.1000us:  -1658     1201    
133.2000us:  -1947      630    
133.3000us:  -2047       -3    
133.4000us:  -1946     -636    
133.5000us:  -1654    -1206    
133.6000us:  -1201    -1658    
133.7000us:   -630    -1947    
133.8000us:      3    -2047    
133.9000us:    636    -1946    
134.0000us:   1206    -1654    
134.1000us:   1658    -1201    
134.2000us:   1947     -630    
134.3000us:   2047        3    
134.4000us:   1946      636    
134.5000us:   1654     1206    
134.6000us:   1201     1658    
134.7000us:    630     1947    
134.8000us:     -4     2047    
134.9000us:   -636     1946    
135.0000us:  -1206     1654    
135.1000us:  -1658     1201    
135.2000us:  -1947      630    
135.3000us:  -2047       -4    
135.4000us:  -1946     -636    
135.5000us:  -1654    -1206    
135.6000us:  -1201    -1658    
135.7000us:   -630    -1947    
135.8000us:      4    -2047    
135.9000us:    636    -1946    
136.0000us:   1206    -1654    
136.1000us:   1658    -1201    
136.2000us:   1947     -630    
136.3000us:   2047        4    
136.4000us:   1946      636    
136.5000us:   1654     1206    
136.6000us:   1201     1658    
136.7000us:    630     1947    
136.8000us:     -4     2047    
136.9000us:   -636     1946    
137.0000us:  -1206     1654    
137.1000us:  -1658     1201    
137.2000us:  -1947      630    
137.3000us:  -2047       -4    
137.4000us:  -1946     -636    
137.5000us:  -1654    -1206    
137.6000us:  -1201    -1658    
137.7000us:   -630    -1947    
137.8000us:      4    -2047    
137.9000us:    636    -1946    
138.0000us:   1206    -1654    
138.1000us:   1658    -1201    
138.2000us:   1947     -630    
138.3000us:   2047        4    
138.4000us:   1946      636    
138.5000us:   1654     1206    
138.6000us:   1201     1658    
138.7000us:    630     1947    
138.8000us:     -4     2047    
138.9000us:   -636     1946    
139.0000us:  -1206     1654    
139.1000us:  -1658     1201    
139.2000us:  -1947      630    
139.3000us:  -2047       -4    
139.4000us:  -1946     -636    
139.5000us:  -1654    -1206    
139.6000us:  -1201    -1658    
139.7000us:   -630    -1947    
139.8000us:      4    -2047    
139.9000us:    636    -1946    
140.0000us:   1206    -1654    
140.1000us:   1658    -1201    
140.2000us:   1947     -630    
140.3000us:   2047        4    
140.4000us:   1946      636    
140.5000us:   1654     1206    
140.6000us:   1201     1658    
140.7000us:    630     1947    
140.8000us:     -4     2047    
140.9000us:   -636     1946    
141.0000us:  -1206     1654    
141.1000us:  -1658     1201    
141.2000us:  -1948      629    
141.3000us:  -2047       -4    
141.4000us:  -1946     -636    
141.5000us:  -1654    -1206    
141.6000us:  -1201    -1658    
141.7000us:   -629    -1948    
141.8000us:      4    -2047    
141.9000us:    636    -1946    
142.0000us:   1206    -1654    
142.1000us:   1658    -1201    
142.2000us:   1948     -629    
142.3000us:   2047        4    
142.4000us:   1946      636    
142.5000us:   1654     1206    
142.6000us:   1201     1658    
142.7000us:    629     1948    
142.8000us:     -4     2047    
142.9000us:   -636     1946    
143.0000us:  -1206     1654    
143.1000us:  -1658     1201    
143.2000us:  -1948      629    
143.3000us:  -2047       -4    
143.4000us:  -1946     -636    
143.5000us:  -1654    -1206    
143.6000us:  -1201    -1658    
143.7000us:   -629    -1948    
143.8000us:      4    -2047    
143.9000us:    636    -1946    
144.0000us:   1206    -1654    
144.1000us:   1658    -1201    
144.2000us:   1948     -629    
144.3000us:   2047        4    
144.4000us:   1946      636    
144.5000us:   1654     1206    
144.6000us:   1201     1658    
144.7000us:    629     1948    
144.8000us:     -4     2047    
144.9000us:   -636     1946    
145.0000us:  -1206     1654    
145.1000us:  -1658     1201    
145.2000us:  -1948      629    
145.3000us:  -2047       -4    
145.4000us:  -1946     -636    
145.5000us:  -1654    -1206    
145.6000us:  -1201    -1658    
145.7000us:   -629    -1948    
145.8000us:      4    -2047    
145.9000us:    636    -1946    
146.0000us:   1206    -1654    
146.1000us:   1658    -1201    
146.2000us:   1948     -629    
146.3000us:   2047        4    
146.4000us:   1946      636    
146.5000us:   1654     1206    
146.6000us:   1201     1658    
146.7000us:    629     1948    
146.8000us:     -4     2047    
146.9000us:   -636     1946    
147.0000us:  -1206     1654    
147.1000us:  -1658     1201    
147.2000us:  -1948      629    
147.3000us:  -2047       -4    
147.4000us:  -1946     -636    
147.5000us:  -1654    -1206    
147.6000us:  -1200    -1658    
147.7000us:   -629    -1948    
147.8000us:      4    -2047    
147.9000us:    636    -1946    
148.0000us:   1206    -1654    
148.1000us:   1658    -1200    
148.2000us:   1948     -629    
148.3000us:   2047        4    
148.4000us:   1946      636    
148.5000us:   1654     1206    
148.6000us:   1200     1658    
148.7000us:    629     1948    
148.8000us:     -4     2047    
148.9000us:   -636     1946    
149.0000us:  -1206     1654    
149.1000us:  -1658     1200    
149.2000us:  -1948      629    
149.3000us:  -2047       -4    
149.4000us:  -1946     -636    
149.5000us:  -1654    -1206    
149.6000us:  -1200    -1658    
149.7000us:   -629    -1948    
149.8000us:      4    -2047    
149.9000us:    636    -1946    
150.0000us:   1206    -1654    
150.1000us:   1658    -1200    
150.2000us:   1948     -629    
150.3000us:   2047        4    
150.4000us:   1946      636    
150.5000us:   1654     1206    
150.6000us:   1200     1658    
150.7000us:    629     1948    
150.8000us:     -4     2047    
150.9000us:   -636     1946    
151.0000us:  -1206     1654    
151.1000us:  -1658     1200    
151.2000us:  -1948      629    
151.3000us:  -2047       -4    
151.4000us:  -1946     -636    
151.5000us:  -1654    -1206    
151.6000us:  -1200    -1658    
151.7000us:   -629    -1948    
151.8000us:      4    -2047    
151.9000us:    636    -1946    
152.0000us:   1206    -1654    
152.1000us:   1658    -1200    
152.2000us:   1948     -629    
152.3000us:   2047        4    
152.4000us:   1946      636    
152.5000us:   1654     1206    
152.6000us:   1200     1658    
152.7000us:    629     1948    
152.8000us:     -4     2047    
152.9000us:   -636     1946    
153.0000us:  -1206     1654    
153.1000us:  -1658     1200    
153.2000us:  -1948      629    
153.3000us:  -2047       -4    
153.4000us:  -1946     -636    
153.5000us:  -1654    -1206    
153.6000us:  -1200    -1658    
153.7000us:   -629    -1948    
153.8000us:      4    -2047    
153.9000us:    636    -1946    
154.0000us:   1206    -1653    
154.1000us:   1658    -1200    
154.2000us:   1948     -629    
154.3000us:   2047        4    
154.4000us:   1946      636    
154.5000us:   1653     1206    
154.6000us:   1200     1658    
154.7000us:    629     1948    
154.8000us:     -4     2047    
154.9000us:   -636     1946    
155.0000us:  -1206     1653    
155.1000us:  -1658     1200    
155.2000us:  -1948      629    
155.3000us:  -2047       -4    
155.4000us:  -1946     -636    
155.5000us:  -1653    -1206    
155.6000us:  -1200    -1658    
155.7000us:   -629    -1948    
155.8000us:      4    -2047    
155.9000us:    636    -1946    
156.0000us:   1206    -1653    
156.1000us:   1658    -1200    
156.2000us:   1948     -629    
156.3000us:   2047        4    
156.4000us:   1946      636    
156.5000us:   1653     1206    
156.6000us:   1200     1658    
156.7000us:    629     1948    
156.8000us:     -4     2047    
156.9000us:   -636     1946    
157.0000us:  -1206     1653    
157.1000us:  -1658     1200    
157.2000us:  -1948      629    
157.3000us:  -2047       -4    
157.4000us:  -1946     -636    
157.5000us:  -1653    -1206    
157.6000us:  -1200    -1658    
157.7000us:   -629    -1948    
157.8000us:      4    -2047    
157.9000us:    636    -1946    
158.0000us:   1206    -1653    
158.1000us:   1658    -1200    
158.2000us:   1948     -629    
158.3000us:   2047        4    
158.4000us:   1946      636    
158.5000us:   1653     1206    
158.6000us:   1200     1658    
158.7000us:    629     1948    
158.8000us:     -4     2047    
158.9000us:   -636     1946    
159.0000us:  -1206     1653    
159.1000us:  -1658     1200    
159.2000us:  -1948      629    
159.3000us:  -2047       -4    
159.4000us:  -1946     -636    
159.5000us:  -1653    -1206    
159.6000us:  -1200    -1658    
159.7000us:   -629    -1948    
159.8000us:      4    -2047    
159.9000us:    636    -1946    
160.0000us:   1206    -1653    
160.1000us:   1658    -1200    
160.2000us:   1948     -629    
160.3000us:   2047        4    
160.4000us:   1946      636    
160.5000us:   1653     1206    
160.6000us:   1200     1658    
160.7000us:    629     1948    
160.8000us:     -4     2047    
160.9000us:   -636     1946    
161.0000us:  -1206     1653    
161.1000us:  -1658     1200    
161.2000us:  -1948      629    
161.3000us:  -2047       -4    
161.4000us:  -1946     -636    
161.5000us:  -1653    -1206    
161.6000us:  -1200    -1658    
161.7000us:   -629    -1948    
161.8000us:      4    -2047    
161.9000us:    636    -1946    
162.0000us:   1206    -1653    
162.1000us:   1658    -1200    
162.2000us:   1948     -629    
162.3000us:   2047        4    
162.4000us:   1946      636    
162.5000us:   1653     1206    
162.6000us:   1200     1658    
162.7000us:    629     1948    
162.8000us:     -4     2047    
162.9000us:   -636     1946    
163.0000us:  -1206     1653    
163.1000us:  -1658     1200    
163.2000us:  -1948      629    
163.3000us:  -2047       -4    
163.4000us:  -1946     -636    
163.5000us:  -1653    -1206    
163.6000us:  -1200    -1658    
163.7000us:   -629    -1948    
163.8000us:      4    -2047    
163.9000us:    636    -1946    
164.0000us:   1206    -1653    
164.1000us:   1658    -1200    
164.2000us:   1948     -629    
164.3000us:   2047        4    
164.4000us:   1946      636    
164.5000us:   1653     1206    
164.6000us:   1200     1658    
164.7000us:    629     1948    
164.8000us:     -4     2047    
164.9000us:   -636     1946    
165.0000us:  -1206     1653    
165.1000us:  -1658     1200    
165.2000us:  -1948      629    
165.3000us:  -2047       -4    
165.4000us:  -1946     -636    
165.5000us:  -1653    -1206    
165.6000us:  -1200    -1658    
165.7000us:   -629    -1948    
165.8000us:      4    -2047    
165.9000us:    636    -1946    
166.0000us:   1206    -1653    
166.1000us:   1658    -1200    
166.2000us:   1948     -629    
166.3000us:   2047        4    
166.4000us:   1946      636    
166.5000us:   1653     1206    
166.6000us:   1200     1658    
166.7000us:    629     1948    
166.8000us:     -4     2047    
166.9000us:   -636     1946    
167.0000us:  -1206     1653    
167.1000us:  -1658     1200    
167.2000us:  -1948      629    
167.3000us:  -2047       -4    
167.4000us:  -1946     -636    
167.5000us:  -1653    -1206    
167.6000us:  -1200    -1658    
167.7000us:   -629    -1948    
167.8000us:      4    -2047    
167.9000us:    636    -1946    
168.0000us:   1206    -1653    
168.1000us:   1658    -1200    
168.2000us:   1948     -629    
168.3000us:   2047        4    
168.4000us:   1946      636    
168.5000us:   1653     1206    
168.6000us:   1200     1658    
168.7000us:    629     1948    
168.8000us:     -4     2047    
168.9000us:   -636     1946    
169.0000us:  -1206     1653    
169.1000us:  -1658     1200    
169.2000us:  -1948      629    
169.3000us:  -2047       -4    
169.4000us:  -1946     -636    
169.5000us:  -1653    -1206    
169.6000us:  -1200    -1658    
169.7000us:   -629    -1948    
169.8000us:      4    -2047    
169.9000us:    636    -1946    
170.0000us:   1206    -1653    
170.1000us:   1658    -1200    
170.2000us:   1948     -629    
170.3000us:   2047        4    
170.4000us:   1946      636    
170.5000us:   1653     1206    
170.6000us:   1200     1658    
170.7000us:    629     1948    
170.8000us:     -4     2047    
170.9000us:   -636     1946    
171.0000us:  -1206     1653    
171.1000us:  -1658     1200    
171.2000us:  -1948      629    
171.3000us:  -2047       -4    
171.4000us:  -1946     -636    
171.5000us:  -1653    -1206    
171.6000us:  -1200    -1658    
171.7000us:   -629    -1948    
171.8000us:      4    -2047    
171.9000us:    636    -1946    
172.0000us:   1206    -1653    
172.1000us:   1658    -1200    
172.2000us:   1948     -629    
172.3000us:   2047        4    
172.4000us:   1946      636    
172.5000us:   1653     1206    
172.6000us:   1200     1658    
172.7000us:    629     1948    
172.8000us:     -4     2047    
172.9000us:   -636     1946    
173.0000us:  -1206     1653    
173.1000us:  -1658     1200    
173.2000us:  -1948      628    
173.3000us:  -2047       -4    
173.4000us:  -1946     -636    
173.5000us:  -1653    -1206    
173.6000us:  -1200    -1658    
173.7000us:   -628    -1948    
173.8000us:      4    -2047    
173.9000us:    636    -1946    
174.0000us:   1206    -1653    
174.1000us:   1658    -1200    
174.2000us:   1948     -628    
174.3000us:   2047        4    
174.4000us:   1946      636    
174.5000us:   1653     1206    
174.6000us:   1200     1658    
174.7000us:    628     1948    
174.8000us:     -4     2047    
174.9000us:   -636     1946    
175.0000us:  -1206     1653    
175.1000us:  -1658     1200    
175.2000us:  -1948      628    
175.3000us:  -2047       -4    
175.4000us:  -1946     -636    
175.5000us:  -1653    -1206    
175.6000us:  -1200    -1658    
175.7000us:   -628    -1948    
175.8000us:      4    -2047    
175.9000us:    636    -1946    
176.0000us:   1206    -1653    
176.1000us:   1658    -1200    
176.2000us:   1948     -628    
176.3000us:   2047        4    
176.4000us:   1946      636    
176.5000us:   1653     1206    
176.6000us:   1200     1658    
176.7000us:    628     1948    
176.8000us:     -4     2047    
176.9000us:   -636     1946    
177.0000us:  -1206     1653    
177.1000us:  -1658     1200    
177.2000us:  -1948      628    
177.3000us:  -2047       -4    
177.4000us:  -1946     -636    
177.5000us:  -1653    -1206    
177.6000us:  -1200    -1658    
177.7000us:   -628    -1948    
177.8000us:      4    -2047    
177.9000us:    636    -1946    
178.0000us:   1206    -1653    
178.1000us:   1658    -1200    
178.2000us:   1948     -628    
178.3000us:   2047        4    
178.4000us:   1946      636    
178.5000us:   1653     1206    
178.6000us:   1200     1658    
178.7000us:    628     1948    
178.8000us:     -4     2047    
178.9000us:   -636     1946    
179.0000us:  -1206     1653    
179.1000us:  -1658     1200    
179.2000us:  -1948      628    
179.3000us:  -2047       -4    
179.4000us:  -1946     -636    
179.5000us:  -1653    -1206    
179.6000us:  -1199    -1658    
179.7000us:   -628    -1948    
179.8000us:      4    -2047    
179.9000us:    636    -1946    
180.0000us:   1206    -1653    
180.1000us:   1658    -1199    
180.2000us:   1948     -628    
180.3000us:   2047        4    
180.4000us:   1946      636    
180.5000us:   1653     1206    
180.6000us:   1199     1658    
180.7000us:    628     1948    
180.8000us:     -4     2047    
180.9000us:   -636     1946    
181.0000us:  -1206     1653    
181.1000us:  -1658     1199    
181.2000us:  -1948      628    
181.3000us:  -2047       -4    
181.4000us:  -1946     -636    
181.5000us:  -1653    -1206    
181.6000us:  -1199    -1658    
181.7000us:   -628    -1948    
181.8000us:      4    -2047    
181.9000us:    636    -1946    
182.0000us:   1206    -1653    
182.1000us:   1658    -1199    
182.2000us:   1948     -628    
182.3000us:   2047        4    
182.4000us:   1946      636    
182.5000us:   1653     1206    
182.6000us:   1199     1658    
182.7000us:    628     1948    
182.8000us:     -4     2047    
182.9000us:   -636     1946    
183.0000us:  -1206     1653    
183.1000us:  -1658     1199    
183.2000us:  -1948      628    
183.3000us:  -2047       -4    
183.4000us:  -1946     -636    
183.5000us:  -1653    -1206    
183.6000us:  -1199    -1658    
183.7000us:   -628    -1948    
183.8000us:      4    -2047    
183.9000us:    636    -1946    
184.0000us:   1206    -1653    
184.1000us:   1658    -1199    
184.2000us:   1948     -628    
184.3000us:   2047        4    
184.4000us:   1946      636    
184.5000us:   1653     1206    
184.6000us:   1199     1658    
184.7000us:    628     1948    
184.8000us:     -4     2047    
184.9000us:   -636     1946    
185.0000us:  -1206     1653    
185.1000us:  -1658     1199    
185.2000us:  -1948      628    
185.3000us:  -2047       -4    
185.4000us:  -1946     -636    
185.5000us:  -1653    -1206    
185.6000us:  -1199    -1658    
185.7000us:   -628    -1948    
185.8000us:      4    -2047    
185.9000us:    636    -1946    
186.0000us:   1207    -1653    
186.1000us:   1658    -1199    
186.2000us:   1948     -628    
186.3000us:   2047        4    
186.4000us:   1946      636    
186.5000us:   1653     1207    
186.6000us:   1199     1658    
186.7000us:    628     1948    
186.8000us:     -4     2047    
186.9000us:   -636     1946    
187.0000us:  -1207     1653    
187.1000us:  -1658     1199    
187.2000us:  -1948      628    
187.3000us:  -2047       -4    
187.4000us:  -1946     -636    
187.5000us:  -1653    -1207    
187.6000us:  -1199    -1658    
187.7000us:   -628    -1948    
187.8000us:      4    -2047    
187.9000us:    636    -1946    
188.0000us:   1207    -1653    
188.1000us:   1658    -1199    
188.2000us:   1948     -628    
188.3000us:   2047        4    
188.4000us:   1946      636    
188.5000us:   1653     1207    
188.6000us:   1199     1658    
188.7000us:    628     1948    
188.8000us:     -4     2047    
188.9000us:   -636     1946    
189.0000us:  -1207     1653    
189.1000us:  -1658     1199    
189.2000us:  -1948      628    
189.3000us:  -2047       -4    
189.4000us:  -1946     -636    
189.5000us:  -1653    -1207    
189.6000us:  -1199    -1658    
189.7000us:   -628    -1948    
189.8000us:      4    -2047    
189.9000us:    636    -1946    
190.0000us:   1207    -1653    
190.1000us:   1658    -1199    
190.2000us:   1948     -628    
190.3000us:   2047        4    
190.4000us:   1946      636    
190.5000us:   1653     1207    
190.6000us:   1199     1658    
190.7000us:    628     1948    
190.8000us:     -4     2047    
190.9000us:   -636     1946    
191.0000us:  -1207     1653    
191.1000us:  -1658     1199    
191.2000us:  -1948      628    
191.3000us:  -2047       -4    
191.4000us:  -1946     -636    
191.5000us:  -1653    -1207    
191.6000us:  -1199    -1658    
191.7000us:   -628    -1948    
191.8000us:      4    -2047    
191.9000us:    636    -1946    
192.0000us:   1207    -1653    
192.1000us:   1658    -1199    
192.2000us:   1948     -628    
192.3000us:   2047        4    
192.4000us:   1945      637    
192.5000us:   1653     1207    
192.6000us:   1199     1658    
192.7000us:    628     1948    
192.8000us:     -4     2047    
192.9000us:   -637     1945    
193.0000us:  -1207     1653    
193.1000us:  -1658     1199    
193.2000us:  -1948      628    
193.3000us:  -2047       -4    
193.4000us:  -1945     -637    
193.5000us:  -1653    -1207    
193.6000us:  -1199    -1658    
193.7000us:   -628    -1948    
193.8000us:      4    -2047    
193.9000us:    637    -1945    
194.0000us:   1207    -1653    
194.1000us:   1658    -1199    
194.2000us:   1948     -628    
194.3000us:   2047        4    
194.4000us:   1945      637    
194.5000us:   1653     1207    
194.6000us:   1199     1658    
194.7000us:    628     1948    
194.8000us:     -4     2047    
194.9000us:   -637     1945    
195.0000us:  -1207     1653    
195.1000us:  -1658     1199    
195.2000us:  -1948      628    
195.3000us:  -2047       -4    
195.4000us:  -1945     -637    
195.5000us:  -1653    -1207    
195.6000us:  -1199    -1658    
195.7000us:   -628    -1948    
195.8000us:      4    -2047    
195.9000us:    637    -1945    
196.0000us:   1207    -1653    
196.1000us:   1658    -1199    
196.2000us:   1948     -628    
196.3000us:   2047        4    
196.4000us:   1945      637    
196.5000us:   1653     1207    
196.6000us:   1199     1658    
196.7000us:    628     1948    
196.8000us:     -4     2047    
196.9000us:   -637     1945    
197.0000us:  -1207     1653    
197.1000us:  -1658     1199    
197.2000us:  -1948      628    
197.3000us:  -2047       -4    
197.4000us:  -1945     -637    
197.5000us:  -1653    -1207    
197.6000us:  -1199    -1658    
197.7000us:   -628    -1948    
197.8000us:      4    -2047    
197.9000us:    637    -1945    
198.0000us:   1207    -1653    
198.1000us:   1658    -1199    
198.2000us:   1948     -628    
198.3000us:   2047        4    
198.4000us:   1945      637    
198.5000us:   1653     1207    
198.6000us:   1199     1658    
198.7000us:    628     1948    
198.8000us:     -5     2047    
198.9000us:   -637     1945    
199.0000us:  -1207     1653    
199.1000us:  -1658     1199    
199.2000us:  -1948      628    
199.3000us:  -2047       -5    
199.4000us:  -1945     -637    
199.5000us:  -1653    -1207    
199.6000us:  -1199    -1658    
199.7000us:   -628    -1948    
199.8000us:      5    -2047    
199.9000us:    637    -1945    
200.0000us:   1207    -1653    
200.1000us:   1658    -1199    
200.2000us:   1948     -628    
200.3000us:   2047        5    
200.4000us:   1945      637    
200.5000us:   1653     1207    
200.6000us:   1199     1658    
200.7000us:    628     1948    
200.8000us:     -5     2047    
200.9000us:   -637     1945    
201.0000us:  -1207     1653    
201.1000us:  -1658     1199    
201.2000us:  -1948      628    
201.3000us:  -2047       -5    
201.4000us:  -1945     -637    
201.5000us:  -1653    -1207    
201.6000us:  -1199    -1658    
201.7000us:   -628    -1948    
201.8000us:      5    -2047    
201.9000us:    637    -1945    
202.0000us:   1207    -1653    
202.1000us:   1658    -1199    
202.2000us:   1948     -628    
202.3000us:   2047        5    
202.4000us:   1945      637    
202.5000us:   1653     1207    
202.6000us:   1199     1658    
202.7000us:    628     1948    
202.8000us:     -5     2047    
202.9000us:   -637     1945    
203.0000us:  -1207     1653    
203.1000us:  -1658     1199    
203.2000us:  -1948      628    
203.3000us:  -2047       -5    
203.4000us:  -1945     -637    
203.5000us:  -1653    -1207    
203.6000us:  -1199    -1658    
203.7000us:   -628    -1948    
203.8000us:      5    -2047    
203.9000us:    637    -1945    
204.0000us:   1207    -1653    
204.1000us:   1658    -1199    
204.2000us:   1948     -628    
204.3000us:   2047        5    
204.4000us:   1945      637    
204.5000us:   1653     1207    
204.6000us:   1199     1658    
204.7000us:    628     1948    
204.8000us:     -5     2047    
204.9000us:   -637     1945    
205.0000us:  -1207     1653    
205.1000us:  -1658     1199    
205.2000us:  -1948      627    
205.3000us:  -2047       -5    
205.4000us:  -1945     -637    
205.5000us:  -1653    -1207    
205.6000us:  -1199    -1658    
205.7000us:   -627    -1948    
205.8000us:      5    -2047    
205.9000us:    637    -1945    
206.0000us:   1207    -1653    
206.1000us:   1658    -1199    
206.2000us:   1948     -627    
206.3000us:   2047        5    
206.4000us:   1945      637    
206.5000us:   1653     1207    
206.6000us:   1199     1658    
206.7000us:    627     1948    
206.8000us:     -5     2047    
206.9000us:   -637     1945    
207.0000us:  -1207     1653    
207.1000us:  -1658     1199    
207.2000us:  -1948      627    
207.3000us:  -2047       -5    
207.4000us:  -1945     -637    
207.5000us:  -1653    -1207    
207.6000us:  -1199    -1658    
207.7000us:   -627    -1948    
207.8000us:      5    -2047    
207.9000us:    637    -1945    
208.0000us:   1207    -1653    
208.1000us:   1658    -1199    
208.2000us:   1948     -627    
208.3000us:   2047        5    
208.4000us:   1945      637    
208.5000us:   1653     1207    
208.6000us:   1199     1658    
208.7000us:    627     1948    
208.8000us:     -5     2047    
208.9000us:   -637     1945    
209.0000us:  -1207     1653    
209.1000us:  -1658     1199    
209.2000us:  -1948      627    
209.3000us:  -2047       -5    
209.4000us:  -1945     -637    
209.5000us:  -1653    -1207    
209.6000us:  -1199    -1658    
209.7000us:   -627    -1948    
209.8000us:      5    -2047    
209.9000us:    637    -1945    
210.0000us:   1207    -1653    
210.1000us:   1658    -1199    
210.2000us:   1948     -627    
210.3000us:   2047        5    
210.4000us:   1945      637    
210.5000us:   1653     1207    
210.6000us:   1199     1658    
210.7000us:    627     1948    
210.8000us:     -5     2047    
210.9000us:   -637     1945    
211.0000us:  -1207     1653    
211.1000us:  -1658     1199    
211.2000us:  -1948      627    
211.3000us:  -2047       -5    
211.4000us:  -1945     -637    
211.5000us:  -1653    -1207    
211.6000us:  -1198    -1659    
211.7000us:   -627    -1948    
211.8000us:      5    -2047    
211.9000us:    637    -1945    
212.0000us:   1207    -1653    
212.1000us:   1659    -1198    
212.2000us:   1948     -627    
212.3000us:   2047        5    
212.4000us:   1945      637    
212.5000us:   1653     1207    
212.6000us:   1198     1659    
212.7000us:    627     1948    
212.8000us:     -5     2047    
212.9000us:   -637     1945    
213.0000us:  -1207     1653    
213.1000us:  -1659     1198    
213.2000us:  -1948      627    
213.3000us:  -2047       -5    
213.4000us:  -1945     -637    
213.5000us:  -1653    -1207    
213.6000us:  -1198    -1659    
213.7000us:   -627    -1948    
213.8000us:      5    -2047    
213.9000us:    637    -1945    
214.0000us:   1207    -1653    
214.1000us:   1659    -1198    
214.2000us:   1948     -627    
214.3000us:   2047        5    
214.4000us:   1945      637    
214.5000us:   1653     1207    
214.6000us:   1198     1659    
214.7000us:    627     1948    
214.8000us:     -5     2047    
214.9000us:   -637     1945    
215.0000us:  -1207     1653    
215.1000us:  -1659     1198    
215.2000us:  -1948      627    
215.3000us:  -2047       -5    
215.4000us:  -1945     -637    
215.5000us:  -1653    -1207    
215.6000us:  -1198    -1659    
215.7000us:   -627    -1948    
215.8000us:      5    -2047    
215.9000us:    637    -1945    
216.0000us:   1207    -1653    
216.1000us:   1659    -1198    
216.2000us:   1948     -627    
216.3000us:   2047        5    
216.4000us:   1945      637    
216.5000us:   1653     1207    
216.6000us:   1198     1659    
216.7000us:    627     1948    
216.8000us:     -5     2047    
216.9000us:   -637     1945    
217.0000us:  -1207     1653    
217.1000us:  -1659     1198    
217.2000us:  -1948      627    
217.3000us:  -2047       -5    
217.4000us:  -1945     -637    
217.5000us:  -1653    -1207    
217.6000us:  -1198    -1659    
217.7000us:   -627    -1948    
217.8000us:      5    -2047    
217.9000us:    637    -1945    
218.0000us:   1208    -1652    
218.1000us:   1659    -1198    
218.2000us:   1948     -627    
218.3000us:   2047        5    
218.4000us:   1945      637    
218.5000us:   1652     1208    
218.6000us:   1198     1659    
218.7000us:    627     1948    
218.8000us:     -5     2047    
218.9000us:   -637     1945    
219.0000us:  -1208     1652    
219.1000us:  -1659     1198    
219.2000us:  -1948      627    
219.3000us:  -2047       -5    
219.4000us:  -1945     -637    
219.5000us:  -1652    -1208    
219.6000us:  -1198    -1659    
219.7000us:   -627    -1948    
219.8000us:      5    -2047    
219.9000us:    637    -1945    
220.0000us:   1208    -1652    
220.1000us:   1659    -1198    
220.2000us:   1948     -627    
220.3000us:   2047        5    
220.4000us:   1945      637    
220.5000us:   1652     1208    
220.6000us:   1198     1659    
220.7000us:    627     1948    
220.8000us:     -5     2047    
220.9000us:   -637     1945    
221.0000us:  -1208     1652    
221.1000us:  -1659     1198    
221.2000us:  -1948      627    
221.3000us:  -2047       -5    
221.4000us:  -1945     -637    
221.5000us:  -1652    -1208    
221.6000us:  -1198    -1659    
221.7000us:   -627    -1948    
221.8000us:      5    -2047    
221.9000us:    637    -1945    
222.0000us:   1208    -1652    
222.1000us:   1659    -1198    
222.2000us:   1948     -627    
222.3000us:   2047        5    
222.4000us:   1945      637    
222.5000us:   1652     1208    
222.6000us:   1198     1659    
222.7000us:    627     1948    
222.8000us:     -5     2047    
222.9000us:   -637     1945    
223.0000us:  -1208     1652    
223.1000us:  -1659     1198    
223.2000us:  -1948      627    
223.3000us:  -2047       -5    
223.4000us:  -1945     -637    
223.5000us:  -1652    -1208    
223.6000us:  -1198    -1659    
223.7000us:   -627    -1948    
223.8000us:      5    -2047    
223.9000us:    637    -1945    
224.0000us:   1208    -1652    
224.1000us:   1659    -1198    
224.2000us:   1948     -627    
224.3000us:   2047        5    
224.4000us:   1945      638    
224.5000us:   1652     1208    
224.6000us:   1198     1659    
224.7000us:    627     1948    
224.8000us:     -5     2047    
224.9000us:   -638     1945    
225.0000us:  -1208     1652    
225.1000us:  -1659     1198    
225.2000us:  -1948      627    
225.3000us:  -2047       -5    
225.4000us:  -1945     -638    
225.5000us:  -1652    -1208    
225.6000us:  -1198    -1659    
225.7000us:   -627    -1948    
225.8000us:      5    -2047    
225.9000us:    638    -1945    
226.0000us:   1208    -1652    
226.1000us:   1659    -1198    
226.2000us:   1948     -627    
226.3000us:   2047        5    
226.4000us:   1945      638    
226.5000us:   1652     1208    
226.6000us:   1198     1659    
226.7000us:    627     1948    
226.8000us:     -5     2047    
226.9000us:   -638     1945    
227.0000us:  -1208     1652    
227.1000us:  -1659     1198    
227.2000us:  -1948      627    
227.3000us:  -2047       -5    
227.4000us:  -1945     -638    
227.5000us:  -1652    -1208    
227.6000us:  -1198    -1659    
227.7000us:   -627    -1948    
227.8000us:      5    -2047    
227.9000us:    638    -1945    
228.0000us:   1208    -1652    
228.1000us:   1659    -1198    
228.2000us:   1948     -627    
228.3000us:   2047        5    
228.4000us:   1945      638    
228.5000us:   1652     1208    
228.6000us:   1198     1659    
228.7000us:    627     1948    
228.8000us:     -5     2047    
228.9000us:   -638     1945    
229.0000us:  -1208     1652    
229.1000us:  -1659     1198    
229.2000us:  -1948      627    
229.3000us:  -2047       -5    
229.4000us:  -1945     -638    
229.5000us:  -1652    -1208    
229.6000us:  -1198    -1659    
229.7000us:   -627    -1948    
229.8000us:      5    -2047    
229.9000us:    638    -1945    
230.0000us:   1208    -1652    
230.1000us:   1659    -1198    
230.2000us:   1948     -627    
230.3000us:   2047        5    
230.4000us:   1945      638    
230.5000us:   1652     1208    
230.6000us:   1198     1659    
230.7000us:    627     1948    
230.8000us:     -6     2047    
230.9000us:   -638     1945    
231.0000us:  -1208     1652    
231.1000us:  -1659     1198    
231.2000us:  -1948      627    
231.3000us:  -2047       -6    
231.4000us:  -1945     -638    
231.5000us:  -1652    -1208    
231.6000us:  -1198    -1659    
231.7000us:   -627    -1948    
231.8000us:      6    -2047    
231.9000us:    638    -1945    
232.0000us:   1208    -1652    
232.1000us:   1659    -1198    
232.2000us:   1948     -627    
232.3000us:   2047        6    
232.4000us:   1945      638    
232.5000us:   1652     1208    
232.6000us:   1198     1659    
232.7000us:    627     1948    
232.8000us:     -6     2047    
232.9000us:   -638     1945    
233.0000us:  -1208     1652    
233.1000us:  -1659     1198    
233.2000us:  -1948      627    
233.3000us:  -2047       -6    
233.4000us:  -1945     -638    
233.5000us:  -1652    -1208    
233.6000us:  -1198    -1659    
233.7000us:   -627    -1948    
233.8000us:      6    -2047    
233.9000us:    638    -1945    
234.0000us:   1208    -1652    
234.1000us:   1659    -1198    
234.2000us:   1948     -627    
234.3000us:   2047        6    
234.4000us:   1945      638    
234.5000us:   1652     1208    
234.6000us:   1198     1659    
234.7000us:    627     1948    
234.8000us:     -6     2047    
234.9000us:   -638     1945    
235.0000us:  -1208     1652    
235.1000us:  -1659     1198    
235.2000us:  -1948      627    
235.3000us:  -2047       -6    
235.4000us:  -1945     -638    
235.5000us:  -1652    -1208    
235.6000us:  -1198    -1659    
235.7000us:   -627    -1948    
235.8000us:      6    -2047    
235.9000us:    638    -1945    
236.0000us:   1208    -1652    
236.1000us:   1659    -1198    
236.2000us:   1948     -627    
236.3000us:   2047        6    
236.4000us:   1945      638    
236.5000us:   1652     1208    
236.6000us:   1198     1659    
236.7000us:    627     1948    
236.8000us:     -6     2047    
236.9000us:   -638     1945    
237.0000us:  -1208     1652    
237.1000us:  -1659     1198    
237.2000us:  -1949      627    
237.3000us:  -2047       -6    
237.4000us:  -1945     -638    
237.5000us:  -1652    -1208    
237.6000us:  -1198    -1659    
237.7000us:   -627    -1949    
237.8000us:      6    -2047    
237.9000us:    638    -1945    
238.0000us:   1208    -1652    
238.1000us:   1659    -1198    
238.2000us:   1949     -627    
238.3000us:   2047        6    
238.4000us:   1945      638    
238.5000us:   1652     1208    
238.6000us:   1198     1659    
238.7000us:    627     1949    
238.8000us:     -6     2047    
238.9000us:   -638     1945    
239.0000us:  -1208     1652    
239.1000us:  -1659     1198    
239.2000us:  -1949      627    
239.3000us:  -2047       -6    
239.4000us:  -1945     -638    
239.5000us:  -1652    -1208    
239.6000us:  -1198    -1659    
239.7000us:   -627    -1949    
239.8000us:      6    -2047    
239.9000us:    638    -1945    
240.0000us:   1208    -1652    
240.1000us:   1659    -1198    
240.2000us:   1949     -627    
240.3000us:   2047        6    
240.4000us:   1945      638    
240.5000us:   1652     1208    
240.6000us:   1198     1659    
240.7000us:    627     1949    
240.8000us:     -6     2047    
240.9000us:   -638     1945    
241.0000us:  -1208     1652    
241.1000us:  -1659     1198    
241.2000us:  -1949      627    
241.3000us:  -2047       -6    
241.4000us:  -1945     -638    
241.5000us:  -1652    -1208    
241.6000us:  -1198    -1659    
241.7000us:   -627    -1949    
241.8000us:      6    -2047    
241.9000us:    638    -1945    
242.0000us:   1208    -1652    
242.1000us:   1659    -1198    
242.2000us:   1949     -627    
242.3000us:   2047        6    
242.4000us:   1945      638    
242.5000us:   1652     1208    
242.6000us:   1198     1659    
242.7000us:    627     1949    
242.8000us:     -6     2047    
242.9000us:   -638     1945    
243.0000us:  -1208     1652    
243.1000us:  -1659     1198    
243.2000us:  -1949      627    
243.3000us:  -2047       -6    
243.4000us:  -1945     -638    
243.5000us:  -1652    -1208    
243.6000us:  -1197    -1660    
243.7000us:   -627    -1949    
243.8000us:      6    -2047    
243.9000us:    638    -1945    
244.0000us:   1208    -1652    
244.1000us:   1660    -1197    
244.2000us:   1949     -627    
244.3000us:   2047        6    
244.4000us:   1945      638    
244.5000us:   1652     1208    
244.6000us:   1197     1660    
244.7000us:    627     1949    
244.8000us:     -6     2047    
244.9000us:   -638     1945    
245.0000us:  -1208     1652    
245.1000us:  -1660     1197    
245.2000us:  -1949      627    
245.3000us:  -2047       -6    
245.4000us:  -1945     -638    
245.5000us:  -1652    -1208    
245.6000us:  -1197    -1660    
245.7000us:   -627    -1949    
245.8000us:      6    -2047    
245.9000us:    638    -1945    
246.0000us:   1208    -1652    
246.1000us:   1660    -1197    
246.2000us:   1949     -627    
246.3000us:   2047        6    
246.4000us:   1945      638    
246.5000us:   1652     1208    
246.6000us:   1197     1660    
246.7000us:    627     1949    
246.8000us:     -6     2047    
246.9000us:   -638     1945    
247.0000us:  -1208     1652    
247.1000us:  -1660     1197    
247.2000us:  -1949      627    
247.3000us:  -2047       -6    
247.4000us:  -1945     -638    
247.5000us:  -1652    -1208    
247.6000us:  -1197    -1660    
247.7000us:   -627    -1949    
247.8000us:      6    -2047    
247.9000us:    638    -1945    
248.0000us:   1208    -1652    
248.1000us:   1660    -1197    
248.2000us:   1949     -627    
248.3000us:   2047        6    
248.4000us:   1945      638    
248.5000us:   1652     1208    
248.6000us:   1197     1660    
248.7000us:    627     1949    
248.8000us:     -6     2047    
248.9000us:   -638     1945    
249.0000us:  -1208     1652    
249.1000us:  -1660     1197    
249.2000us:  -1949      627    
249.3000us:  -2047       -6    
249.4000us:  -1945     -638    
249.5000us:  -1652    -1208    
249.6000us:  -1197    -1660    
249.7000us:   -627    -1949    
249.8000us:      6    -2047    
249.9000us:    638    -1945    
250.0000us:   1208    -1652    
250.1000us:   1660    -1197    
250.2000us:   1949     -627    
250.3000us:   2047        6    
250.4000us:   1945      638    
250.5000us:   1652     1208    
250.6000us:   1197     1660    
250.7000us:    627     1949    
250.8000us:     -6     2047    
250.9000us:   -638     1945    
251.0000us:  -1208     1652    
251.1000us:  -1660     1197    
251.2000us:  -1949      627    
251.3000us:  -2047       -6    
251.4000us:  -1945     -638    
251.5000us:  -1652    -1208    
251.6000us:  -1197    -1660    
251.7000us:   -627    -1949    
251.8000us:      6    -2047    
251.9000us:    638    -1945    
252.0000us:   1208    -1652    
252.1000us:   1660    -1197    
252.2000us:   1949     -627    
252.3000us:   2047        6    
252.4000us:   1945      638    
252.5000us:   1652     1208    
252.6000us:   1197     1660    
252.7000us:    627     1949    
252.8000us:     -6     2047    
252.9000us:   -638     1945    
253.0000us:  -1208     1652    
253.1000us:  -1660     1197    
253.2000us:  -1949      627    
253.3000us:  -2047       -6    
253.4000us:  -1945     -638    
253.5000us:  -1652    -1208    
253.6000us:  -1197    -1660    
253.7000us:   -627    -1949    
253.8000us:      6    -2047    
253.9000us:    638    -1945    
254.0000us:   1208    -1652    
254.1000us:   1660    -1197    
254.2000us:   1949     -627    
254.3000us:   2047        6    
254.4000us:   1945      638    
254.5000us:   1652     1208    
254.6000us:   1197     1660    
254.7000us:    627     1949    
254.8000us:     -6     2047    
254.9000us:   -638     1945    
255.0000us:  -1208     1652    
255.1000us:  -1660     1197    
255.2000us:  -1949      627    
255.3000us:  -2047       -6    
255.4000us:  -1945     -638    
255.5000us:  -1652    -1208    
255.6000us:  -1197    -1660    
255.7000us:   -627    -1949    
255.8000us:      6    -2047    
255.9000us:    638    -1945    
256.0000us:   1208    -1652    
256.1000us:   1660    -1197    
256.2000us:   1949     -627    
256.3000us:   2047        6    
256.4000us:   1945      639    
256.5000us:   1652     1208    
256.6000us:   1197     1660    
256.7000us:    627     1949    
256.8000us:     -6     2047    
256.9000us:   -639     1945    
257.0000us:  -1208     1652    
257.1000us:  -1660     1197    
257.2000us:  -1949      627    
257.3000us:  -2047       -6    
257.4000us:  -1945     -639    
257.5000us:  -1652    -1208    
257.6000us:  -1197    -1660    
257.7000us:   -627    -1949    
257.8000us:      6    -2047    
257.9000us:    639    -1945    
258.0000us:   1208    -1652    
258.1000us:   1660    -1197    
258.2000us:   1949     -627    
258.3000us:   2047        6    
258.4000us:   1945      639    
258.5000us:   1652     1208    
258.6000us:   1197     1660    
258.7000us:    627     1949    
258.8000us:     -6     2047    
258.9000us:   -639     1945    
259.0000us:  -1208     1652    
259.1000us:  -1660     1197    
259.2000us:  -1949      627    
259.3000us:  -2047       -6    
259.4000us:  -1945     -639    
259.5000us:  -1652    -1208    
259.6000us:  -1197    -1660    
259.7000us:   -627    -1949    
259.8000us:      6    -2047    
259.9000us:    639    -1945    
260.0000us:   1208    -1652    
260.1000us:   1660    -1197    
260.2000us:   1949     -627    
260.3000us:   2047        6    
260.4000us:   1945      639    
260.5000us:   1652     1208    
260.6000us:   1197     1660    
260.7000us:    627     1949    
260.8000us:     -6     2047    
260.9000us:   -639     1945    
261.0000us:  -1208     1652    
261.1000us:  -1660     1197    
261.2000us:  -1949      627    
261.3000us:  -2047       -6    
261.4000us:  -1945     -639    
261.5000us:  -1652    -1208    
261.6000us:  -1197    -1660    
261.7000us:   -627    -1949    
261.8000us:      6    -2047    
261.9000us:    639    -1945    
262.0000us:   1208    -1652    
262.1000us:   1660    -1197    
262.2000us:   1949     -627    
262.3000us:   2047        6    
262.4000us:   1945      639    
262.5000us:   1652     1208    
262.6000us:   1197     1660    
262.7000us:    627     1949    
262.8000us:     -7     2047    
262.9000us:   -639     1945    
263.0000us:  -1208     1652    
263.1000us:  -1660     1197    
263.2000us:  -1949      627    
263.3000us:  -2047       -7    
263.4000us:  -1945     -639    
263.5000us:  -1652    -1208    
263.6000us:  -1197    -1660    
263.7000us:   -627    -1949    
263.8000us:      7    -2047    
263.9000us:    639    -1945    
264.0000us:   1208    -1652    
264.1000us:   1660    -1197    
264.2000us:   1949     -627    
264.3000us:   2047        7    
264.4000us:   1945      639    
264.5000us:   1652     1208    
264.6000us:   1197     1660    
264.7000us:    627     1949    
264.8000us:     -7     2047    
264.9000us:   -639     1945    
265.0000us:  -1208     1652    
265.1000us:  -1660     1197    
265.2000us:  -1949      627    
265.3000us:  -2047       -7    
265.4000us:  -1945     -639    
265.5000us:  -1652    -1208    
265.6000us:  -1197    -1660    
265.7000us:   -627    -1949    
265.8000us:      7    -2047    
265.9000us:    639    -1945    
266.0000us:   1208    -1652    
266.1000us:   1660    -1197    
266.2000us:   1949     -627    
266.3000us:   2047        7    
266.4000us:   1945      639    
266.5000us:   1652     1208    
266.6000us:   1197     1660    
266.7000us:    627     1949    
266.8000us:     -7     2047    
266.9000us:   -639     1945    
267.0000us:  -1208     1652    
267.1000us:  -1660     1197    
267.2000us:  -1949      627    
267.3000us:  -2047       -7    
267.4000us:  -1945     -639    
267.5000us:  -1652    -1208    
267.6000us:  -1197    -1660    
267.7000us:   -627    -1949    
267.8000us:      7    -2047    
267.9000us:    639    -1945    
268.0000us:   1208    -1652    
268.1000us:   1660    -1197    
268.2000us:   1949     -627    
268.3000us:   2047        7    
268.4000us:   1945      639    
268.5000us:   1652     1208    
268.6000us:   1197     1660    
268.7000us:    627     1949    
268.8000us:     -7     2047    
268.9000us:   -639     1945    
269.0000us:  -1208     1652    
269.1000us:  -1660     1197    
269.2000us:  -1949      626    
269.3000us:  -2047       -7    
269.4000us:  -1945     -639    
269.5000us:  -1652    -1208    
269.6000us:  -1197    -1660    
269.7000us:   -626    -1949    
269.8000us:      7    -2047    
269.9000us:    639    -1945    
270.0000us:   1208    -1652    
270.1000us:   1660    -1197    
270.2000us:   1949     -626    
270.3000us:   2047        7    
270.4000us:   1945      639    
270.5000us:   1652     1208    
270.6000us:   1197     1660    
270.7000us:    626     1949    
270.8000us:     -7     2047    
270.9000us:   -639     1945    
271.0000us:  -1208     1652    
271.1000us:  -1660     1197    
271.2000us:  -1949      626    
271.3000us:  -2047       -7    
271.4000us:  -1945     -639    
271.5000us:  -1652    -1208    
271.6000us:  -1197    -1660    
271.7000us:   -626    -1949    
271.8000us:      7    -2047    
271.9000us:    639    -1945    
272.0000us:   1208    -1652    
272.1000us:   1660    -1197    
272.2000us:   1949     -626    
272.3000us:   2047        7    
272.4000us:   1945      639    
272.5000us:   1652     1208    
272.6000us:   1197     1660    
272.7000us:    626     1949    
272.8000us:     -7     2047    
272.9000us:   -639     1945    
273.0000us:  -1208     1652    
273.1000us:  -1660     1197    
273.2000us:  -1949      626    
273.3000us:  -2047       -7    
273.4000us:  -1945     -639    
273.5000us:  -1652    -1208    
273.6000us:  -1197    -1660    
273.7000us:   -626    -1949    
273.8000us:      7    -2047    
273.9000us:    639    -1945    
274.0000us:   1208    -1652    
274.1000us:   1660    -1197    
274.2000us:   1949     -626    
274.3000us:   2047        7    
274.4000us:   1945      639    
274.5000us:   1652     1208    
274.6000us:   1197     1660    
274.7000us:    626     1949    
274.8000us:     -7     2047    
274.9000us:   -639     1945    
275.0000us:  -1208     1652    
275.1000us:  -1660     1197    
275.2000us:  -1949      626    
275.3000us:  -2047       -7    
275.4000us:  -1945     -639    
275.5000us:  -1652    -1208    
275.6000us:  -1197    -1660    
275.7000us:   -626    -1949    
275.8000us:      7    -2047    
275.9000us:    639    -1945    
276.0000us:   1208    -1652    
276.1000us:   1660    -1197    
276.2000us:   1949     -626    
276.3000us:   2047        7    
276.4000us:   1945      639    
276.5000us:   1652     1208    
276.6000us:   1197     1660    
276.7000us:    626     1949    
276.8000us:     -7     2047    
276.9000us:   -639     1945    
277.0000us:  -1208     1652    
277.1000us:  -1660     1197    
277.2000us:  -1949      626    
277.3000us:  -2047       -7    
277.4000us:  -1945     -639    
277.5000us:  -1652    -1208    
277.6000us:  -1197    -1660    
277.7000us:   -626    -1949    
277.8000us:      7    -2047    
277.9000us:    639    -1945    
278.0000us:   1208    -1652    
278.1000us:   1660    -1197    
278.2000us:   1949     -626    
278.3000us:   2047        7    
278.4000us:   1945      639    
278.5000us:   1652     1208    
278.6000us:   1197     1660    
278.7000us:    626     1949    
278.8000us:     -7     2047    
278.9000us:   -639     1945    
279.0000us:  -1208     1652    
279.1000us:  -1660     1197    
279.2000us:  -1949      626    
279.3000us:  -2047       -7    
279.4000us:  -1945     -639    
279.5000us:  -1652    -1208    
279.6000us:  -1197    -1660    
279.7000us:   -626    -1949    
279.8000us:      7    -2047    
279.9000us:    639    -1945    
280.0000us:   1208    -1652    
280.1000us:   1660    -1197    
280.2000us:   1949     -626    
280.3000us:   2047        7    
280.4000us:   1945      639    
280.5000us:   1652     1208    
280.6000us:   1197     1660    
280.7000us:    626     1949    
280.8000us:     -7     2047    
280.9000us:   -639     1945    
281.0000us:  -1208     1652    
281.1000us:  -1660     1197    
281.2000us:  -1949      626    
281.3000us:  -2047       -7    
281.4000us:  -1945     -639    
281.5000us:  -1652    -1208    
281.6000us:  -1197    -1660    
281.7000us:   -626    -1949    
281.8000us:      7    -2047    
281.9000us:    639    -1945    
282.0000us:   1209    -1651    
282.1000us:   1660    -1197    
282.2000us:   1949     -626    
282.3000us:   2047        7    
282.4000us:   1945      639    
282.5000us:   1651     1209    
282.6000us:   1197     1660    
282.7000us:    626     1949    
282.8000us:     -7     2047    
282.9000us:   -639     1945    
283.0000us:  -1209     1651    
283.1000us:  -1660     1197    
283.2000us:  -1949      626    
283.3000us:  -2047       -7    
283.4000us:  -1945     -639    
283.5000us:  -1651    -1209    
283.6000us:  -1197    -1660    
283.7000us:   -626    -1949    
283.8000us:      7    -2047    
283.9000us:    639    -1945    
284.0000us:   1209    -1651    
284.1000us:   1660    -1197    
284.2000us:   1949     -626    
284.3000us:   2047        7    
284.4000us:   1945      639    
284.5000us:   1651     1209    
284.6000us:   1197     1660    
284.7000us:    626     1949    
284.8000us:     -7     2047    
284.9000us:   -639     1945    
285.0000us:  -1209     1651    
285.1000us:  -1660     1197    
285.2000us:  -1949      626    
285.3000us:  -2047       -7    
285.4000us:  -1945     -639    
285.5000us:  -1651    -1209    
285.6000us:  -1197    -1660    
285.7000us:   -626    -1949    
285.8000us:      7    -2047    
285.9000us:    639    -1945    
286.0000us:   1209    -1651    
286.1000us:   1660    -1197    
286.2000us:   1949     -626    
286.3000us:   2047        7    
286.4000us:   1945      639    
286.5000us:   1651     1209    
286.6000us:   1197     1660    
286.7000us:    626     1949    
286.8000us:     -7     2047    
286.9000us:   -639     1945    
287.0000us:  -1209     1651    
287.1000us:  -1660     1197    
287.2000us:  -1949      626    
287.3000us:  -2047       -7    
287.4000us:  -1945     -639    
287.5000us:  -1651    -1209    
287.6000us:  -1197    -1660    
287.7000us:   -626    -1949    
287.8000us:      7    -2047    
287.9000us:    639    -1945    
288.0000us:   1209    -1651    
288.1000us:   1660    -1197    
288.2000us:   1949     -626    
288.3000us:   2047        7    
288.4000us:   1944      639    
288.5000us:   1651     1209    
288.6000us:   1197     1660    
288.7000us:    626     1949    
288.8000us:     -7     2047    
288.9000us:   -639     1944    
289.0000us:  -1209     1651    
289.1000us:  -1660     1197    
289.2000us:  -1949      626    
289.3000us:  -2047       -7    
289.4000us:  -1944     -639    
289.5000us:  -1651    -1209    
289.6000us:  -1197    -1660    
289.7000us:   -626    -1949    
289.8000us:      7    -2047    
289.9000us:    639    -1944    
290.0000us:   1209    -1651    
290.1000us:   1660    -1197    
290.2000us:   1949     -626    
290.3000us:   2047        7    
290.4000us:   1944      639    
290.5000us:   1651     1209    
290.6000us:   1197     1660    
290.7000us:    626     1949    
290.8000us:     -7     2047    
290.9000us:   -639     1944    
291.0000us:  -1209     1651    
291.1000us:  -1660     1197    
291.2000us:  -1949      626    
291.3000us:  -2047       -7    
291.4000us:  -1944     -639    
291.5000us:  -1651    -1209    
291.6000us:  -1197    -1660    
291.7000us:   -626    -1949    
291.8000us:      7    -2047    
291.9000us:    639    -1944    
292.0000us:   1209    -1651    
292.1000us:   1660    -1197    
292.2000us:   1949     -626    
292.3000us:   2047        7    
292.4000us:   1944      639    
292.5000us:   1651     1209    
292.6000us:   1197     1660    
292.7000us:    626     1949    
292.8000us:     -7     2047    
292.9000us:   -639     1944    
293.0000us:  -1209     1651    
293.1000us:  -1660     1197    
293.2000us:  -1949      626    
293.3000us:  -2047       -7    
293.4000us:  -1944     -639    
293.5000us:  -1651    -1209    
293.6000us:  -1197    -1660    
293.7000us:   -626    -1949    
293.8000us:      7    -2047    
293.9000us:    639    -1944    
294.0000us:   1209    -1651    
294.1000us:   1660    -1197    
294.2000us:   1949     -626    
294.3000us:   2047        7    
294.4000us:   1944      639    
294.5000us:   1651     1209    
294.6000us:   1197     1660    
294.7000us:    626     1949    
294.8000us:     -8     2047    
294.9000us:   -639     1944    
295.0000us:  -1209     1651    
295.1000us:  -1660     1197    
295.2000us:  -1949      626    
295.3000us:  -2047       -8    
295.4000us:  -1944     -639    
295.5000us:  -1651    -1209    
295.6000us:  -1197    -1660    
295.7000us:   -626    -1949    
295.8000us:      8    -2047    
295.9000us:    639    -1944    
296.0000us:   1209    -1651    
296.1000us:   1660    -1197    
296.2000us:   1949     -626    
296.3000us:   2047        8    
296.4000us:   1944      639    
296.5000us:   1651     1209    
296.6000us:   1197     1660    
296.7000us:    626     1949    
296.8000us:     -8     2047    
296.9000us:   -639     1944    
297.0000us:  -1209     1651    
297.1000us:  -1660     1197    
297.2000us:  -1949      626    
297.3000us:  -2047       -8    
297.4000us:  -1944     -639    
297.5000us:  -1651    -1209    
297.6000us:  -1197    -1660    
297.7000us:   -626    -1949    
297.8000us:      8    -2047    
297.9000us:    639    -1944    
298.0000us:   1209    -1651    
298.1000us:   1660    -1197    
298.2000us:   1949     -626    
298.3000us:   2047        8    
298.4000us:   1944      639    
298.5000us:   1651     1209    
298.6000us:   1197     1660    
298.7000us:    626     1949    
298.8000us:     -8     2047    
298.9000us:   -639     1944    
299.0000us:  -1209     1651    
299.1000us:  -1660     1197    
299.2000us:  -1949      626    
299.3000us:  -2047       -8    
299.4000us:  -1944     -639    
299.5000us:  -1651    -1209    
299.6000us:  -1197    -1660    
299.7000us:   -626    -1949    
299.8000us:      8    -2047    
299.9000us:    639    -1944    
300.0000us:   1209    -1651    
300.1000us:   1660    -1197    
300.2000us:   1949     -626    
300.3000us:   2047        8    
300.4000us:   1944      639    
300.5000us:   1651     1209    
300.6000us:   1197     1660    
300.7000us:    626     1949    
300.8000us:     -8     2047    
300.9000us:   -639     1944    
301.0000us:  -1209     1651    
301.1000us:  -1660     1197    
301.2000us:  -1949      625    
301.3000us:  -2047       -8    
301.4000us:  -1944     -639    
301.5000us:  -1651    -1209    
301.6000us:  -1197    -1660    
301.7000us:   -625    -1949    
301.8000us:      8    -2047    
301.9000us:    639    -1944    
302.0000us:   1209    -1651    
302.1000us:   1660    -1197    
302.2000us:   1949     -625    
302.3000us:   2047        8    
302.4000us:   1944      639    
302.5000us:   1651     1209    
302.6000us:   1197     1660    
302.7000us:    625     1949    
302.8000us:     -8     2047    
302.9000us:   -639     1944    
303.0000us:  -1209     1651    
303.1000us:  -1660     1197    
303.2000us:  -1949      625    
303.3000us:  -2047       -8    
303.4000us:  -1944     -639    
303.5000us:  -1651    -1209    
303.6000us:  -1197    -1660    
303.7000us:   -625    -1949    
303.8000us:      8    -2047    
303.9000us:    639    -1944    
304.0000us:   1209    -1651    
304.1000us:   1660    -1197    
304.2000us:   1949     -625    
304.3000us:   2047        8    
304.4000us:   1944      639    
304.5000us:   1651     1209    
304.6000us:   1197     1660    
304.7000us:    625     1949    
304.8000us:     -8     2047    
304.9000us:   -639     1944    
305.0000us:  -1209     1651    
305.1000us:  -1660     1197    
305.2000us:  -1949      625    
305.3000us:  -2047       -8    
305.4000us:  -1944     -639    
305.5000us:  -1651    -1209    
305.6000us:  -1197    -1660    
305.7000us:   -625    -1949    
305.8000us:      8    -2047    
305.9000us:    639    -1944    
306.0000us:   1209    -1651    
306.1000us:   1660    -1197    
306.2000us:   1949     -625    
306.3000us:   2047        8    
306.4000us:   1944      639    
306.5000us:   1651     1209    
306.6000us:   1197     1660    
306.7000us:    625     1949    
306.8000us:     -8     2047    
306.9000us:   -639     1944    
307.0000us:  -1209     1651    
307.1000us:  -1660     1197    
307.2000us:  -1949      625    
307.3000us:  -2047       -8    
307.4000us:  -1944     -639    
307.5000us:  -1651    -1209    
307.6000us:  -1196    -1661    
307.7000us:   -625    -1949    
307.8000us:      8    -2047    
307.9000us:    639    -1944    
308.0000us:   1209    -1651    
308.1000us:   1661    -1196    
308.2000us:   1949     -625    
308.3000us:   2047        8    
308.4000us:   1944      639    
308.5000us:   1651     1209    
308.6000us:   1196     1661    
308.7000us:    625     1949    
308.8000us:     -8     2047    
308.9000us:   -639     1944    
309.0000us:  -1209     1651    
309.1000us:  -1661     1196    
309.2000us:  -1949      625    
309.3000us:  -2047       -8    
309.4000us:  -1944     -639    
309.5000us:  -1651    -1209    
309.6000us:  -1196    -1661    
309.7000us:   -625    -1949    
309.8000us:      8    -2047    
309.9000us:    639    -1944    
310.0000us:   1209    -1651    
310.1000us:   1661    -1196    
310.2000us:   1949     -625    
310.3000us:   2047        8    
310.4000us:   1944      639    
310.5000us:   1651     1209    
310.6000us:   1196     1661    
310.7000us:    625     1949    
310.8000us:     -8     2047    
310.9000us:   -639     1944    
311.0000us:  -1209     1651    
311.1000us:  -1661     1196    
311.2000us:  -1949      625    
311.3000us:  -2047       -8    
311.4000us:  -1944     -639    
311.5000us:  -1651    -1209    
311.6000us:  -1196    -1661    
311.7000us:   -625    -1949    
311.8000us:      8    -2047    
311.9000us:    639    -1944    
312.0000us:   1209    -1651    
312.1000us:   1661    -1196    
312.2000us:   1949     -625    
312.3000us:   2047        8    
312.4000us:   1944      639    
312.5000us:   1651     1209    
312.6000us:   1196     1661    
312.7000us:    625     1949    
312.8000us:     -8     2047    
312.9000us:   -639     1944    
313.0000us:  -1209     1651    
313.1000us:  -1661     1196    
313.2000us:  -1949      625    
313.3000us:  -2047       -8    
313.4000us:  -1944     -639    
313.5000us:  -1651    -1209    
313.6000us:  -1196    -1661    
313.7000us:   -625    -1949    
313.8000us:      8    -2047    
313.9000us:    639    -1944    
314.0000us:   1209    -1651    
314.1000us:   1661    -1196    
314.2000us:   1949     -625    
314.3000us:   2047        8    
314.4000us:   1944      639    
314.5000us:   1651     1209    
314.6000us:   1196     1661    
314.7000us:    625     1949    
314.8000us:     -8     2047    
314.9000us:   -639     1944    
315.0000us:  -1209     1651    
315.1000us:  -1661     1196    
315.2000us:  -1949      625    
315.3000us:  -2047       -8    
315.4000us:  -1944     -639    
315.5000us:  -1651    -1209    
315.6000us:  -1196    -1661    
315.7000us:   -625    -1949    
315.8000us:      8    -2047    
315.9000us:    639    -1944    
316.0000us:   1209    -1651    
316.1000us:   1661    -1196    
316.2000us:   1949     -625    
316.3000us:   2047        8    
316.4000us:   1944      639    
316.5000us:   1651     1209    
316.6000us:   1196     1661    
316.7000us:    625     1949    
316.8000us:     -8     2047    
316.9000us:   -639     1944    
317.0000us:  -1209     1651    
317.1000us:  -1661     1196    
317.2000us:  -1949      625    
317.3000us:  -2047       -8    
317.4000us:  -1944     -639    
317.5000us:  -1651    -1209    
317.6000us:  -1196    -1661    
317.7000us:   -625    -1949    
317.8000us:      8    -2047    
317.9000us:    639    -1944    
318.0000us:   1209    -1651    
318.1000us:   1661    -1196    
318.2000us:   1949     -625    
318.3000us:   2047        8    
318.4000us:   1944      639    
318.5000us:   1651     1209    
318.6000us:   1196     1661    
318.7000us:    625     1949    
318.8000us:     -8     2047    
318.9000us:   -639     1944    
319.0000us:  -1209     1651    
319.1000us:  -1661     1196    
319.2000us:  -1949      625    
319.3000us:  -2047       -8    
319.4000us:  -1944     -639    
319.5000us:  -1651    -1209    
319.6000us:  -1196    -1661    
319.7000us:   -625    -1949    
319.8000us:      8    -2047    
319.9000us:    639    -1944    
320.0000us:   1209    -1651    
320.1000us:   1661    -1196    
320.2000us:   1949     -625    
320.3000us:   2047        8    
320.4000us:   1944      640    
320.5000us:   1651     1209    
320.6000us:   1196     1661    
320.7000us:    625     1949    
320.8000us:     -8     2047    
320.9000us:   -640     1944    
321.0000us:  -1209     1651    
321.1000us:  -1661     1196    
321.2000us:  -1949      625    
321.3000us:  -2047       -8    
321.4000us:  -1944     -640    
321.5000us:  -1651    -1209    
321.6000us:  -1196    -1661    
321.7000us:   -625    -1949    
321.8000us:      8    -2047    
321.9000us:    640    -1944    
322.0000us:   1209    -1651    
322.1000us:   1661    -1196    
322.2000us:   1949     -625    
322.3000us:   2047        8    
322.4000us:   1944      640    
322.5000us:   1651     1209    
322.6000us:   1196     1661    
322.7000us:    625     1949    
322.8000us:     -8     2047    
322.9000us:   -640     1944    
323.0000us:  -1209     1651    
323.1000us:  -1661     1196    
323.2000us:  -1949      625    
323.3000us:  -2047       -8    
323.4000us:  -1944     -640    
323.5000us:  -1651    -1209    
323.6000us:  -1196    -1661    
323.7000us:   -625    -1949    
323.8000us:      8    -2047    
323.9000us:    640    -1944    
324.0000us:   1209    -1651    
324.1000us:   1661    -1196    
324.2000us:   1949     -625    
324.3000us:   2047        8    
324.4000us:   1944      640    
324.5000us:   1651     1209    
324.6000us:   1196     1661    
324.7000us:    625     1949    
324.8000us:     -8     2047    
324.9000us:   -640     1944    
325.0000us:  -1209     1651    
325.1000us:  -1661     1196    
325.2000us:  -1949      625    
325.3000us:  -2047       -8    
325.4000us:  -1944     -640    
325.5000us:  -1651    -1209    
325.6000us:  -1196    -1661    
325.7000us:   -625    -1949    
325.8000us:      8    -2047    
325.9000us:    640    -1944    
326.0000us:   1209    -1651    
326.1000us:   1661    -1196    
326.2000us:   1949     -625    
326.3000us:   2047        8    
326.4000us:   1944      640    
326.5000us:   1651     1209    
326.6000us:   1196     1661    
326.7000us:    625     1949    
326.8000us:     -8     2047    
326.9000us:   -640     1944    
327.0000us:  -1209     1651    
327.1000us:  -1661     1196    
327.2000us:  -1949      625    
327.3000us:  -2047       -8    
327.4000us:  -1944     -640    
327.5000us:  -1651    -1209    
327.6000us:  -1196    -1661    
327.7000us:   -625    -1949    
327.8000us:      8    -2047    
327.9000us:    640    -1944    
328.0000us:   1209    -1651    
328.1000us:   1661    -1196    
328.2000us:   1949     -625    
328.3000us:   2047        8    
328.4000us:   1944      640    
328.5000us:   1651     1209    
328.6000us:   1196     1661    
328.7000us:    625     1949    
328.8000us:     -8     2047    
328.9000us:   -640     1944    
329.0000us:  -1209     1651    
329.1000us:  -1661     1196    
329.2000us:  -1949      625    
329.3000us:  -2047       -8    
329.4000us:  -1944     -640    
329.5000us:  -1651    -1209    
329.6000us:  -1196    -1661    
329.7000us:   -625    -1949    
329.8000us:      8    -2047    
329.9000us:    640    -1944    
330.0000us:   1209    -1651    
330.1000us:   1661    -1196    
330.2000us:   1949     -625    
330.3000us:   2047        8    
330.4000us:   1944      640    
330.5000us:   1651     1209    
330.6000us:   1196     1661    
330.7000us:    625     1949    
330.8000us:     -8     2047    
330.9000us:   -640     1944    
331.0000us:  -1209     1651    
331.1000us:  -1661     1196    
331.2000us:  -1949      625    
331.3000us:  -2047       -8    
331.4000us:  -1944     -640    
331.5000us:  -1651    -1209    
331.6000us:  -1196    -1661    
331.7000us:   -625    -1949    
331.8000us:      8    -2047    
331.9000us:    640    -1944    
332.0000us:   1209    -1651    
332.1000us:   1661    -1196    
332.2000us:   1949     -625    
332.3000us:   2047        8    
332.4000us:   1944      640    
332.5000us:   1651     1209    
332.6000us:   1196     1661    
332.7000us:    625     1949    
332.8000us:     -8     2047    
332.9000us:   -640     1944    
333.0000us:  -1209     1651    
333.1000us:  -1661     1196    
333.2000us:  -1950      624    
333.3000us:  -2047       -8    
333.4000us:  -1944     -640    
333.5000us:  -1651    -1209    
333.6000us:  -1196    -1661    
333.7000us:   -624    -1950    
333.8000us:      8    -2047    
333.9000us:    640    -1944    
334.0000us:   1209    -1651    
334.1000us:   1661    -1196    
334.2000us:   1950     -624    
334.3000us:   2047        8    
334.4000us:   1944      640    
334.5000us:   1651     1209    
334.6000us:   1196     1661    
334.7000us:    624     1950    
334.8000us:     -8     2047    
334.9000us:   -640     1944    
335.0000us:  -1209     1651    
335.1000us:  -1661     1196    
335.2000us:  -1950      624    
335.3000us:  -2047       -8    
335.4000us:  -1944     -640    
335.5000us:  -1651    -1209    
335.6000us:  -1196    -1661    
335.7000us:   -624    -1950    
335.8000us:      8    -2047    
335.9000us:    640    -1944    
336.0000us:   1209    -1651    
336.1000us:   1661    -1196    
336.2000us:   1950     -624    
336.3000us:   2047        8    
336.4000us:   1944      640    
336.5000us:   1651     1209    
336.6000us:   1196     1661    
336.7000us:    624     1950    
336.8000us:     -8     2047    
336.9000us:   -640     1944    
337.0000us:  -1209     1651    
337.1000us:  -1661     1196    
337.2000us:  -1950      624    
337.3000us:  -2047       -8    
337.4000us:  -1944     -640    
337.5000us:  -1651    -1209    
337.6000us:  -1196    -1661    
337.7000us:   -624    -1950    
337.8000us:      8    -2047    
337.9000us:    640    -1944    
338.0000us:   1209    -1651    
338.1000us:   1661    -1196    
338.2000us:   1950     -624    
338.3000us:   2047        8    
338.4000us:   1944      640    
338.5000us:   1651     1209    
338.6000us:   1196     1661    
338.7000us:    624     1950    
338.8000us:     -8     2047    
338.9000us:   -640     1944    
339.0000us:  -1209     1651    
339.1000us:  -1661     1196    
339.2000us:  -1950      624    
339.3000us:  -2047       -8    
339.4000us:  -1944     -640    
339.5000us:  -1651    -1209    
339.6000us:  -1195    -1661    
339.7000us:   -624    -1950    
339.8000us:      8    -2047    
339.9000us:    640    -1944    
340.0000us:   1209    -1651    
340.1000us:   1661    -1195    
340.2000us:   1950     -624    
340.3000us:   2047        8    
340.4000us:   1944      640    
340.5000us:   1651     1209    
340.6000us:   1195     1661    
340.7000us:    624     1950    
340.8000us:     -8     2047    
340.9000us:   -640     1944    
341.0000us:  -1209     1651    
341.1000us:  -1661     1195    
341.2000us:  -1950      624    
341.3000us:  -2047       -8    
341.4000us:  -1944     -640    
341.5000us:  -1651    -1209    
341.6000us:  -1195    -1661    
341.7000us:   -624    -1950    
341.8000us:      8    -2047    
341.9000us:    640    -1944    
342.0000us:   1209    -1651    
342.1000us:   1661    -1195    
342.2000us:   1950     -624    
342.3000us:   2047        8    
342.4000us:   1944      640    
342.5000us:   1651     1209    
342.6000us:   1195     1661    
342.7000us:    624     1950    
342.8000us:     -8     2047    
342.9000us:   -640     1944    
343.0000us:  -1209     1651    
343.1000us:  -1661     1195    
343.2000us:  -1950      624    
343.3000us:  -2047       -8    
343.4000us:  -1944     -640    
343.5000us:  -1651    -1209    
343.6000us:  -1195    -1661    
343.7000us:   -624    -1950    
343.8000us:      8    -2047    
343.9000us:    640    -1944    
344.0000us:   1209    -1651    
344.1000us:   1661    -1195    
344.2000us:   1950     -624    
344.3000us:   2047        8    
344.4000us:   1944      640    
344.5000us:   1651     1209    
344.6000us:   1195     1661    
344.7000us:    624     1950    
344.8000us:     -8     2047    
344.9000us:   -640     1944    
345.0000us:  -1209     1651    
345.1000us:  -1661     1195    
345.2000us:  -1950      624    
345.3000us:  -2047       -8    
345.4000us:  -1944     -640    
345.5000us:  -1651    -1209    
345.6000us:  -1195    -1661    
345.7000us:   -624    -1950    
345.8000us:      8    -2047    
345.9000us:    640    -1944    
346.0000us:   1210    -1651    
346.1000us:   1661    -1195    
346.2000us:   1950     -624    
346.3000us:   2047        8    
346.4000us:   1944      640    
346.5000us:   1651     1210    
346.6000us:   1195     1661    
346.7000us:    624     1950    
346.8000us:     -8     2047    
346.9000us:   -640     1944    
347.0000us:  -1210     1651    
347.1000us:  -1661     1195    
347.2000us:  -1950      624    
347.3000us:  -2047       -8    
347.4000us:  -1944     -640    
347.5000us:  -1651    -1210    
347.6000us:  -1195    -1661    
347.7000us:   -624    -1950    
347.8000us:      8    -2047    
347.9000us:    640    -1944    
348.0000us:   1210    -1651    
348.1000us:   1661    -1195    
348.2000us:   1950     -624    
348.3000us:   2047        8    
348.4000us:   1944      640    
348.5000us:   1651     1210    
348.6000us:   1195     1661    
348.7000us:    624     1950    
348.8000us:     -8     2047    
348.9000us:   -640     1944    
349.0000us:  -1210     1651    
349.1000us:  -1661     1195    
349.2000us:  -1950      624    
349.3000us:  -2047       -8    
349.4000us:  -1944     -640    
349.5000us:  -1651    -1210    
349.6000us:  -1195    -1661    
349.7000us:   -624    -1950    
349.8000us:      8    -2047    
349.9000us:    640    -1944    
350.0000us:   1210    -1651    
350.1000us:   1661    -1195    
350.2000us:   1950     -624    
350.3000us:   2047        8    
350.4000us:   1944      640    
350.5000us:   1651     1210    
350.6000us:   1195     1661    
350.7000us:    624     1950    
350.8000us:     -8     2047    
350.9000us:   -640     1944    
351.0000us:  -1210     1651    
351.1000us:  -1661     1195    
351.2000us:  -1950      624    
351.3000us:  -2047       -8    
351.4000us:  -1944     -640    
351.5000us:  -1651    -1210    
351.6000us:  -1195    -1661    
351.7000us:   -624    -1950    
351.8000us:      8    -2047    
351.9000us:    640    -1944    
352.0000us:   1210    -1651    
352.1000us:   1661    -1195    
352.2000us:   1950     -624    
352.3000us:   2047        8    
352.4000us:   1944      641    
352.5000us:   1651     1210    
352.6000us:   1195     1661    
352.7000us:    624     1950    
352.8000us:     -8     2047    
352.9000us:   -641     1944    
353.0000us:  -1210     1651    
353.1000us:  -1661     1195    
353.2000us:  -1950      624    
353.3000us:  -2047       -8    
353.4000us:  -1944     -641    
353.5000us:  -1651    -1210    
353.6000us:  -1195    -1661    
353.7000us:   -624    -1950    
353.8000us:      8    -2047    
353.9000us:    641    -1944    
354.0000us:   1210    -1651    
354.1000us:   1661    -1195    
354.2000us:   1950     -624    
354.3000us:   2047        8    
354.4000us:   1944      641    
354.5000us:   1651     1210    
354.6000us:   1195     1661    
354.7000us:    624     1950    
354.8000us:     -8     2047    
354.9000us:   -641     1944    
355.0000us:  -1210     1651    
355.1000us:  -1661     1195    
355.2000us:  -1950      624    
355.3000us:  -2047       -8    
355.4000us:  -1944     -641    
355.5000us:  -1651    -1210    
355.6000us:  -1195    -1661    
355.7000us:   -624    -1950    
355.8000us:      8    -2047    
355.9000us:    641    -1944    
356.0000us:   1210    -1651    
356.1000us:   1661    -1195    
356.2000us:   1950     -624    
356.3000us:   2047        8    
356.4000us:   1944      641    
356.5000us:   1651     1210    
356.6000us:   1195     1661    
356.7000us:    624     1950    
356.8000us:     -8     2047    
356.9000us:   -641     1944    
357.0000us:  -1210     1651    
357.1000us:  -1661     1195    
357.2000us:  -1950      624    
357.3000us:  -2047       -8    
357.4000us:  -1944     -641    
357.5000us:  -1651    -1210    
357.6000us:  -1195    -1661    
357.7000us:   -624    -1950    
357.8000us:      8    -2047    
357.9000us:    641    -1944    
358.0000us:   1210    -1651    
358.1000us:   1661    -1195    
358.2000us:   1950     -624    
358.3000us:   2047        8    
358.4000us:   1944      641    
358.5000us:   1651     1210    
358.6000us:   1195     1661    
358.7000us:    624     1950    
358.8000us:     -9     2047    
358.9000us:   -641     1944    
359.0000us:  -1210     1651    
359.1000us:  -1661     1195    
359.2000us:  -1950      624    
359.3000us:  -2047       -9    
359.4000us:  -1944     -641    
359.5000us:  -1651    -1210    
359.6000us:  -1195    -1661    
359.7000us:   -624    -1950    
359.8000us:      9    -2047    
359.9000us:    641    -1944    
360.0000us:   1210    -1651    
360.1000us:   1661    -1195    
360.2000us:   1950     -624    
360.3000us:   2047        9    
360.4000us:   1944      641    
360.5000us:   1651     1210    
360.6000us:   1195     1661    
360.7000us:    624     1950    
360.8000us:     -9     2047    
360.9000us:   -641     1944    
361.0000us:  -1210     1651    
361.1000us:  -1661     1195    
361.2000us:  -1950      624    
361.3000us:  -2047       -9    
361.4000us:  -1944     -641    
361.5000us:  -1651    -1210    
361.6000us:  -1195    -1661    
361.7000us:   -624    -1950    
361.8000us:      9    -2047    
361.9000us:    641    -1944    
362.0000us:   1210    -1651    
362.1000us:   1661    -1195    
362.2000us:   1950     -624    
362.3000us:   2047        9    
362.4000us:   1944      641    
362.5000us:   1651     1210    
362.6000us:   1195     1661    
362.7000us:    624     1950    
362.8000us:     -9     2047    
362.9000us:   -641     1944    
363.0000us:  -1210     1651    
363.1000us:  -1661     1195    
363.2000us:  -1950      624    
363.3000us:  -2047       -9    
363.4000us:  -1944     -641    
363.5000us:  -1651    -1210    
363.6000us:  -1195    -1661    
363.7000us:   -624    -1950    
363.8000us:      9    -2047    
363.9000us:    641    -1944    
364.0000us:   1210    -1651    
364.1000us:   1661    -1195    
364.2000us:   1950     -624    
364.3000us:   2047        9    
364.4000us:   1944      641    
364.5000us:   1651     1210    
364.6000us:   1195     1661    
364.7000us:    624     1950    
364.8000us:     -9     2047    
364.9000us:   -641     1944    
365.0000us:  -1210     1651    
365.1000us:  -1661     1195    
365.2000us:  -1950      624    
365.3000us:  -2047       -9    
365.4000us:  -1944     -641    
365.5000us:  -1651    -1210    
365.6000us:  -1195    -1661    
365.7000us:   -624    -1950    
365.8000us:      9    -2047    
365.9000us:    641    -1944    
366.0000us:   1210    -1651    
366.1000us:   1661    -1195    
366.2000us:   1950     -624    
366.3000us:   2047        9    
366.4000us:   1944      641    
366.5000us:   1651     1210    
366.6000us:   1195     1661    
366.7000us:    624     1950    
366.8000us:     -9     2047    
366.9000us:   -641     1944    
367.0000us:  -1210     1651    
367.1000us:  -1661     1195    
367.2000us:  -1950      624    
367.3000us:  -2047       -9    
367.4000us:  -1944     -641    
367.5000us:  -1651    -1210    
367.6000us:  -1195    -1661    
367.7000us:   -624    -1950    
367.8000us:      9    -2047    
367.9000us:    641    -1944    
368.0000us:   1210    -1651    
368.1000us:   1661    -1195    
368.2000us:   1950     -624    
368.3000us:   2047        9    
368.4000us:   1944      641    
368.5000us:   1651     1210    
368.6000us:   1195     1661    
368.7000us:    624     1950    
368.8000us:     -9     2047    
368.9000us:   -641     1944    
369.0000us:  -1210     1651    
369.1000us:  -1661     1195    
369.2000us:  -1950      624    
369.3000us:  -2047       -9    
369.4000us:  -1944     -641    
369.5000us:  -1651    -1210    
369.6000us:  -1195    -1661    
369.7000us:   -624    -1950    
369.8000us:      9    -2047    
369.9000us:    641    -1944    
370.0000us:   1210    -1651    
370.1000us:   1661    -1195    
370.2000us:   1950     -624    
370.3000us:   2047        9    
370.4000us:   1944      641    
370.5000us:   1651     1210    
370.6000us:   1195     1661    
370.7000us:    624     1950    
370.8000us:     -9     2047    
370.9000us:   -641     1944    
371.0000us:  -1210     1651    
371.1000us:  -1661     1195    
371.2000us:  -1950      624    
371.3000us:  -2047       -9    
371.4000us:  -1944     -641    
371.5000us:  -1651    -1210    
371.6000us:  -1195    -1662    
371.7000us:   -624    -1950    
371.8000us:      9    -2047    
371.9000us:    641    -1944    
372.0000us:   1210    -1651    
372.1000us:   1662    -1195    
372.2000us:   1950     -624    
372.3000us:   2047        9    
372.4000us:   1944      641    
372.5000us:   1651     1210    
372.6000us:   1195     1662    
372.7000us:    624     1950    
372.8000us:     -9     2047    
372.9000us:   -641     1944    
373.0000us:  -1210     1651    
373.1000us:  -1662     1195    
373.2000us:  -1950      624    
373.3000us:  -2047       -9    
373.4000us:  -1944     -641    
373.5000us:  -1651    -1210    
373.6000us:  -1195    -1662    
373.7000us:   -624    -1950    
373.8000us:      9    -2047    
373.9000us:    641    -1944    
374.0000us:   1210    -1651    
374.1000us:   1662    -1195    
374.2000us:   1950     -624    
374.3000us:   2047        9    
374.4000us:   1944      641    
374.5000us:   1651     1210    
374.6000us:   1195     1662    
374.7000us:    624     1950    
374.8000us:     -9     2047    
374.9000us:   -641     1944    
375.0000us:  -1210     1651    
375.1000us:  -1662     1195    
375.2000us:  -1950      624    
375.3000us:  -2047       -9    
375.4000us:  -1944     -641    
375.5000us:  -1651    -1210    
375.6000us:  -1195    -1662    
375.7000us:   -624    -1950    
375.8000us:      9    -2047    
375.9000us:    641    -1944    
376.0000us:   1210    -1651    
376.1000us:   1662    -1195    
376.2000us:   1950     -624    
376.3000us:   2047        9    
376.4000us:   1944      641    
376.5000us:   1651     1210    
376.6000us:   1195     1662    
376.7000us:    624     1950    
376.8000us:     -9     2047    
376.9000us:   -641     1944    
377.0000us:  -1210     1651    
377.1000us:  -1662     1195    
377.2000us:  -1950      624    
377.3000us:  -2047       -9    
377.4000us:  -1944     -641    
377.5000us:  -1651    -1210    
377.6000us:  -1195    -1662    
377.7000us:   -624    -1950    
377.8000us:      9    -2047    
377.9000us:    641    -1944    
378.0000us:   1211    -1651    
378.1000us:   1662    -1195    
378.2000us:   1950     -624    
378.3000us:   2047        9    
378.4000us:   1944      641    
378.5000us:   1651     1211    
378.6000us:   1195     1662    
378.7000us:    624     1950    
378.8000us:     -9     2047    
378.9000us:   -641     1944    
379.0000us:  -1211     1651    
379.1000us:  -1662     1195    
379.2000us:  -1950      624    
379.3000us:  -2047       -9    
379.4000us:  -1944     -641    
379.5000us:  -1651    -1211    
379.6000us:  -1195    -1662    
379.7000us:   -624    -1950    
379.8000us:      9    -2047    
379.9000us:    641    -1944    
380.0000us:   1211    -1651    
380.1000us:   1662    -1195    
380.2000us:   1950     -624    
380.3000us:   2047        9    
380.4000us:   1944      641    
380.5000us:   1651     1211    
380.6000us:   1195     1662    
380.7000us:    624     1950    
380.8000us:     -9     2047    
380.9000us:   -641     1944    
381.0000us:  -1211     1651    
381.1000us:  -1662     1195    
381.2000us:  -1950      624    
381.3000us:  -2047       -9    
381.4000us:  -1944     -641    
381.5000us:  -1651    -1211    
381.6000us:  -1195    -1662    
381.7000us:   -624    -1950    
381.8000us:      9    -2047    
381.9000us:    641    -1944    
382.0000us:   1211    -1651    
382.1000us:   1662    -1195    
382.2000us:   1950     -624    
382.3000us:   2047        9    
382.4000us:   1944      641    
382.5000us:   1651     1211    
382.6000us:   1195     1662    
382.7000us:    624     1950    
382.8000us:     -9     2047    
382.9000us:   -641     1944    
383.0000us:  -1211     1651    
383.1000us:  -1662     1195    
383.2000us:  -1950      624    
383.3000us:  -2047       -9    
383.4000us:  -1944     -641    
383.5000us:  -1651    -1211    
383.6000us:  -1195    -1662    
383.7000us:   -624    -1950    
383.8000us:      9    -2047    
383.9000us:    641    -1944    
384.0000us:   1211    -1651    
384.1000us:   1662    -1195    
384.2000us:   1950     -624    
384.3000us:   2047        9    
384.4000us:   1943      642    
384.5000us:   1651     1211    
384.6000us:   1195     1662    
384.7000us:    624     1950    
384.8000us:     -9     2047    
384.9000us:   -642     1943    
385.0000us:  -1211     1651    
385.1000us:  -1662     1195    
385.2000us:  -1950      624    
385.3000us:  -2047       -9    
385.4000us:  -1943     -642    
385.5000us:  -1651    -1211    
385.6000us:  -1195    -1662    
385.7000us:   -624    -1950    
385.8000us:      9    -2047    
385.9000us:    642    -1943    
386.0000us:   1211    -1651    
386.1000us:   1662    -1195    
386.2000us:   1950     -624    
386.3000us:   2047        9    
386.4000us:   1943      642    
386.5000us:   1651     1211    
386.6000us:   1195     1662    
386.7000us:    624     1950    
386.8000us:     -9     2047    
386.9000us:   -642     1943    
387.0000us:  -1211     1651    
387.1000us:  -1662     1195    
387.2000us:  -1950      624    
387.3000us:  -2047       -9    
387.4000us:  -1943     -642    
387.5000us:  -1651    -1211    
387.6000us:  -1195    -1662    
387.7000us:   -624    -1950    
387.8000us:      9    -2047    
387.9000us:    642    -1943    
388.0000us:   1211    -1651    
388.1000us:   1662    -1195    
388.2000us:   1950     -624    
388.3000us:   2047        9    
388.4000us:   1943      642    
388.5000us:   1651     1211    
388.6000us:   1195     1662    
388.7000us:    624     1950    
388.8000us:     -9     2047    
388.9000us:   -642     1943    
389.0000us:  -1211     1651    
389.1000us:  -1662     1195    
389.2000us:  -1950      624    
389.3000us:  -2047       -9    
389.4000us:  -1943     -642    
389.5000us:  -1651    -1211    
389.6000us:  -1195    -1662    
389.7000us:   -624    -1950    
389.8000us:      9    -2047    
389.9000us:    642    -1943    
390.0000us:   1211    -1651    
390.1000us:   1662    -1195    
390.2000us:   1950     -624    
390.3000us:   2047        9    
390.4000us:   1943      642    
390.5000us:   1651     1211    
390.6000us:   1195     1662    
390.7000us:    624     1950    
390.8000us:    -10     2047    
390.9000us:   -642     1943    
391.0000us:  -1211     1651    
391.1000us:  -1662     1195    
391.2000us:  -1950      624    
391.3000us:  -2047      -10    
391.4000us:  -1943     -642    
391.5000us:  -1651    -1211    
391.6000us:  -1195    -1662    
391.7000us:   -624    -1950    
391.8000us:     10    -2047    
391.9000us:    642    -1943    
392.0000us:   1211    -1651    
392.1000us:   1662    -1195    
392.2000us:   1950     -624    
392.3000us:   2047       10    
392.4000us:   1943      642    
392.5000us:   1651     1211    
392.6000us:   1195     1662    
392.7000us:    624     1950    
392.8000us:    -10     2047    
392.9000us:   -642     1943    
393.0000us:  -1211     1651    
393.1000us:  -1662     1195    
393.2000us:  -1950      624    
393.3000us:  -2047      -10    
393.4000us:  -1943     -642    
393.5000us:  -1651    -1211    
393.6000us:  -1195    -1662    
393.7000us:   -624    -1950    
393.8000us:     10    -2047    
393.9000us:    642    -1943    
394.0000us:   1211    -1651    
394.1000us:   1662    -1195    
394.2000us:   1950     -624    
394.3000us:   2047       10    
394.4000us:   1943      642    
394.5000us:   1651     1211    
394.6000us:   1195     1662    
394.7000us:    624     1950    
394.8000us:    -10     2047    
394.9000us:   -642     1943    
395.0000us:  -1211     1651    
395.1000us:  -1662     1195    
395.2000us:  -1950      624    
395.3000us:  -2047      -10    
395.4000us:  -1943     -642    
395.5000us:  -1651    -1211    
395.6000us:  -1195    -1662    
395.7000us:   -624    -1950    
395.8000us:     10    -2047    
395.9000us:    642    -1943    
396.0000us:   1211    -1651    
396.1000us:   1662    -1195    
396.2000us:   1950     -624    
396.3000us:   2047       10    
396.4000us:   1943      642    
396.5000us:   1651     1211    
396.6000us:   1195     1662    
396.7000us:    624     1950    
396.8000us:    -10     2047    
396.9000us:   -642     1943    
397.0000us:  -1211     1651    
397.1000us:  -1662     1195    
397.2000us:  -1950      623    
397.3000us:  -2047      -10    
397.4000us:  -1943     -642    
397.5000us:  -1651    -1211    
397.6000us:  -1195    -1662    
397.7000us:   -623    -1950    
397.8000us:     10    -2047    
397.9000us:    642    -1943    
398.0000us:   1211    -1651    
398.1000us:   1662    -1195    
398.2000us:   1950     -623    
398.3000us:   2047       10    
398.4000us:   1943      642    
398.5000us:   1651     1211    
398.6000us:   1195     1662    
398.7000us:    623     1950    
398.8000us:    -10     2047    
398.9000us:   -642     1943    
399.0000us:  -1211     1651    
399.1000us:  -1662     1195    
399.2000us:  -1950      623    
399.3000us:  -2047      -10    
399.4000us:  -1943     -642    
399.5000us:  -1651    -1211    
399.6000us:  -1195    -1662    
399.7000us:   -623    -1950    
399.8000us:     10    -2047    
399.9000us:    642    -1943    
400.0000us:   1211    -1651    
400.1000us:   1662    -1195    
400.2000us:   1950     -623    
400.3000us:   2047       10    
400.4000us:   1943      642    
400.5000us:   1651     1211    
400.6000us:   1195     1662    
400.7000us:    623     1950    
400.8000us:    -10     2047    
400.9000us:   -642     1943    
401.0000us:  -1211     1651    
401.1000us:  -1662     1195    
401.2000us:  -1950      623    
401.3000us:  -2047      -10    
401.4000us:  -1943     -642    
401.5000us:  -1651    -1211    
401.6000us:  -1195    -1662    
401.7000us:   -623    -1950    
401.8000us:     10    -2047    
401.9000us:    642    -1943    
402.0000us:   1211    -1651    
402.1000us:   1662    -1195    
402.2000us:   1950     -623    
402.3000us:   2047       10    
402.4000us:   1943      642    
402.5000us:   1651     1211    
402.6000us:   1195     1662    
402.7000us:    623     1950    
402.8000us:    -10     2047    
402.9000us:   -642     1943    
403.0000us:  -1211     1651    
403.1000us:  -1662     1195    
403.2000us:  -1950      623    
403.3000us:  -2047      -10    
403.4000us:  -1943     -642    
403.5000us:  -1651    -1211    
403.6000us:  -1194    -1662    
403.7000us:   -623    -1950    
403.8000us:     10    -2047    
403.9000us:    642    -1943    
404.0000us:   1211    -1651    
404.1000us:   1662    -1194    
404.2000us:   1950     -623    
404.3000us:   2047       10    
404.4000us:   1943      642    
404.5000us:   1651     1211    
404.6000us:   1194     1662    
404.7000us:    623     1950    
404.8000us:    -10     2047    
404.9000us:   -642     1943    
405.0000us:  -1211     1651    
405.1000us:  -1662     1194    
405.2000us:  -1950      623    
405.3000us:  -2047      -10    
405.4000us:  -1943     -642    
405.5000us:  -1651    -1211    
405.6000us:  -1194    -1662    
405.7000us:   -623    -1950    
405.8000us:     10    -2047    
405.9000us:    642    -1943    
406.0000us:   1211    -1651    
406.1000us:   1662    -1194    
406.2000us:   1950     -623    
406.3000us:   2047       10    
406.4000us:   1943      642    
406.5000us:   1651     1211    
406.6000us:   1194     1662    
406.7000us:    623     1950    
406.8000us:    -10     2047    
406.9000us:   -642     1943    
407.0000us:  -1211     1651    
407.1000us:  -1662     1194    
407.2000us:  -1950      623    
407.3000us:  -2047      -10    
407.4000us:  -1943     -642    
407.5000us:  -1651    -1211    
407.6000us:  -1194    -1662    
407.7000us:   -623    -1950    
407.8000us:     10    -2047    
407.9000us:    642    -1943    
408.0000us:   1211    -1651    
408.1000us:   1662    -1194    
408.2000us:   1950     -623    
408.3000us:   2047       10    
408.4000us:   1943      642    
408.5000us:   1651     1211    
408.6000us:   1194     1662    
408.7000us:    623     1950    
408.8000us:    -10     2047    
408.9000us:   -642     1943    
409.0000us:  -1211     1651    
409.1000us:  -1662     1194    
409.2000us:  -1950      623    
409.3000us:  -2047      -10    
409.4000us:  -1943     -642    
409.5000us:  -1651    -1211    
409.6000us:  -1194    -1662    
409.7000us:   -623    -1950    
409.8000us:     10    -2047    
409.9000us:    642    -1943    
410.0000us:   1211    -1650    
410.1000us:   1662    -1194    
410.2000us:   1950     -623    
410.3000us:   2047       10    
410.4000us:   1943      642    
410.5000us:   1650     1211    
410.6000us:   1194     1662    
410.7000us:    623     1950    
410.8000us:    -10     2047    
410.9000us:   -642     1943    
411.0000us:  -1211     1650    
411.1000us:  -1662     1194    
411.2000us:  -1950      623    
411.3000us:  -2047      -10    
411.4000us:  -1943     -642    
411.5000us:  -1650    -1211    
411.6000us:  -1194    -1662    
411.7000us:   -623    -1950    
411.8000us:     10    -2047    
411.9000us:    642    -1943    
412.0000us:   1211    -1650    
412.1000us:   1662    -1194    
412.2000us:   1950     -623    
412.3000us:   2047       10    
412.4000us:   1943      642    
412.5000us:   1650     1211    
412.6000us:   1194     1662    
412.7000us:    623     1950    
412.8000us:    -10     2047    
412.9000us:   -642     1943    
413.0000us:  -1211     1650    
413.1000us:  -1662     1194    
413.2000us:  -1950      623    
413.3000us:  -2047      -10    
413.4000us:  -1943     -642    
413.5000us:  -1650    -1211    
413.6000us:  -1194    -1662    
413.7000us:   -623    -1950    
413.8000us:     10    -2047    
413.9000us:    642    -1943    
414.0000us:   1211    -1650    
414.1000us:   1662    -1194    
414.2000us:   1950     -623    
414.3000us:   2047       10    
414.4000us:   1943      642    
414.5000us:   1650     1211    
414.6000us:   1194     1662    
414.7000us:    623     1950    
414.8000us:    -10     2047    
414.9000us:   -642     1943    
415.0000us:  -1211     1650    
415.1000us:  -1662     1194    
415.2000us:  -1950      623    
415.3000us:  -2047      -10    
415.4000us:  -1943     -642    
415.5000us:  -1650    -1211    
415.6000us:  -1194    -1662    
415.7000us:   -623    -1950    
415.8000us:     10    -2047    
415.9000us:    642    -1943    
416.0000us:   1211    -1650    
416.1000us:   1662    -1194    
416.2000us:   1950     -623    
416.3000us:   2047       10    
416.4000us:   1944      643    
416.5000us:   1650     1211    
416.6000us:   1194     1662    
416.7000us:    623     1950    
416.8000us:    -10     2047    
416.9000us:   -643     1944    
417.0000us:  -1211     1650    
417.1000us:  -1662     1194    
417.2000us:  -1950      623    
417.3000us:  -2047      -10    
417.4000us:  -1944     -643    
417.5000us:  -1650    -1211    
417.6000us:  -1194    -1662    
417.7000us:   -623    -1950    
417.8000us:     10    -2047    
417.9000us:    643    -1944    
418.0000us:   1211    -1650    
418.1000us:   1662    -1194    
418.2000us:   1950     -623    
418.3000us:   2047       10    
418.4000us:   1944      643    
418.5000us:   1650     1211    
418.6000us:   1194     1662    
418.7000us:    623     1950    
418.8000us:    -10     2047    
418.9000us:   -643     1944    
419.0000us:  -1211     1650    
419.1000us:  -1662     1194    
419.2000us:  -1950      623    
419.3000us:  -2047      -10    
419.4000us:  -1944     -643    
419.5000us:  -1650    -1211    
419.6000us:  -1194    -1662    
419.7000us:   -623    -1950    
419.8000us:     10    -2047    
419.9000us:    643    -1944    
420.0000us:   1211    -1650    
420.1000us:   1662    -1194    
420.2000us:   1950     -623    
420.3000us:   2047       10    
420.4000us:   1944      643    
420.5000us:   1650     1211    
420.6000us:   1194     1662    
420.7000us:    623     1950    
420.8000us:    -10     2047    
420.9000us:   -643     1944    
421.0000us:  -1211     1650    
421.1000us:  -1662     1194    
421.2000us:  -1950      623    
421.3000us:  -2047      -10    
421.4000us:  -1944     -643    
421.5000us:  -1650    -1211    
421.6000us:  -1194    -1662    
421.7000us:   -623    -1950    
421.8000us:     10    -2047    
421.9000us:    643    -1944    
422.0000us:   1211    -1650    
422.1000us:   1662    -1194    
422.2000us:   1950     -623    
422.3000us:   2047       10    
422.4000us:   1944      643    
422.5000us:   1650     1211    
422.6000us:   1194     1662    
422.7000us:    623     1950    
422.8000us:    -11     2047    
422.9000us:   -643     1944    
423.0000us:  -1211     1650    
423.1000us:  -1662     1194    
423.2000us:  -1950      623    
423.3000us:  -2047      -11    
423.4000us:  -1944     -643    
423.5000us:  -1650    -1211    
423.6000us:  -1194    -1662    
423.7000us:   -623    -1950    
423.8000us:     11    -2047    
423.9000us:    643    -1944    
424.0000us:   1211    -1650    
424.1000us:   1662    -1194    
424.2000us:   1950     -623    
424.3000us:   2047       11    
424.4000us:   1944      643    
424.5000us:   1650     1211    
424.6000us:   1194     1662    
424.7000us:    623     1950    
424.8000us:    -11     2047    
424.9000us:   -643     1944    
425.0000us:  -1211     1650    
425.1000us:  -1662     1194    
425.2000us:  -1950      623    
425.3000us:  -2047      -11    
425.4000us:  -1944     -643    
425.5000us:  -1650    -1211    
425.6000us:  -1194    -1662    
425.7000us:   -623    -1950    
425.8000us:     11    -2047    
425.9000us:    643    -1944    
426.0000us:   1211    -1650    
426.1000us:   1662    -1194    
426.2000us:   1950     -623    
426.3000us:   2047       11    
426.4000us:   1944      643    
426.5000us:   1650     1211    
426.6000us:   1194     1662    
426.7000us:    623     1950    
426.8000us:    -11     2047    
426.9000us:   -643     1944    
427.0000us:  -1211     1650    
427.1000us:  -1662     1194    
427.2000us:  -1950      623    
427.3000us:  -2047      -11    
427.4000us:  -1944     -643    
427.5000us:  -1650    -1211    
427.6000us:  -1194    -1662    
427.7000us:   -623    -1950    
427.8000us:     11    -2047    
427.9000us:    643    -1944    
428.0000us:   1211    -1650    
428.1000us:   1662    -1194    
428.2000us:   1950     -623    
428.3000us:   2047       11    
428.4000us:   1944      643    
428.5000us:   1650     1211    
428.6000us:   1194     1662    
428.7000us:    623     1950    
428.8000us:    -11     2047    
428.9000us:   -643     1944    
429.0000us:  -1211     1650    
429.1000us:  -1662     1194    
429.2000us:  -1950      622    
429.3000us:  -2047      -11    
429.4000us:  -1944     -643    
429.5000us:  -1650    -1211    
429.6000us:  -1194    -1662    
429.7000us:   -622    -1950    
429.8000us:     11    -2047    
429.9000us:    643    -1944    
430.0000us:   1211    -1650    
430.1000us:   1662    -1194    
430.2000us:   1950     -622    
430.3000us:   2047       11    
430.4000us:   1944      643    
430.5000us:   1650     1211    
430.6000us:   1194     1662    
430.7000us:    622     1950    
430.8000us:    -11     2047    
430.9000us:   -643     1944    
431.0000us:  -1211     1650    
431.1000us:  -1662     1194    
431.2000us:  -1950      622    
431.3000us:  -2047      -11    
431.4000us:  -1944     -643    
431.5000us:  -1650    -1211    
431.6000us:  -1194    -1662    
431.7000us:   -622    -1950    
431.8000us:     11    -2047    
431.9000us:    643    -1944    
432.0000us:   1211    -1650    
432.1000us:   1662    -1194    
432.2000us:   1950     -622    
432.3000us:   2047       11    
432.4000us:   1944      643    
432.5000us:   1650     1211    
432.6000us:   1194     1662    
432.7000us:    622     1950    
432.8000us:    -11     2047    
432.9000us:   -643     1944    
433.0000us:  -1211     1650    
433.1000us:  -1662     1194    
433.2000us:  -1950      622    
433.3000us:  -2047      -11    
433.4000us:  -1944     -643    
433.5000us:  -1650    -1211    
433.6000us:  -1194    -1662    
433.7000us:   -622    -1950    
433.8000us:     11    -2047    
433.9000us:    643    -1944    
434.0000us:   1211    -1650    
434.1000us:   1662    -1194    
434.2000us:   1950     -622    
434.3000us:   2047       11    
434.4000us:   1944      643    
434.5000us:   1650     1211    
434.6000us:   1194     1662    
434.7000us:    622     1950    
434.8000us:    -11     2047    
434.9000us:   -643     1944    
435.0000us:  -1211     1650    
435.1000us:  -1662     1194    
435.2000us:  -1950      622    
435.3000us:  -2047      -11    
435.4000us:  -1944     -643    
435.5000us:  -1650    -1211    
435.6000us:  -1194    -1663    
435.7000us:   -622    -1950    
435.8000us:     11    -2047    
435.9000us:    643    -1944    
436.0000us:   1211    -1650    
436.1000us:   1663    -1194    
436.2000us:   1950     -622    
436.3000us:   2047       11    
436.4000us:   1944      643    
436.5000us:   1650     1211    
436.6000us:   1194     1663    
436.7000us:    622     1950    
436.8000us:    -11     2047    
436.9000us:   -643     1944    
437.0000us:  -1211     1650    
437.1000us:  -1663     1194    
437.2000us:  -1950      622    
437.3000us:  -2047      -11    
437.4000us:  -1944     -643    
437.5000us:  -1650    -1211    
437.6000us:  -1194    -1663    
437.7000us:   -622    -1950    
437.8000us:     11    -2047    
437.9000us:    643    -1944    
438.0000us:   1211    -1650    
438.1000us:   1663    -1194    
438.2000us:   1950     -622    
438.3000us:   2047       11    
438.4000us:   1944      643    
438.5000us:   1650     1211    
438.6000us:   1194     1663    
438.7000us:    622     1950    
438.8000us:    -11     2047    
438.9000us:   -643     1944    
439.0000us:  -1211     1650    
439.1000us:  -1663     1194    
439.2000us:  -1950      622    
439.3000us:  -2047      -11    
439.4000us:  -1944     -643    
439.5000us:  -1650    -1211    
439.6000us:  -1194    -1663    
439.7000us:   -622    -1950    
439.8000us:     11    -2047    
439.9000us:    643    -1944    
440.0000us:   1211    -1650    
440.1000us:   1663    -1194    
440.2000us:   1950     -622    
440.3000us:   2047       11    
440.4000us:   1944      643    
440.5000us:   1650     1211    
440.6000us:   1194     1663    
440.7000us:    622     1950    
440.8000us:    -11     2047    
440.9000us:   -643     1944    
441.0000us:  -1211     1650    
441.1000us:  -1663     1194    
441.2000us:  -1950      622    
441.3000us:  -2047      -11    
441.4000us:  -1944     -643    
441.5000us:  -1650    -1211    
441.6000us:  -1194    -1663    
441.7000us:   -622    -1950    
441.8000us:     11    -2047    
441.9000us:    643    -1944    
442.0000us:   1212    -1650    
442.1000us:   1663    -1194    
442.2000us:   1950     -622    
442.3000us:   2047       11    
442.4000us:   1944      643    
442.5000us:   1650     1212    
442.6000us:   1194     1663    
442.7000us:    622     1950    
442.8000us:    -11     2047    
442.9000us:   -643     1944    
443.0000us:  -1212     1650    
443.1000us:  -1663     1194    
443.2000us:  -1950      622    
443.3000us:  -2047      -11    
443.4000us:  -1944     -643    
443.5000us:  -1650    -1212    
443.6000us:  -1194    -1663    
443.7000us:   -622    -1950    
443.8000us:     11    -2047    
443.9000us:    643    -1944    
444.0000us:   1212    -1650    
444.1000us:   1663    -1194    
444.2000us:   1950     -622    
444.3000us:   2047       11    
444.4000us:   1944      643    
444.5000us:   1650     1212    
444.6000us:   1194     1663    
444.7000us:    622     1950    
444.8000us:    -11     2047    
444.9000us:   -643     1944    
445.0000us:  -1212     1650    
445.1000us:  -1663     1194    
445.2000us:  -1950      622    
445.3000us:  -2047      -11    
445.4000us:  -1944     -643    
445.5000us:  -1650    -1212    
445.6000us:  -1194    -1663    
445.7000us:   -622    -1950    
445.8000us:     11    -2047    
445.9000us:    643    -1944    
446.0000us:   1212    -1650    
446.1000us:   1663    -1194    
446.2000us:   1950     -622    
446.3000us:   2047       11    
446.4000us:   1944      643    
446.5000us:   1650     1212    
446.6000us:   1194     1663    
446.7000us:    622     1950    
446.8000us:    -11     2047    
446.9000us:   -643     1944    
447.0000us:  -1212     1650    
447.1000us:  -1663     1194    
447.2000us:  -1950      622    
447.3000us:  -2047      -11    
447.4000us:  -1944     -643    
447.5000us:  -1650    -1212    
447.6000us:  -1194    -1663    
447.7000us:   -622    -1950    
447.8000us:     11    -2047    
447.9000us:    643    -1944    
448.0000us:   1212    -1650    
448.1000us:   1663    -1194    
448.2000us:   1950     -622    
448.3000us:   2047       11    
448.4000us:   1943      643    
448.5000us:   1650     1212    
448.6000us:   1194     1663    
448.7000us:    622     1950    
448.8000us:    -11     2047    
448.9000us:   -643     1943    
449.0000us:  -1212     1650    
449.1000us:  -1663     1194    
449.2000us:  -1950      622    
449.3000us:  -2047      -11    
449.4000us:  -1943     -643    
449.5000us:  -1650    -1212    
449.6000us:  -1194    -1663    
449.7000us:   -622    -1950    
449.8000us:     11    -2047    
449.9000us:    643    -1943    
450.0000us:   1212    -1650    
450.1000us:   1663    -1194    
450.2000us:   1950     -622    
450.3000us:   2047       11    
450.4000us:   1943      643    
450.5000us:   1650     1212    
450.6000us:   1194     1663    
450.7000us:    622     1950    
450.8000us:    -11     2047    
450.9000us:   -643     1943    
451.0000us:  -1212     1650    
451.1000us:  -1663     1194    
451.2000us:  -1950      622    
451.3000us:  -2047      -11    
451.4000us:  -1943     -643    
451.5000us:  -1650    -1212    
451.6000us:  -1194    -1663    
451.7000us:   -622    -1950    
451.8000us:     11    -2047    
451.9000us:    643    -1943    
452.0000us:   1212    -1650    
452.1000us:   1663    -1194    
452.2000us:   1950     -622    
452.3000us:   2047       11    
452.4000us:   1943      643    
452.5000us:   1650     1212    
452.6000us:   1194     1663    
452.7000us:    622     1950    
452.8000us:    -11     2047    
452.9000us:   -643     1943    
453.0000us:  -1212     1650    
453.1000us:  -1663     1194    
453.2000us:  -1950      622    
453.3000us:  -2047      -11    
453.4000us:  -1943     -643    
453.5000us:  -1650    -1212    
453.6000us:  -1194    -1663    
453.7000us:   -622    -1950    
453.8000us:     11    -2047    
453.9000us:    643    -1943    
454.0000us:   1212    -1650    
454.1000us:   1663    -1194    
454.2000us:   1950     -622    
454.3000us:   2047       11    
454.4000us:   1943      643    
454.5000us:   1650     1212    
454.6000us:   1194     1663    
454.7000us:    622     1950    
454.8000us:    -11     2047    
454.9000us:   -643     1943    
455.0000us:  -1212     1650    
455.1000us:  -1663     1194    
455.2000us:  -1950      622    
455.3000us:  -2047      -11    
455.4000us:  -1943     -643    
455.5000us:  -1650    -1212    
455.6000us:  -1194    -1663    
455.7000us:   -622    -1950    
455.8000us:     11    -2047    
455.9000us:    643    -1943    
456.0000us:   1212    -1650    
456.1000us:   1663    -1194    
456.2000us:   1950     -622    
456.3000us:   2047       11    
456.4000us:   1943      643    
456.5000us:   1650     1212    
456.6000us:   1194     1663    
456.7000us:    622     1950    
456.8000us:    -11     2047    
456.9000us:   -643     1943    
457.0000us:  -1212     1650    
457.1000us:  -1663     1194    
457.2000us:  -1950      622    
457.3000us:  -2047      -11    
457.4000us:  -1943     -643    
457.5000us:  -1650    -1212    
457.6000us:  -1194    -1663    
457.7000us:   -622    -1950    
457.8000us:     11    -2047    
457.9000us:    643    -1943    
458.0000us:   1212    -1650    
458.1000us:   1663    -1194    
458.2000us:   1950     -622    
458.3000us:   2047       11    
458.4000us:   1943      643    
458.5000us:   1650     1212    
458.6000us:   1194     1663    
458.7000us:    622     1950    
458.8000us:    -11     2047    
458.9000us:   -643     1943    
459.0000us:  -1212     1650    
459.1000us:  -1663     1194    
459.2000us:  -1950      622    
459.3000us:  -2047      -11    
459.4000us:  -1943     -643    
459.5000us:  -1650    -1212    
459.6000us:  -1194    -1663    
459.7000us:   -622    -1950    
459.8000us:     11    -2047    
459.9000us:    643    -1943    
460.0000us:   1212    -1650    
460.1000us:   1663    -1194    
460.2000us:   1950     -622    
460.3000us:   2047       11    
460.4000us:   1943      643    
460.5000us:   1650     1212    
460.6000us:   1194     1663    
460.7000us:    622     1950    
460.8000us:    -11     2047    
460.9000us:   -643     1943    
461.0000us:  -1212     1650    
461.1000us:  -1663     1194    
461.2000us:  -1951      621    
461.3000us:  -2047      -11    
461.4000us:  -1943     -643    
461.5000us:  -1650    -1212    
461.6000us:  -1194    -1663    
461.7000us:   -621    -1951    
461.8000us:     11    -2047    
461.9000us:    643    -1943    
462.0000us:   1212    -1650    
462.1000us:   1663    -1194    
462.2000us:   1951     -621    
462.3000us:   2047       11    
462.4000us:   1943      643    
462.5000us:   1650     1212    
462.6000us:   1194     1663    
462.7000us:    621     1951    
462.8000us:    -11     2047    
462.9000us:   -643     1943    
463.0000us:  -1212     1650    
463.1000us:  -1663     1194    
463.2000us:  -1951      621    
463.3000us:  -2047      -11    
463.4000us:  -1943     -643    
463.5000us:  -1650    -1212    
463.6000us:  -1194    -1663    
463.7000us:   -621    -1951    
463.8000us:     11    -2047    
463.9000us:    643    -1943    
464.0000us:   1212    -1650    
464.1000us:   1663    -1194    
464.2000us:   1951     -621    
464.3000us:   2047       11    
464.4000us:   1943      643    
464.5000us:   1650     1212    
464.6000us:   1194     1663    
464.7000us:    621     1951    
464.8000us:    -11     2047    
464.9000us:   -643     1943    
465.0000us:  -1212     1650    
465.1000us:  -1663     1194    
465.2000us:  -1951      621    
465.3000us:  -2047      -11    
465.4000us:  -1943     -643    
465.5000us:  -1650    -1212    
465.6000us:  -1194    -1663    
465.7000us:   -621    -1951    
465.8000us:     11    -2047    
465.9000us:    643    -1943    
466.0000us:   1212    -1650    
466.1000us:   1663    -1194    
466.2000us:   1951     -621    
466.3000us:   2047       11    
466.4000us:   1943      643    
466.5000us:   1650     1212    
466.6000us:   1194     1663    
466.7000us:    621     1951    
466.8000us:    -11     2047    
466.9000us:   -643     1943    
467.0000us:  -1212     1650    
467.1000us:  -1663     1194    
467.2000us:  -1951      621    
467.3000us:  -2047      -11    
467.4000us:  -1943     -643    
467.5000us:  -1650    -1212    
467.6000us:  -1193    -1663    
467.7000us:   -621    -1951    
467.8000us:     11    -2047    
467.9000us:    643    -1943    
468.0000us:   1212    -1650    
468.1000us:   1663    -1193    
468.2000us:   1951     -621    
468.3000us:   2047       11    
468.4000us:   1943      643    
468.5000us:   1650     1212    
468.6000us:   1193     1663    
468.7000us:    621     1951    
468.8000us:    -11     2047    
468.9000us:   -643     1943    
469.0000us:  -1212     1650    
469.1000us:  -1663     1193    
469.2000us:  -1951      621    
469.3000us:  -2047      -11    
469.4000us:  -1943     -643    
469.5000us:  -1650    -1212    
469.6000us:  -1193    -1663    
469.7000us:   -621    -1951    
469.8000us:     11    -2047    
469.9000us:    643    -1943    
470.0000us:   1212    -1650    
470.1000us:   1663    -1193    
470.2000us:   1951     -621    
470.3000us:   2047       11    
470.4000us:   1943      643    
470.5000us:   1650     1212    
470.6000us:   1193     1663    
470.7000us:    621     1951    
470.8000us:    -11     2047    
470.9000us:   -643     1943    
471.0000us:  -1212     1650    
471.1000us:  -1663     1193    
471.2000us:  -1951      621    
471.3000us:  -2047      -11    
471.4000us:  -1943     -643    
471.5000us:  -1650    -1212    
471.6000us:  -1193    -1663    
471.7000us:   -621    -1951    
471.8000us:     11    -2047    
471.9000us:    643    -1943    
472.0000us:   1212    -1650    
472.1000us:   1663    -1193    
472.2000us:   1951     -621    
472.3000us:   2047       11    
472.4000us:   1943      643    
472.5000us:   1650     1212    
472.6000us:   1193     1663    
472.7000us:    621     1951    
472.8000us:    -11     2047    
472.9000us:   -643     1943    
473.0000us:  -1212     1650    
473.1000us:  -1663     1193    
473.2000us:  -1951      621    
473.3000us:  -2047      -11    
473.4000us:  -1943     -643    
473.5000us:  -1650    -1212    
473.6000us:  -1193    -1663    
473.7000us:   -621    -1951    
473.8000us:     11    -2047    
473.9000us:    643    -1943    
474.0000us:   1213    -1649    
474.1000us:   1663    -1193    
474.2000us:   1951     -621    
474.3000us:   2047       11    
474.4000us:   1943      643    
474.5000us:   1649     1213    
474.6000us:   1193     1663    
474.7000us:    621     1951    
474.8000us:    -11     2047    
474.9000us:   -643     1943    
475.0000us:  -1213     1649    
475.1000us:  -1663     1193    
475.2000us:  -1951      621    
475.3000us:  -2047      -11    
475.4000us:  -1943     -643    
475.5000us:  -1649    -1213    
475.6000us:  -1193    -1663    
475.7000us:   -621    -1951    
475.8000us:     11    -2047    
475.9000us:    643    -1943    
476.0000us:   1213    -1649    
476.1000us:   1663    -1193    
476.2000us:   1951     -621    
476.3000us:   2047       11    
476.4000us:   1943      643    
476.5000us:   1649     1213    
476.6000us:   1193     1663    
476.7000us:    621     1951    
476.8000us:    -11     2047    
476.9000us:   -643     1943    
477.0000us:  -1213     1649    
477.1000us:  -1663     1193    
477.2000us:  -1951      621    
477.3000us:  -2047      -11    
477.4000us:  -1943     -643    
477.5000us:  -1649    -1213    
477.6000us:  -1193    -1663    
477.7000us:   -621    -1951    
477.8000us:     11    -2047    
477.9000us:    643    -1943    
478.0000us:   1213    -1649    
478.1000us:   1663    -1193    
478.2000us:   1951     -621    
478.3000us:   2047       11    
478.4000us:   1943      643    
478.5000us:   1649     1213    
478.6000us:   1193     1663    
478.7000us:    621     1951    
478.8000us:    -11     2047    
478.9000us:   -643     1943    
479.0000us:  -1213     1649    
479.1000us:  -1663     1193    
479.2000us:  -1951      621    
479.3000us:  -2047      -11    
479.4000us:  -1943     -643    
479.5000us:  -1649    -1213    
479.6000us:  -1193    -1663    
479.7000us:   -621    -1951    
479.8000us:     11    -2047    
479.9000us:    643    -1943    
480.0000us:   1213    -1649    
480.1000us:   1663    -1193    
480.2000us:   1951     -621    
480.3000us:   2047       11    
480.4000us:   1943      644    
480.5000us:   1649     1213    
480.6000us:   1193     1663    
480.7000us:    621     1951    
480.8000us:    -11     2047    
480.9000us:   -644     1943    
481.0000us:  -1213     1649    
481.1000us:  -1663     1193    
481.2000us:  -1951      621    
481.3000us:  -2047      -11    
481.4000us:  -1943     -644    
481.5000us:  -1649    -1213    
481.6000us:  -1193    -1663    
481.7000us:   -621    -1951    
481.8000us:     11    -2047    
481.9000us:    644    -1943    
482.0000us:   1213    -1649    
482.1000us:   1663    -1193    
482.2000us:   1951     -621    
482.3000us:   2047       11    
482.4000us:   1943      644    
482.5000us:   1649     1213    
482.6000us:   1193     1663    
482.7000us:    621     1951    
482.8000us:    -11     2047    
482.9000us:   -644     1943    
483.0000us:  -1213     1649    
483.1000us:  -1663     1193    
483.2000us:  -1951      621    
483.3000us:  -2047      -11    
483.4000us:  -1943     -644    
483.5000us:  -1649    -1213    
483.6000us:  -1193    -1663    
483.7000us:   -621    -1951    
483.8000us:     11    -2047    
483.9000us:    644    -1943    
484.0000us:   1213    -1649    
484.1000us:   1663    -1193    
484.2000us:   1951     -621    
484.3000us:   2047       11    
484.4000us:   1943      644    
484.5000us:   1649     1213    
484.6000us:   1193     1663    
484.7000us:    621     1951    
484.8000us:    -11     2047    
484.9000us:   -644     1943    
485.0000us:  -1213     1649    
485.1000us:  -1663     1193    
485.2000us:  -1951      621    
485.3000us:  -2047      -11    
485.4000us:  -1943     -644    
485.5000us:  -1649    -1213    
485.6000us:  -1193    -1663    
485.7000us:   -621    -1951    
485.8000us:     11    -2047    
485.9000us:    644    -1943    
486.0000us:   1213    -1649    
486.1000us:   1663    -1193    
486.2000us:   1951     -621    
486.3000us:   2047       11    
486.4000us:   1943      644    
486.5000us:   1649     1213    
486.6000us:   1193     1663    
486.7000us:    621     1951    
486.8000us:    -12     2047    
486.9000us:   -644     1943    
487.0000us:  -1213     1649    
487.1000us:  -1663     1193    
487.2000us:  -1951      621    
487.3000us:  -2047      -12    
487.4000us:  -1943     -644    
487.5000us:  -1649    -1213    
487.6000us:  -1193    -1663    
487.7000us:   -621    -1951    
487.8000us:     12    -2047    
487.9000us:    644    -1943    
488.0000us:   1213    -1649    
488.1000us:   1663    -1193    
488.2000us:   1951     -621    
488.3000us:   2047       12    
488.4000us:   1943      644    
488.5000us:   1649     1213    
488.6000us:   1193     1663    
488.7000us:    621     1951    
488.8000us:    -12     2047    
488.9000us:   -644     1943    
489.0000us:  -1213     1649    
489.1000us:  -1663     1193    
489.2000us:  -1951      621    
489.3000us:  -2047      -12    
489.4000us:  -1943     -644    
489.5000us:  -1649    -1213    
489.6000us:  -1193    -1663    
489.7000us:   -621    -1951    
489.8000us:     12    -2047    
489.9000us:    644    -1943    
490.0000us:   1213    -1649    
490.1000us:   1663    -1193    
490.2000us:   1951     -621    
490.3000us:   2047       12    
490.4000us:   1943      644    
490.5000us:   1649     1213    
490.6000us:   1193     1663    
490.7000us:    621     1951    
490.8000us:    -12     2047    
490.9000us:   -644     1943    
491.0000us:  -1213     1649    
491.1000us:  -1663     1193    
491.2000us:  -1951      621    
491.3000us:  -2047      -12    
491.4000us:  -1943     -644    
491.5000us:  -1649    -1213    
491.6000us:  -1193    -1663    
491.7000us:   -621    -1951    
491.8000us:     12    -2047    
491.9000us:    644    -1943    
492.0000us:   1213    -1649    
492.1000us:   1663    -1193    
492.2000us:   1951     -621    
492.3000us:   2047       12    
492.4000us:   1943      644    
492.5000us:   1649     1213    
492.6000us:   1193     1663    
492.7000us:    621     1951    
492.8000us:    -12     2047    
492.9000us:   -644     1943    
493.0000us:  -1213     1649    
493.1000us:  -1663     1193    
493.2000us:  -1951      621    
493.3000us:  -2047      -12    
493.4000us:  -1943     -644    
493.5000us:  -1649    -1213    
493.6000us:  -1193    -1663    
493.7000us:   -621    -1951    
493.8000us:     12    -2047    
493.9000us:    644    -1943    
494.0000us:   1213    -1649    
494.1000us:   1663    -1193    
494.2000us:   1951     -621    
494.3000us:   2047       12    
494.4000us:   1943      644    
494.5000us:   1649     1213    
494.6000us:   1193     1663    
494.7000us:    621     1951    
494.8000us:    -12     2047    
494.9000us:   -644     1943    
495.0000us:  -1213     1649    
495.1000us:  -1663     1193    
495.2000us:  -1951      621    
495.3000us:  -2047      -12    
495.4000us:  -1943     -644    
495.5000us:  -1649    -1213    
495.6000us:  -1193    -1663    
495.7000us:   -621    -1951    
495.8000us:     12    -2047    
495.9000us:    644    -1943    
496.0000us:   1213    -1649    
496.1000us:   1663    -1193    
496.2000us:   1951     -621    
496.3000us:   2047       12    
496.4000us:   1943      644    
496.5000us:   1649     1213    
496.6000us:   1193     1663    
496.7000us:    621     1951    
496.8000us:    -12     2047    
496.9000us:   -644     1943    
497.0000us:  -1213     1649    
497.1000us:  -1663     1193    
497.2000us:  -1951      621    
497.3000us:  -2047      -12    
497.4000us:  -1943     -644    
497.5000us:  -1649    -1213    
497.6000us:  -1193    -1663    
497.7000us:   -621    -1951    
497.8000us:     12    -2047    
497.9000us:    644    -1943    
498.0000us:   1213    -1649    
498.1000us:   1663    -1193    
498.2000us:   1951     -621    
498.3000us:   2047       12    
498.4000us:   1943      644    
498.5000us:   1649     1213    
498.6000us:   1193     1663    
498.7000us:    621     1951    
498.8000us:    -12     2047    
498.9000us:   -644     1943    
499.0000us:  -1213     1649    
499.1000us:  -1663     1193    
499.2000us:  -1951      621    
499.3000us:  -2047      -12    
499.4000us:  -1943     -644    
499.5000us:  -1649    -1213    
499.6000us:  -1192    -1664    
499.7000us:   -621    -1951    
499.8000us:     12    -2047    
499.9000us:    644    -1943    
500.0000us:   1213    -1649    
500.1000us:   1664    -1192    
500.2000us:   1951     -621    
500.3000us:   2047       12    
500.4000us:   1943      644    
500.5000us:   1649     1213    
500.6000us:   1192     1664    
500.7000us:    621     1951    
500.8000us:    -12     2047    
500.9000us:   -644     1943    
501.0000us:  -1213     1649    
501.1000us:  -1664     1192    
501.2000us:  -1951      621    
501.3000us:  -2047      -12    
501.4000us:  -1943     -644    
501.5000us:  -1649    -1213    
501.6000us:  -1192    -1664    
501.7000us:   -621    -1951    
501.8000us:     12    -2047    
501.9000us:    644    -1943    
502.0000us:   1213    -1649    
502.1000us:   1664    -1192    
502.2000us:   1951     -621    
502.3000us:   2047       12    
502.4000us:   1943      644    
502.5000us:   1649     1213    
502.6000us:   1192     1664    
502.7000us:    621     1951    
502.8000us:    -12     2047    
502.9000us:   -644     1943    
503.0000us:  -1213     1649    
503.1000us:  -1664     1192    
503.2000us:  -1951      621    
503.3000us:  -2047      -12    
503.4000us:  -1943     -644    
503.5000us:  -1649    -1213    
503.6000us:  -1192    -1664    
503.7000us:   -621    -1951    
503.8000us:     12    -2047    
503.9000us:    644    -1943    
504.0000us:   1213    -1649    
504.1000us:   1664    -1192    
504.2000us:   1951     -621    
504.3000us:   2047       12    
504.4000us:   1943      644    
504.5000us:   1649     1213    
504.6000us:   1192     1664    
504.7000us:    621     1951    
504.8000us:    -12     2047    
504.9000us:   -644     1943    
505.0000us:  -1213     1649    
505.1000us:  -1664     1192    
505.2000us:  -1951      621    
505.3000us:  -2047      -12    
505.4000us:  -1943     -644    
505.5000us:  -1649    -1213    
505.6000us:  -1192    -1664    
505.7000us:   -621    -1951    
505.8000us:     12    -2047    
505.9000us:    644    -1943    
506.0000us:   1213    -1649    
506.1000us:   1664    -1192    
506.2000us:   1951     -621    
506.3000us:   2047       12    
506.4000us:   1943      644    
506.5000us:   1649     1213    
506.6000us:   1192     1664    
506.7000us:    621     1951    
506.8000us:    -12     2047    
506.9000us:   -644     1943    
507.0000us:  -1213     1649    
507.1000us:  -1664     1192    
507.2000us:  -1951      621    
507.3000us:  -2047      -12    
507.4000us:  -1943     -644    
507.5000us:  -1649    -1213    
507.6000us:  -1192    -1664    
507.7000us:   -621    -1951    
507.8000us:     12    -2047    
507.9000us:    644    -1943    
508.0000us:   1213    -1649    
508.1000us:   1664    -1192    
508.2000us:   1951     -621    
508.3000us:   2047       12    
508.4000us:   1943      644    
508.5000us:   1649     1213    
508.6000us:   1192     1664    
508.7000us:    621     1951    
508.8000us:    -12     2047    
508.9000us:   -644     1943    
509.0000us:  -1213     1649    
509.1000us:  -1664     1192    
509.2000us:  -1951      621    
509.3000us:  -2047      -12    
509.4000us:  -1943     -644    
509.5000us:  -1649    -1213    
509.6000us:  -1192    -1664    
509.7000us:   -621    -1951    
509.8000us:     12    -2047    
509.9000us:    644    -1943    
510.0000us:   1213    -1649    
510.1000us:   1664    -1192    
510.2000us:   1951     -621    
510.3000us:   2047       12    
510.4000us:   1943      644    
510.5000us:   1649     1213    
510.6000us:   1192     1664    
510.7000us:    621     1951    
510.8000us:    -12     2047    
510.9000us:   -644     1943    
511.0000us:  -1213     1649    
511.1000us:  -1664     1192    
511.2000us:  -1951      621    
511.3000us:  -2047      -12    
511.4000us:  -1943     -644    
511.5000us:  -1649    -1213    
511.6000us:  -1192    -1664    
511.7000us:   -621    -1951    
511.8000us:     12    -2047    
511.9000us:    644    -1943    
512.0000us:   1213    -1649    
512.1000us:   1664    -1192    
512.2000us:   1951     -621    
512.3000us:   2047       12    
512.4000us:   1943      645    
512.5000us:   1649     1213    
512.6000us:   1192     1664    
512.7000us:    621     1951    
512.8000us:    -12     2047    
512.9000us:   -645     1943    
513.0000us:  -1213     1649    
513.1000us:  -1664     1192    
513.2000us:  -1951      621    
513.3000us:  -2047      -12    
513.4000us:  -1943     -645    
513.5000us:  -1649    -1213    
513.6000us:  -1192    -1664    
513.7000us:   -621    -1951    
513.8000us:     12    -2047    
513.9000us:    645    -1943    
514.0000us:   1213    -1649    
514.1000us:   1664    -1192    
514.2000us:   1951     -621    
514.3000us:   2047       12    
514.4000us:   1943      645    
514.5000us:   1649     1213    
514.6000us:   1192     1664    
514.7000us:    621     1951    
514.8000us:    -12     2047    
514.9000us:   -645     1943    
515.0000us:  -1213     1649    
515.1000us:  -1664     1192    
515.2000us:  -1951      621    
515.3000us:  -2047      -12    
515.4000us:  -1943     -645    
515.5000us:  -1649    -1213    
515.6000us:  -1192    -1664    
515.7000us:   -621    -1951    
515.8000us:     12    -2047    
515.9000us:    645    -1943    
516.0000us:   1213    -1649    
516.1000us:   1664    -1192    
516.2000us:   1951     -621    
516.3000us:   2047       12    
516.4000us:   1943      645    
516.5000us:   1649     1213    
516.6000us:   1192     1664    
516.7000us:    621     1951    
516.8000us:    -12     2047    
516.9000us:   -645     1943    
517.0000us:  -1213     1649    
517.1000us:  -1664     1192    
517.2000us:  -1951      621    
517.3000us:  -2047      -12    
517.4000us:  -1943     -645    
517.5000us:  -1649    -1213    
517.6000us:  -1192    -1664    
517.7000us:   -621    -1951    
517.8000us:     12    -2047    
517.9000us:    645    -1943    
518.0000us:   1213    -1649    
518.1000us:   1664    -1192    
518.2000us:   1951     -621    
518.3000us:   2047       12    
518.4000us:   1943      645    
518.5000us:   1649     1213    
518.6000us:   1192     1664    
518.7000us:    621     1951    
518.8000us:    -12     2047    
518.9000us:   -645     1943    
519.0000us:  -1213     1649    
519.1000us:  -1664     1192    
519.2000us:  -1951      621    
519.3000us:  -2047      -12    
519.4000us:  -1943     -645    
519.5000us:  -1649    -1213    
519.6000us:  -1192    -1664    
519.7000us:   -621    -1951    
519.8000us:     12    -2047    
519.9000us:    645    -1943    
520.0000us:   1213    -1649    
520.1000us:   1664    -1192    
520.2000us:   1951     -621    
520.3000us:   2047       12    
520.4000us:   1943      645    
520.5000us:   1649     1213    
520.6000us:   1192     1664    
520.7000us:    621     1951    
520.8000us:    -12     2047    
520.9000us:   -645     1943    
521.0000us:  -1213     1649    
521.1000us:  -1664     1192    
521.2000us:  -1951      621    
521.3000us:  -2047      -12    
521.4000us:  -1943     -645    
521.5000us:  -1649    -1213    
521.6000us:  -1192    -1664    
521.7000us:   -621    -1951    
521.8000us:     12    -2047    
521.9000us:    645    -1943    
522.0000us:   1213    -1649    
522.1000us:   1664    -1192    
522.2000us:   1951     -621    
522.3000us:   2047       12    
522.4000us:   1943      645    
522.5000us:   1649     1213    
522.6000us:   1192     1664    
522.7000us:    621     1951    
522.8000us:    -12     2047    
522.9000us:   -645     1943    
523.0000us:  -1213     1649    
523.1000us:  -1664     1192    
523.2000us:  -1951      621    
523.3000us:  -2047      -12    
523.4000us:  -1943     -645    
523.5000us:  -1649    -1213    
523.6000us:  -1192    -1664    
523.7000us:   -621    -1951    
523.8000us:     12    -2047    
523.9000us:    645    -1943    
524.0000us:   1213    -1649    
524.1000us:   1664    -1192    
524.2000us:   1951     -621    
524.3000us:   2047       12    
524.4000us:   1943      645    
524.5000us:   1649     1213    
524.6000us:   1192     1664    
524.7000us:    621     1951    
524.8000us:    -12     2047    
524.9000us:   -645     1943    
525.0000us:  -1213     1649    
525.1000us:  -1664     1192    
525.2000us:  -1951      620    
525.3000us:  -2047      -12    
525.4000us:  -1943     -645    
525.5000us:  -1649    -1213    
525.6000us:  -1192    -1664    
525.7000us:   -620    -1951    
525.8000us:     12    -2047    
525.9000us:    645    -1943    
526.0000us:   1213    -1649    
526.1000us:   1664    -1192    
526.2000us:   1951     -620    
526.3000us:   2047       12    
526.4000us:   1943      645    
526.5000us:   1649     1213    
526.6000us:   1192     1664    
526.7000us:    620     1951    
526.8000us:    -12     2047    
526.9000us:   -645     1943    
527.0000us:  -1213     1649    
527.1000us:  -1664     1192    
527.2000us:  -1951      620    
527.3000us:  -2047      -12    
527.4000us:  -1943     -645    
527.5000us:  -1649    -1213    
527.6000us:  -1192    -1664    
527.7000us:   -620    -1951    
527.8000us:     12    -2047    
527.9000us:    645    -1943    
528.0000us:   1213    -1649    
528.1000us:   1664    -1192    
528.2000us:   1951     -620    
528.3000us:   2047       12    
528.4000us:   1943      645    
528.5000us:   1649     1213    
528.6000us:   1192     1664    
528.7000us:    620     1951    
528.8000us:    -12     2047    
528.9000us:   -645     1943    
529.0000us:  -1213     1649    
529.1000us:  -1664     1192    
529.2000us:  -1951      620    
529.3000us:  -2047      -12    
529.4000us:  -1943     -645    
529.5000us:  -1649    -1213    
529.6000us:  -1192    -1664    
529.7000us:   -620    -1951    
529.8000us:     12    -2047    
529.9000us:    645    -1943    
530.0000us:   1213    -1649    
530.1000us:   1664    -1192    
530.2000us:   1951     -620    
530.3000us:   2047       12    
530.4000us:   1943      645    
530.5000us:   1649     1213    
530.6000us:   1192     1664    
530.7000us:    620     1951    
530.8000us:    -12     2047    
530.9000us:   -645     1943    
531.0000us:  -1213     1649    
531.1000us:  -1664     1192    
531.2000us:  -1951      620    
531.3000us:  -2047      -12    
531.4000us:  -1943     -645    
531.5000us:  -1649    -1213    
531.6000us:  -1192    -1664    
531.7000us:   -620    -1951    
531.8000us:     12    -2047    
531.9000us:    645    -1943    
532.0000us:   1213    -1649    
532.1000us:   1664    -1192    
532.2000us:   1951     -620    
532.3000us:   2047       12    
532.4000us:   1943      645    
532.5000us:   1649     1213    
532.6000us:   1192     1664    
532.7000us:    620     1951    
532.8000us:    -12     2047    
532.9000us:   -645     1943    
533.0000us:  -1213     1649    
533.1000us:  -1664     1192    
533.2000us:  -1951      620    
533.3000us:  -2047      -12    
533.4000us:  -1943     -645    
533.5000us:  -1649    -1213    
533.6000us:  -1192    -1664    
533.7000us:   -620    -1951    
533.8000us:     12    -2047    
533.9000us:    645    -1943    
534.0000us:   1213    -1649    
534.1000us:   1664    -1192    
534.2000us:   1951     -620    
534.3000us:   2047       12    
534.4000us:   1943      645    
534.5000us:   1649     1213    
534.6000us:   1192     1664    
534.7000us:    620     1951    
534.8000us:    -12     2047    
534.9000us:   -645     1943    
535.0000us:  -1213     1649    
535.1000us:  -1664     1192    
535.2000us:  -1951      620    
535.3000us:  -2047      -12    
535.4000us:  -1943     -645    
535.5000us:  -1649    -1213    
535.6000us:  -1192    -1664    
535.7000us:   -620    -1951    
535.8000us:     12    -2047    
535.9000us:    645    -1943    
536.0000us:   1213    -1649    
536.1000us:   1664    -1192    
536.2000us:   1951     -620    
536.3000us:   2047       12    
536.4000us:   1943      645    
536.5000us:   1649     1213    
536.6000us:   1192     1664    
536.7000us:    620     1951    
536.8000us:    -12     2047    
536.9000us:   -645     1943    
537.0000us:  -1213     1649    
537.1000us:  -1664     1192    
537.2000us:  -1951      620    
537.3000us:  -2047      -12    
537.4000us:  -1943     -645    
537.5000us:  -1649    -1213    
537.6000us:  -1192    -1664    
537.7000us:   -620    -1951    
537.8000us:     12    -2047    
537.9000us:    645    -1943    
538.0000us:   1214    -1648    
538.1000us:   1664    -1192    
538.2000us:   1951     -620    
538.3000us:   2047       12    
538.4000us:   1943      645    
538.5000us:   1648     1214    
538.6000us:   1192     1664    
538.7000us:    620     1951    
538.8000us:    -12     2047    
538.9000us:   -645     1943    
539.0000us:  -1214     1648    
539.1000us:  -1664     1192    
539.2000us:  -1951      620    
539.3000us:  -2047      -12    
539.4000us:  -1943     -645    
539.5000us:  -1648    -1214    
539.6000us:  -1192    -1664    
539.7000us:   -620    -1951    
539.8000us:     12    -2047    
539.9000us:    645    -1943    
540.0000us:   1214    -1648    
540.1000us:   1664    -1192    
540.2000us:   1951     -620    
540.3000us:   2047       12    
540.4000us:   1943      645    
540.5000us:   1648     1214    
540.6000us:   1192     1664    
540.7000us:    620     1951    
540.8000us:    -12     2047    
540.9000us:   -645     1943    
541.0000us:  -1214     1648    
541.1000us:  -1664     1192    
541.2000us:  -1951      620    
541.3000us:  -2047      -12    
541.4000us:  -1943     -645    
541.5000us:  -1648    -1214    
541.6000us:  -1192    -1664    
541.7000us:   -620    -1951    
541.8000us:     12    -2047    
541.9000us:    645    -1943    
542.0000us:   1214    -1648    
542.1000us:   1664    -1192    
542.2000us:   1951     -620    
542.3000us:   2047       12    
542.4000us:   1943      645    
542.5000us:   1648     1214    
542.6000us:   1192     1664    
542.7000us:    620     1951    
542.8000us:    -12     2047    
542.9000us:   -645     1943    
543.0000us:  -1214     1648    
543.1000us:  -1664     1192    
543.2000us:  -1951      620    
543.3000us:  -2047      -12    
543.4000us:  -1943     -645    
543.5000us:  -1648    -1214    
543.6000us:  -1192    -1664    
543.7000us:   -620    -1951    
543.8000us:     12    -2047    
543.9000us:    645    -1943    
544.0000us:   1214    -1648    
544.1000us:   1664    -1192    
544.2000us:   1951     -620    
544.3000us:   2047       12    
544.4000us:   1943      645    
544.5000us:   1648     1214    
544.6000us:   1192     1664    
544.7000us:    620     1951    
544.8000us:    -12     2047    
544.9000us:   -645     1943    
545.0000us:  -1214     1648    
545.1000us:  -1664     1192    
545.2000us:  -1951      620    
545.3000us:  -2047      -12    
545.4000us:  -1943     -645    
545.5000us:  -1648    -1214    
545.6000us:  -1192    -1664    
545.7000us:   -620    -1951    
545.8000us:     12    -2047    
545.9000us:    645    -1943    
546.0000us:   1214    -1648    
546.1000us:   1664    -1192    
546.2000us:   1951     -620    
546.3000us:   2047       12    
546.4000us:   1943      645    
546.5000us:   1648     1214    
546.6000us:   1192     1664    
546.7000us:    620     1951    
546.8000us:    -12     2047    
546.9000us:   -645     1943    
547.0000us:  -1214     1648    
547.1000us:  -1664     1192    
547.2000us:  -1951      620    
547.3000us:  -2047      -12    
547.4000us:  -1943     -645    
547.5000us:  -1648    -1214    
547.6000us:  -1192    -1664    
547.7000us:   -620    -1951    
547.8000us:     12    -2047    
547.9000us:    645    -1943    
548.0000us:   1214    -1648    
548.1000us:   1664    -1192    
548.2000us:   1951     -620    
548.3000us:   2047       12    
548.4000us:   1943      645    
548.5000us:   1648     1214    
548.6000us:   1192     1664    
548.7000us:    620     1951    
548.8000us:    -12     2047    
548.9000us:   -645     1943    
549.0000us:  -1214     1648    
549.1000us:  -1664     1192    
549.2000us:  -1951      620    
549.3000us:  -2047      -12    
549.4000us:  -1943     -645    
549.5000us:  -1648    -1214    
549.6000us:  -1192    -1664    
549.7000us:   -620    -1951    
549.8000us:     12    -2047    
549.9000us:    645    -1943    
550.0000us:   1214    -1648    
550.1000us:   1664    -1192    
550.2000us:   1951     -620    
550.3000us:   2047       12    
550.4000us:   1943      645    
550.5000us:   1648     1214    
550.6000us:   1192     1664    
550.7000us:    620     1951    
550.8000us:    -13     2047    
550.9000us:   -645     1943    
551.0000us:  -1214     1648    
551.1000us:  -1664     1192    
551.2000us:  -1951      620    
551.3000us:  -2047      -13    
551.4000us:  -1943     -645    
551.5000us:  -1648    -1214    
551.6000us:  -1192    -1664    
551.7000us:   -620    -1951    
551.8000us:     13    -2047    
551.9000us:    645    -1943    
552.0000us:   1214    -1648    
552.1000us:   1664    -1192    
552.2000us:   1951     -620    
552.3000us:   2047       13    
552.4000us:   1943      645    
552.5000us:   1648     1214    
552.6000us:   1192     1664    
552.7000us:    620     1951    
552.8000us:    -13     2047    
552.9000us:   -645     1943    
553.0000us:  -1214     1648    
553.1000us:  -1664     1192    
553.2000us:  -1951      620    
553.3000us:  -2047      -13    
553.4000us:  -1943     -645    
553.5000us:  -1648    -1214    
553.6000us:  -1192    -1664    
553.7000us:   -620    -1951    
553.8000us:     13    -2047    
553.9000us:    645    -1943    
554.0000us:   1214    -1648    
554.1000us:   1664    -1192    
554.2000us:   1951     -620    
554.3000us:   2047       13    
554.4000us:   1943      645    
554.5000us:   1648     1214    
554.6000us:   1192     1664    
554.7000us:    620     1951    
554.8000us:    -13     2047    
554.9000us:   -645     1943    
555.0000us:  -1214     1648    
555.1000us:  -1664     1192    
555.2000us:  -1951      620    
555.3000us:  -2047      -13    
555.4000us:  -1943     -645    
555.5000us:  -1648    -1214    
555.6000us:  -1192    -1664    
555.7000us:   -620    -1951    
555.8000us:     13    -2047    
555.9000us:    645    -1943    
556.0000us:   1214    -1648    
556.1000us:   1664    -1192    
556.2000us:   1951     -620    
556.3000us:   2047       13    
556.4000us:   1943      645    
556.5000us:   1648     1214    
556.6000us:   1192     1664    
556.7000us:    620     1951    
556.8000us:    -13     2047    
556.9000us:   -645     1943    
557.0000us:  -1214     1648    
557.1000us:  -1664     1192    
557.2000us:  -1951      619    
557.3000us:  -2047      -13    
557.4000us:  -1943     -645    
557.5000us:  -1648    -1214    
557.6000us:  -1192    -1664    
557.7000us:   -619    -1951    
557.8000us:     13    -2047    
557.9000us:    645    -1943    
558.0000us:   1214    -1648    
558.1000us:   1664    -1192    
558.2000us:   1951     -619    
558.3000us:   2047       13    
558.4000us:   1943      645    
558.5000us:   1648     1214    
558.6000us:   1192     1664    
558.7000us:    619     1951    
558.8000us:    -13     2047    
558.9000us:   -645     1943    
559.0000us:  -1214     1648    
559.1000us:  -1664     1192    
559.2000us:  -1951      619    
559.3000us:  -2047      -13    
559.4000us:  -1943     -645    
559.5000us:  -1648    -1214    
559.6000us:  -1192    -1664    
559.7000us:   -619    -1951    
559.8000us:     13    -2047    
559.9000us:    645    -1943    
560.0000us:   1214    -1648    
560.1000us:   1664    -1192    
560.2000us:   1951     -619    
560.3000us:   2047       13    
560.4000us:   1943      645    
560.5000us:   1648     1214    
560.6000us:   1192     1664    
560.7000us:    619     1951    
560.8000us:    -13     2047    
560.9000us:   -645     1943    
561.0000us:  -1214     1648    
561.1000us:  -1664     1192    
561.2000us:  -1951      619    
561.3000us:  -2047      -13    
561.4000us:  -1943     -645    
561.5000us:  -1648    -1214    
561.6000us:  -1192    -1664    
561.7000us:   -619    -1951    
561.8000us:     13    -2047    
561.9000us:    645    -1943    
562.0000us:   1214    -1648    
562.1000us:   1664    -1192    
562.2000us:   1951     -619    
562.3000us:   2047       13    
562.4000us:   1943      645    
562.5000us:   1648     1214    
562.6000us:   1192     1664    
562.7000us:    619     1951    
562.8000us:    -13     2047    
562.9000us:   -645     1943    
563.0000us:  -1214     1648    
563.1000us:  -1664     1192    
563.2000us:  -1951      619    
563.3000us:  -2047      -13    
563.4000us:  -1943     -645    
563.5000us:  -1648    -1214    
563.6000us:  -1191    -1665    
563.7000us:   -619    -1951    
563.8000us:     13    -2047    
563.9000us:    645    -1943    
564.0000us:   1214    -1648    
564.1000us:   1665    -1191    
564.2000us:   1951     -619    
564.3000us:   2047       13    
564.4000us:   1943      645    
564.5000us:   1648     1214    
564.6000us:   1191     1665    
564.7000us:    619     1951    
564.8000us:    -13     2047    
564.9000us:   -645     1943    
565.0000us:  -1214     1648    
565.1000us:  -1665     1191    
565.2000us:  -1951      619    
565.3000us:  -2047      -13    
565.4000us:  -1943     -645    
565.5000us:  -1648    -1214    
565.6000us:  -1191    -1665    
565.7000us:   -619    -1951    
565.8000us:     13    -2047    
565.9000us:    645    -1943    
566.0000us:   1214    -1648    
566.1000us:   1665    -1191    
566.2000us:   1951     -619    
566.3000us:   2047       13    
566.4000us:   1943      645    
566.5000us:   1648     1214    
566.6000us:   1191     1665    
566.7000us:    619     1951    
566.8000us:    -13     2047    
566.9000us:   -645     1943    
567.0000us:  -1214     1648    
567.1000us:  -1665     1191    
567.2000us:  -1951      619    
567.3000us:  -2047      -13    
567.4000us:  -1943     -645    
567.5000us:  -1648    -1214    
567.6000us:  -1191    -1665    
567.7000us:   -619    -1951    
567.8000us:     13    -2047    
567.9000us:    645    -1943    
568.0000us:   1214    -1648    
568.1000us:   1665    -1191    
568.2000us:   1951     -619    
568.3000us:   2047       13    
568.4000us:   1943      645    
568.5000us:   1648     1214    
568.6000us:   1191     1665    
568.7000us:    619     1951    
568.8000us:    -13     2047    
568.9000us:   -645     1943    
569.0000us:  -1214     1648    
569.1000us:  -1665     1191    
569.2000us:  -1951      619    
569.3000us:  -2047      -13    
569.4000us:  -1943     -645    
569.5000us:  -1648    -1214    
569.6000us:  -1191    -1665    
569.7000us:   -619    -1951    
569.8000us:     13    -2047    
569.9000us:    645    -1943    
570.0000us:   1215    -1648    
570.1000us:   1665    -1191    
570.2000us:   1951     -619    
570.3000us:   2047       13    
570.4000us:   1943      645    
570.5000us:   1648     1215    
570.6000us:   1191     1665    
570.7000us:    619     1951    
570.8000us:    -13     2047    
570.9000us:   -645     1943    
571.0000us:  -1215     1648    
571.1000us:  -1665     1191    
571.2000us:  -1951      619    
571.3000us:  -2047      -13    
571.4000us:  -1943     -645    
571.5000us:  -1648    -1215    
571.6000us:  -1191    -1665    
571.7000us:   -619    -1951    
571.8000us:     13    -2047    
571.9000us:    645    -1943    
572.0000us:   1215    -1648    
572.1000us:   1665    -1191    
572.2000us:   1951     -619    
572.3000us:   2047       13    
572.4000us:   1943      645    
572.5000us:   1648     1215    
572.6000us:   1191     1665    
572.7000us:    619     1951    
572.8000us:    -13     2047    
572.9000us:   -645     1943    
573.0000us:  -1215     1648    
573.1000us:  -1665     1191    
573.2000us:  -1951      619    
573.3000us:  -2047      -13    
573.4000us:  -1943     -645    
573.5000us:  -1648    -1215    
573.6000us:  -1191    -1665    
573.7000us:   -619    -1951    
573.8000us:     13    -2047    
573.9000us:    645    -1943    
574.0000us:   1215    -1648    
574.1000us:   1665    -1191    
574.2000us:   1951     -619    
574.3000us:   2047       13    
574.4000us:   1943      645    
574.5000us:   1648     1215    
574.6000us:   1191     1665    
574.7000us:    619     1951    
574.8000us:    -13     2047    
574.9000us:   -645     1943    
575.0000us:  -1215     1648    
575.1000us:  -1665     1191    
575.2000us:  -1951      619    
575.3000us:  -2047      -13    
575.4000us:  -1943     -645    
575.5000us:  -1648    -1215    
575.6000us:  -1191    -1665    
575.7000us:   -619    -1951    
575.8000us:     13    -2047    
575.9000us:    645    -1943    
576.0000us:   1215    -1648    
576.1000us:   1665    -1191    
576.2000us:   1951     -619    
576.3000us:   2047       13    
576.4000us:   1942      646    
576.5000us:   1648     1215    
576.6000us:   1191     1665    
576.7000us:    619     1951    
576.8000us:    -13     2047    
576.9000us:   -646     1942    
577.0000us:  -1215     1648    
577.1000us:  -1665     1191    
577.2000us:  -1951      619    
577.3000us:  -2047      -13    
577.4000us:  -1942     -646    
577.5000us:  -1648    -1215    
577.6000us:  -1191    -1665    
577.7000us:   -619    -1951    
577.8000us:     13    -2047    
577.9000us:    646    -1942    
578.0000us:   1215    -1648    
578.1000us:   1665    -1191    
578.2000us:   1951     -619    
578.3000us:   2047       13    
578.4000us:   1942      646    
578.5000us:   1648     1215    
578.6000us:   1191     1665    
578.7000us:    619     1951    
578.8000us:    -13     2047    
578.9000us:   -646     1942    
579.0000us:  -1215     1648    
579.1000us:  -1665     1191    
579.2000us:  -1951      619    
579.3000us:  -2047      -13    
579.4000us:  -1942     -646    
579.5000us:  -1648    -1215    
579.6000us:  -1191    -1665    
579.7000us:   -619    -1951    
579.8000us:     13    -2047    
579.9000us:    646    -1942    
580.0000us:   1215    -1648    
580.1000us:   1665    -1191    
580.2000us:   1951     -619    
580.3000us:   2047       13    
580.4000us:   1942      646    
580.5000us:   1648     1215    
580.6000us:   1191     1665    
580.7000us:    619     1951    
580.8000us:    -13     2047    
580.9000us:   -646     1942    
581.0000us:  -1215     1648    
581.1000us:  -1665     1191    
581.2000us:  -1951      619    
581.3000us:  -2047      -13    
581.4000us:  -1942     -646    
581.5000us:  -1648    -1215    
581.6000us:  -1191    -1665    
581.7000us:   -619    -1951    
581.8000us:     13    -2047    
581.9000us:    646    -1942    
582.0000us:   1215    -1648    
582.1000us:   1665    -1191    
582.2000us:   1951     -619    
582.3000us:   2047       13    
582.4000us:   1942      646    
582.5000us:   1648     1215    
582.6000us:   1191     1665    
582.7000us:    619     1951    
582.8000us:    -14     2047    
582.9000us:   -646     1942    
583.0000us:  -1215     1648    
583.1000us:  -1665     1191    
583.2000us:  -1951      619    
583.3000us:  -2047      -14    
583.4000us:  -1942     -646    
583.5000us:  -1648    -1215    
583.6000us:  -1191    -1665    
583.7000us:   -619    -1951    
583.8000us:     14    -2047    
583.9000us:    646    -1942    
584.0000us:   1215    -1648    
584.1000us:   1665    -1191    
584.2000us:   1951     -619    
584.3000us:   2047       14    
584.4000us:   1942      646    
584.5000us:   1648     1215    
584.6000us:   1191     1665    
584.7000us:    619     1951    
584.8000us:    -14     2047    
584.9000us:   -646     1942    
585.0000us:  -1215     1648    
585.1000us:  -1665     1191    
585.2000us:  -1951      619    
585.3000us:  -2047      -14    
585.4000us:  -1942     -646    
585.5000us:  -1648    -1215    
585.6000us:  -1191    -1665    
585.7000us:   -619    -1951    
585.8000us:     14    -2047    
585.9000us:    646    -1942    
586.0000us:   1215    -1648    
586.1000us:   1665    -1191    
586.2000us:   1951     -619    
586.3000us:   2047       14    
586.4000us:   1942      646    
586.5000us:   1648     1215    
586.6000us:   1191     1665    
586.7000us:    619     1951    
586.8000us:    -14     2047    
586.9000us:   -646     1942    
587.0000us:  -1215     1648    
587.1000us:  -1665     1191    
587.2000us:  -1951      619    
587.3000us:  -2047      -14    
587.4000us:  -1942     -646    
587.5000us:  -1648    -1215    
587.6000us:  -1191    -1665    
587.7000us:   -619    -1951    
587.8000us:     14    -2047    
587.9000us:    646    -1942    
588.0000us:   1215    -1648    
588.1000us:   1665    -1191    
588.2000us:   1951     -619    
588.3000us:   2047       14    
588.4000us:   1942      646    
588.5000us:   1648     1215    
588.6000us:   1191     1665    
588.7000us:    619     1951    
588.8000us:    -14     2047    
588.9000us:   -646     1942    
589.0000us:  -1215     1648    
589.1000us:  -1665     1191    
589.2000us:  -1952      619    
589.3000us:  -2047      -14    
589.4000us:  -1942     -646    
589.5000us:  -1648    -1215    
589.6000us:  -1191    -1665    
589.7000us:   -619    -1952    
589.8000us:     14    -2047    
589.9000us:    646    -1942    
590.0000us:   1215    -1648    
590.1000us:   1665    -1191    
590.2000us:   1952     -619    
590.3000us:   2047       14    
590.4000us:   1942      646    
590.5000us:   1648     1215    
590.6000us:   1191     1665    
590.7000us:    619     1952    
590.8000us:    -14     2047    
590.9000us:   -646     1942    
591.0000us:  -1215     1648    
591.1000us:  -1665     1191    
591.2000us:  -1952      619    
591.3000us:  -2047      -14    
591.4000us:  -1942     -646    
591.5000us:  -1648    -1215    
591.6000us:  -1191    -1665    
591.7000us:   -619    -1952    
591.8000us:     14    -2047    
591.9000us:    646    -1942    
592.0000us:   1215    -1648    
592.1000us:   1665    -1191    
592.2000us:   1952     -619    
592.3000us:   2047       14    
592.4000us:   1942      646    
592.5000us:   1648     1215    
592.6000us:   1191     1665    
592.7000us:    619     1952    
592.8000us:    -14     2047    
592.9000us:   -646     1942    
593.0000us:  -1215     1648    
593.1000us:  -1665     1191    
593.2000us:  -1952      619    
593.3000us:  -2047      -14    
593.4000us:  -1942     -646    
593.5000us:  -1648    -1215    
593.6000us:  -1191    -1665    
593.7000us:   -619    -1952    
593.8000us:     14    -2047    
593.9000us:    646    -1942    
594.0000us:   1215    -1648    
594.1000us:   1665    -1191    
594.2000us:   1952     -619    
594.3000us:   2047       14    
594.4000us:   1942      646    
594.5000us:   1648     1215    
594.6000us:   1191     1665    
594.7000us:    619     1952    
594.8000us:    -14     2047    
594.9000us:   -646     1942    
595.0000us:  -1215     1648    
595.1000us:  -1665     1191    
595.2000us:  -1952      619    
595.3000us:  -2047      -14    
595.4000us:  -1942     -646    
595.5000us:  -1648    -1215    
595.6000us:  -1190    -1665    
595.7000us:   -619    -1952    
595.8000us:     14    -2047    
595.9000us:    646    -1942    
596.0000us:   1215    -1648    
596.1000us:   1665    -1190    
596.2000us:   1952     -619    
596.3000us:   2047       14    
596.4000us:   1942      646    
596.5000us:   1648     1215    
596.6000us:   1190     1665    
596.7000us:    619     1952    
596.8000us:    -14     2047    
596.9000us:   -646     1942    
597.0000us:  -1215     1648    
597.1000us:  -1665     1190    
597.2000us:  -1952      619    
597.3000us:  -2047      -14    
597.4000us:  -1942     -646    
597.5000us:  -1648    -1215    
597.6000us:  -1190    -1665    
597.7000us:   -619    -1952    
597.8000us:     14    -2047    
597.9000us:    646    -1942    
598.0000us:   1215    -1648    
598.1000us:   1665    -1190    
598.2000us:   1952     -619    
598.3000us:   2047       14    
598.4000us:   1942      646    
598.5000us:   1648     1215    
598.6000us:   1190     1665    
598.7000us:    619     1952    
598.8000us:    -14     2047    
598.9000us:   -646     1942    
599.0000us:  -1215     1648    
599.1000us:  -1665     1190    
599.2000us:  -1952      619    
599.3000us:  -2047      -14    
599.4000us:  -1942     -646    
599.5000us:  -1648    -1215    
599.6000us:  -1190    -1665    
599.7000us:   -619    -1952    
599.8000us:     14    -2047    
599.9000us:    646    -1942    
600.0000us:   1215    -1648    
600.1000us:   1665    -1190    
600.2000us:   1952     -619    
600.3000us:   2047       14    
600.4000us:   1942      646    
600.5000us:   1648     1215    
600.6000us:   1190     1665    
600.7000us:    619     1952    
600.8000us:    -14     2047    
600.9000us:   -646     1942    
601.0000us:  -1215     1648    
601.1000us:  -1665     1190    
601.2000us:  -1952      619    
601.3000us:  -2047      -14    
601.4000us:  -1942     -646    
601.5000us:  -1648    -1215    
601.6000us:  -1190    -1665    
601.7000us:   -619    -1952    
601.8000us:     14    -2047    
601.9000us:    646    -1942    
602.0000us:   1215    -1647    
602.1000us:   1665    -1190    
602.2000us:   1952     -619    
602.3000us:   2047       14    
602.4000us:   1942      646    
602.5000us:   1647     1215    
602.6000us:   1190     1665    
602.7000us:    619     1952    
602.8000us:    -14     2047    
602.9000us:   -646     1942    
603.0000us:  -1215     1647    
603.1000us:  -1665     1190    
603.2000us:  -1952      619    
603.3000us:  -2047      -14    
603.4000us:  -1942     -646    
603.5000us:  -1647    -1215    
603.6000us:  -1190    -1665    
603.7000us:   -619    -1952    
603.8000us:     14    -2047    
603.9000us:    646    -1942    
604.0000us:   1215    -1647    
604.1000us:   1665    -1190    
604.2000us:   1952     -619    
604.3000us:   2047       14    
604.4000us:   1942      646    
604.5000us:   1647     1215    
604.6000us:   1190     1665    
604.7000us:    619     1952    
604.8000us:    -14     2047    
604.9000us:   -646     1942    
605.0000us:  -1215     1647    
605.1000us:  -1665     1190    
605.2000us:  -1952      619    
605.3000us:  -2047      -14    
605.4000us:  -1942     -646    
605.5000us:  -1647    -1215    
605.6000us:  -1190    -1665    
605.7000us:   -619    -1952    
605.8000us:     14    -2047    
605.9000us:    646    -1942    
606.0000us:   1215    -1647    
606.1000us:   1665    -1190    
606.2000us:   1952     -619    
606.3000us:   2047       14    
606.4000us:   1942      646    
606.5000us:   1647     1215    
606.6000us:   1190     1665    
606.7000us:    619     1952    
606.8000us:    -14     2047    
606.9000us:   -646     1942    
607.0000us:  -1215     1647    
607.1000us:  -1665     1190    
607.2000us:  -1952      619    
607.3000us:  -2047      -14    
607.4000us:  -1942     -646    
607.5000us:  -1647    -1215    
607.6000us:  -1190    -1665    
607.7000us:   -619    -1952    
607.8000us:     14    -2047    
607.9000us:    646    -1942    
608.0000us:   1215    -1647    
608.1000us:   1665    -1190    
608.2000us:   1952     -619    
608.3000us:   2047       14    
608.4000us:   1942      647    
608.5000us:   1647     1215    
608.6000us:   1190     1665    
608.7000us:    619     1952    
608.8000us:    -14     2047    
608.9000us:   -647     1942    
609.0000us:  -1215     1647    
609.1000us:  -1665     1190    
609.2000us:  -1952      619    
609.3000us:  -2047      -14    
609.4000us:  -1942     -647    
609.5000us:  -1647    -1215    
609.6000us:  -1190    -1665    
609.7000us:   -619    -1952    
609.8000us:     14    -2047    
609.9000us:    647    -1942    
610.0000us:   1215    -1647    
610.1000us:   1665    -1190    
610.2000us:   1952     -619    
610.3000us:   2047       14    
610.4000us:   1942      647    
610.5000us:   1647     1215    
610.6000us:   1190     1665    
610.7000us:    619     1952    
610.8000us:    -14     2047    
610.9000us:   -647     1942    
611.0000us:  -1215     1647    
611.1000us:  -1665     1190    
611.2000us:  -1952      619    
611.3000us:  -2047      -14    
611.4000us:  -1942     -647    
611.5000us:  -1647    -1215    
611.6000us:  -1190    -1665    
611.7000us:   -619    -1952    
611.8000us:     14    -2047    
611.9000us:    647    -1942    
612.0000us:   1215    -1647    
612.1000us:   1665    -1190    
612.2000us:   1952     -619    
612.3000us:   2047       14    
612.4000us:   1942      647    
612.5000us:   1647     1215    
612.6000us:   1190     1665    
612.7000us:    619     1952    
612.8000us:    -14     2047    
612.9000us:   -647     1942    
613.0000us:  -1215     1647    
613.1000us:  -1665     1190    
613.2000us:  -1952      619    
613.3000us:  -2047      -14    
613.4000us:  -1942     -647    
613.5000us:  -1647    -1215    
613.6000us:  -1190    -1665    
613.7000us:   -619    -1952    
613.8000us:     14    -2047    
613.9000us:    647    -1942    
614.0000us:   1215    -1647    
614.1000us:   1665    -1190    
614.2000us:   1952     -619    
614.3000us:   2047       14    
614.4000us:   1942      647    
614.5000us:   1647     1215    
614.6000us:   1190     1665    
614.7000us:    619     1952    
614.8000us:    -15     2047    
614.9000us:   -647     1942    
615.0000us:  -1215     1647    
615.1000us:  -1665     1190    
615.2000us:  -1952      619    
615.3000us:  -2047      -15    
615.4000us:  -1942     -647    
615.5000us:  -1647    -1215    
615.6000us:  -1190    -1665    
615.7000us:   -619    -1952    
615.8000us:     15    -2047    
615.9000us:    647    -1942    
616.0000us:   1215    -1647    
616.1000us:   1665    -1190    
616.2000us:   1952     -619    
616.3000us:   2047       15    
616.4000us:   1942      647    
616.5000us:   1647     1215    
616.6000us:   1190     1665    
616.7000us:    619     1952    
616.8000us:    -15     2047    
616.9000us:   -647     1942    
617.0000us:  -1215     1647    
617.1000us:  -1665     1190    
617.2000us:  -1952      619    
617.3000us:  -2047      -15    
617.4000us:  -1942     -647    
617.5000us:  -1647    -1215    
617.6000us:  -1190    -1665    
617.7000us:   -619    -1952    
617.8000us:     15    -2047    
617.9000us:    647    -1942    
618.0000us:   1215    -1647    
618.1000us:   1665    -1190    
618.2000us:   1952     -619    
618.3000us:   2047       15    
618.4000us:   1942      647    
618.5000us:   1647     1215    
618.6000us:   1190     1665    
618.7000us:    619     1952    
618.8000us:    -15     2047    
618.9000us:   -647     1942    
619.0000us:  -1215     1647    
619.1000us:  -1665     1190    
619.2000us:  -1952      619    
619.3000us:  -2047      -15    
619.4000us:  -1942     -647    
619.5000us:  -1647    -1215    
619.6000us:  -1190    -1665    
619.7000us:   -619    -1952    
619.8000us:     15    -2047    
619.9000us:    647    -1942    
620.0000us:   1215    -1647    
620.1000us:   1665    -1190    
620.2000us:   1952     -619    
620.3000us:   2047       15    
620.4000us:   1942      647    
620.5000us:   1647     1215    
620.6000us:   1190     1665    
620.7000us:    619     1952    
620.8000us:    -15     2047    
620.9000us:   -647     1942    
621.0000us:  -1215     1647    
621.1000us:  -1665     1190    
621.2000us:  -1951      618    
621.3000us:  -2047      -15    
621.4000us:  -1942     -647    
621.5000us:  -1647    -1215    
621.6000us:  -1190    -1665    
621.7000us:   -618    -1951    
621.8000us:     15    -2047    
621.9000us:    647    -1942    
622.0000us:   1215    -1647    
622.1000us:   1665    -1190    
622.2000us:   1951     -618    
622.3000us:   2047       15    
622.4000us:   1942      647    
622.5000us:   1647     1215    
622.6000us:   1190     1665    
622.7000us:    618     1951    
622.8000us:    -15     2047    
622.9000us:   -647     1942    
623.0000us:  -1215     1647    
623.1000us:  -1665     1190    
623.2000us:  -1951      618    
623.3000us:  -2047      -15    
623.4000us:  -1942     -647    
623.5000us:  -1647    -1215    
623.6000us:  -1190    -1665    
623.7000us:   -618    -1951    
623.8000us:     15    -2047    
623.9000us:    647    -1942    
624.0000us:   1215    -1647    
624.1000us:   1665    -1190    
624.2000us:   1951     -618    
624.3000us:   2047       15    
624.4000us:   1942      647    
624.5000us:   1647     1215    
624.6000us:   1190     1665    
624.7000us:    618     1951    
624.8000us:    -15     2047    
624.9000us:   -647     1942    
625.0000us:  -1215     1647    
625.1000us:  -1665     1190    
625.2000us:  -1951      618    
625.3000us:  -2047      -15    
625.4000us:  -1942     -647    
625.5000us:  -1647    -1215    
625.6000us:  -1190    -1665    
625.7000us:   -618    -1951    
625.8000us:     15    -2047    
625.9000us:    647    -1942    
626.0000us:   1215    -1647    
626.1000us:   1665    -1190    
626.2000us:   1951     -618    
626.3000us:   2047       15    
626.4000us:   1942      647    
626.5000us:   1647     1215    
626.6000us:   1190     1665    
626.7000us:    618     1951    
626.8000us:    -15     2047    
626.9000us:   -647     1942    
627.0000us:  -1215     1647    
627.1000us:  -1665     1190    
627.2000us:  -1951      618    
627.3000us:  -2047      -15    
627.4000us:  -1942     -647    
627.5000us:  -1647    -1215    
627.6000us:  -1190    -1666    
627.7000us:   -618    -1951    
627.8000us:     15    -2047    
627.9000us:    647    -1942    
628.0000us:   1215    -1647    
628.1000us:   1666    -1190    
628.2000us:   1951     -618    
628.3000us:   2047       15    
628.4000us:   1942      647    
628.5000us:   1647     1215    
628.6000us:   1190     1666    
628.7000us:    618     1951    
628.8000us:    -15     2047    
628.9000us:   -647     1942    
629.0000us:  -1215     1647    
629.1000us:  -1666     1190    
629.2000us:  -1951      618    
629.3000us:  -2047      -15    
629.4000us:  -1942     -647    
629.5000us:  -1647    -1215    
629.6000us:  -1190    -1666    
629.7000us:   -618    -1951    
629.8000us:     15    -2047    
629.9000us:    647    -1942    
630.0000us:   1215    -1647    
630.1000us:   1666    -1190    
630.2000us:   1951     -618    
630.3000us:   2047       15    
630.4000us:   1942      647    
630.5000us:   1647     1215    
630.6000us:   1190     1666    
630.7000us:    618     1951    
630.8000us:    -15     2047    
630.9000us:   -647     1942    
631.0000us:  -1215     1647    
631.1000us:  -1666     1190    
631.2000us:  -1951      618    
631.3000us:  -2047      -15    
631.4000us:  -1942     -647    
631.5000us:  -1647    -1215    
631.6000us:  -1190    -1666    
631.7000us:   -618    -1951    
631.8000us:     15    -2047    
631.9000us:    647    -1942    
632.0000us:   1215    -1647    
632.1000us:   1666    -1190    
632.2000us:   1951     -618    
632.3000us:   2047       15    
632.4000us:   1942      647    
632.5000us:   1647     1215    
632.6000us:   1190     1666    
632.7000us:    618     1951    
632.8000us:    -15     2047    
632.9000us:   -647     1942    
633.0000us:  -1215     1647    
633.1000us:  -1666     1190    
633.2000us:  -1951      618    
633.3000us:  -2047      -15    
633.4000us:  -1942     -647    
633.5000us:  -1647    -1215    
633.6000us:  -1190    -1666    
633.7000us:   -618    -1951    
633.8000us:     15    -2047    
633.9000us:    647    -1942    
634.0000us:   1216    -1647    
634.1000us:   1666    -1190    
634.2000us:   1951     -618    
634.3000us:   2047       15    
634.4000us:   1942      647    
634.5000us:   1647     1216    
634.6000us:   1190     1666    
634.7000us:    618     1951    
634.8000us:    -15     2047    
634.9000us:   -647     1942    
635.0000us:  -1216     1647    
635.1000us:  -1666     1190    
635.2000us:  -1951      618    
635.3000us:  -2047      -15    
635.4000us:  -1942     -647    
635.5000us:  -1647    -1216    
635.6000us:  -1190    -1666    
635.7000us:   -618    -1951    
635.8000us:     15    -2047    
635.9000us:    647    -1942    
636.0000us:   1216    -1647    
636.1000us:   1666    -1190    
636.2000us:   1951     -618    
636.3000us:   2047       15    
636.4000us:   1942      647    
636.5000us:   1647     1216    
636.6000us:   1190     1666    
636.7000us:    618     1951    
636.8000us:    -15     2047    
636.9000us:   -647     1942    
637.0000us:  -1216     1647    
637.1000us:  -1666     1190    
637.2000us:  -1951      618    
637.3000us:  -2047      -15    
637.4000us:  -1942     -647    
637.5000us:  -1647    -1216    
637.6000us:  -1190    -1666    
637.7000us:   -618    -1951    
637.8000us:     15    -2047    
637.9000us:    647    -1942    
638.0000us:   1216    -1647    
638.1000us:   1666    -1190    
638.2000us:   1951     -618    
638.3000us:   2047       15    
638.4000us:   1942      647    
638.5000us:   1647     1216    
638.6000us:   1190     1666    
638.7000us:    618     1951    
638.8000us:    -15     2047    
638.9000us:   -647     1942    
639.0000us:  -1216     1647    
639.1000us:  -1666     1190    
639.2000us:  -1951      618    
639.3000us:  -2047      -15    
639.4000us:  -1942     -647    
639.5000us:  -1647    -1216    
639.6000us:  -1190    -1666    
639.7000us:   -618    -1951    
639.8000us:     15    -2047    
639.9000us:    647    -1942    
640.0000us:   1216    -1647    
640.1000us:   1666    -1190    
640.2000us:   1951     -618    
640.3000us:   2047       15    
640.4000us:   1942      648    
640.5000us:   1647     1216    
640.6000us:   1190     1666    
640.7000us:    618     1951    
640.8000us:    -15     2047    
640.9000us:   -648     1942    
641.0000us:  -1216     1647    
641.1000us:  -1666     1190    
641.2000us:  -1951      618    
641.3000us:  -2047      -15    
641.4000us:  -1942     -648    
641.5000us:  -1647    -1216    
641.6000us:  -1190    -1666    
641.7000us:   -618    -1951    
641.8000us:     15    -2047    
641.9000us:    648    -1942    
642.0000us:   1216    -1647    
642.1000us:   1666    -1190    
642.2000us:   1951     -618    
642.3000us:   2047       15    
642.4000us:   1942      648    
642.5000us:   1647     1216    
642.6000us:   1190     1666    
642.7000us:    618     1951    
642.8000us:    -15     2047    
642.9000us:   -648     1942    
643.0000us:  -1216     1647    
643.1000us:  -1666     1190    
643.2000us:  -1951      618    
643.3000us:  -2047      -15    
643.4000us:  -1942     -648    
643.5000us:  -1647    -1216    
643.6000us:  -1190    -1666    
643.7000us:   -618    -1951    
643.8000us:     15    -2047    
643.9000us:    648    -1942    
644.0000us:   1216    -1647    
644.1000us:   1666    -1190    
644.2000us:   1951     -618    
644.3000us:   2047       15    
644.4000us:   1942      648    
644.5000us:   1647     1216    
644.6000us:   1190     1666    
644.7000us:    618     1951    
644.8000us:    -15     2047    
644.9000us:   -648     1942    
645.0000us:  -1216     1647    
645.1000us:  -1666     1190    
645.2000us:  -1951      618    
645.3000us:  -2047      -15    
645.4000us:  -1942     -648    
645.5000us:  -1647    -1216    
645.6000us:  -1190    -1666    
645.7000us:   -618    -1951    
645.8000us:     15    -2047    
645.9000us:    648    -1942    
646.0000us:   1216    -1647    
646.1000us:   1666    -1190    
646.2000us:   1951     -618    
646.3000us:   2047       15    
646.4000us:   1942      648    
646.5000us:   1647     1216    
646.6000us:   1190     1666    
646.7000us:    618     1951    
646.8000us:    -16     2047    
646.9000us:   -648     1942    
647.0000us:  -1216     1647    
647.1000us:  -1666     1190    
647.2000us:  -1951      618    
647.3000us:  -2047      -16    
647.4000us:  -1942     -648    
647.5000us:  -1647    -1216    
647.6000us:  -1190    -1666    
647.7000us:   -618    -1951    
647.8000us:     16    -2047    
647.9000us:    648    -1942    
648.0000us:   1216    -1647    
648.1000us:   1666    -1190    
648.2000us:   1951     -618    
648.3000us:   2047       16    
648.4000us:   1942      648    
648.5000us:   1647     1216    
648.6000us:   1190     1666    
648.7000us:    618     1951    
648.8000us:    -16     2047    
648.9000us:   -648     1942    
649.0000us:  -1216     1647    
649.1000us:  -1666     1190    
649.2000us:  -1951      618    
649.3000us:  -2047      -16    
649.4000us:  -1942     -648    
649.5000us:  -1647    -1216    
649.6000us:  -1190    -1666    
649.7000us:   -618    -1951    
649.8000us:     16    -2047    
649.9000us:    648    -1942    
650.0000us:   1216    -1647    
650.1000us:   1666    -1190    
650.2000us:   1951     -618    
650.3000us:   2047       16    
650.4000us:   1942      648    
650.5000us:   1647     1216    
650.6000us:   1190     1666    
650.7000us:    618     1951    
650.8000us:    -16     2047    
650.9000us:   -648     1942    
651.0000us:  -1216     1647    
651.1000us:  -1666     1190    
651.2000us:  -1951      618    
651.3000us:  -2047      -16    
651.4000us:  -1942     -648    
651.5000us:  -1647    -1216    
651.6000us:  -1190    -1666    
651.7000us:   -618    -1951    
651.8000us:     16    -2047    
651.9000us:    648    -1942    
652.0000us:   1216    -1647    
652.1000us:   1666    -1190    
652.2000us:   1951     -618    
652.3000us:   2047       16    
652.4000us:   1942      648    
652.5000us:   1647     1216    
652.6000us:   1190     1666    
652.7000us:    618     1951    
652.8000us:    -16     2047    
652.9000us:   -648     1942    
653.0000us:  -1216     1647    
653.1000us:  -1666     1190    
653.2000us:  -1952      617    
653.3000us:  -2047      -16    
653.4000us:  -1942     -648    
653.5000us:  -1647    -1216    
653.6000us:  -1190    -1666    
653.7000us:   -617    -1952    
653.8000us:     16    -2047    
653.9000us:    648    -1942    
654.0000us:   1216    -1647    
654.1000us:   1666    -1190    
654.2000us:   1952     -617    
654.3000us:   2047       16    
654.4000us:   1942      648    
654.5000us:   1647     1216    
654.6000us:   1190     1666    
654.7000us:    617     1952    
654.8000us:    -16     2047    
654.9000us:   -648     1942    
655.0000us:  -1216     1647    
655.1000us:  -1666     1190    
655.2000us:  -1952      617    
655.3000us:  -2047      -16    
655.4000us:  -1942     -648    
655.5000us:  -1647    -1216    
655.6000us:  -1190    -1666    
655.7000us:   -617    -1952    
655.8000us:     16    -2047    
655.9000us:    648    -1942    
656.0000us:   1216    -1647    
656.1000us:   1666    -1190    
656.2000us:   1952     -617    
656.3000us:   2047       16    
656.4000us:   1942      648    
656.5000us:   1647     1216    
656.6000us:   1190     1666    
656.7000us:    617     1952    
656.8000us:    -16     2047    
656.9000us:   -648     1942    
657.0000us:  -1216     1647    
657.1000us:  -1666     1190    
657.2000us:  -1952      617    
657.3000us:  -2047      -16    
657.4000us:  -1942     -648    
657.5000us:  -1647    -1216    
657.6000us:  -1190    -1666    
657.7000us:   -617    -1952    
657.8000us:     16    -2047    
657.9000us:    648    -1942    
658.0000us:   1216    -1647    
658.1000us:   1666    -1190    
658.2000us:   1952     -617    
658.3000us:   2047       16    
658.4000us:   1942      648    
658.5000us:   1647     1216    
658.6000us:   1190     1666    
658.7000us:    617     1952    
658.8000us:    -16     2047    
658.9000us:   -648     1942    
659.0000us:  -1216     1647    
659.1000us:  -1666     1190    
659.2000us:  -1952      617    
659.3000us:  -2047      -16    
659.4000us:  -1942     -648    
659.5000us:  -1647    -1216    
659.6000us:  -1189    -1666    
659.7000us:   -617    -1952    
659.8000us:     16    -2047    
659.9000us:    648    -1942    
660.0000us:   1216    -1647    
660.1000us:   1666    -1189    
660.2000us:   1952     -617    
660.3000us:   2047       16    
660.4000us:   1942      648    
660.5000us:   1647     1216    
660.6000us:   1189     1666    
660.7000us:    617     1952    
660.8000us:    -16     2047    
660.9000us:   -648     1942    
661.0000us:  -1216     1647    
661.1000us:  -1666     1189    
661.2000us:  -1952      617    
661.3000us:  -2047      -16    
661.4000us:  -1942     -648    
661.5000us:  -1647    -1216    
661.6000us:  -1189    -1666    
661.7000us:   -617    -1952    
661.8000us:     16    -2047    
661.9000us:    648    -1942    
662.0000us:   1216    -1647    
662.1000us:   1666    -1189    
662.2000us:   1952     -617    
662.3000us:   2047       16    
662.4000us:   1942      648    
662.5000us:   1647     1216    
662.6000us:   1189     1666    
662.7000us:    617     1952    
662.8000us:    -16     2047    
662.9000us:   -648     1942    
663.0000us:  -1216     1647    
663.1000us:  -1666     1189    
663.2000us:  -1952      617    
663.3000us:  -2047      -16    
663.4000us:  -1942     -648    
663.5000us:  -1647    -1216    
663.6000us:  -1189    -1666    
663.7000us:   -617    -1952    
663.8000us:     16    -2047    
663.9000us:    648    -1942    
664.0000us:   1216    -1647    
664.1000us:   1666    -1189    
664.2000us:   1952     -617    
664.3000us:   2047       16    
664.4000us:   1942      648    
664.5000us:   1647     1216    
664.6000us:   1189     1666    
664.7000us:    617     1952    
664.8000us:    -16     2047    
664.9000us:   -648     1942    
665.0000us:  -1216     1647    
665.1000us:  -1666     1189    
665.2000us:  -1952      617    
665.3000us:  -2047      -16    
665.4000us:  -1942     -648    
665.5000us:  -1647    -1216    
665.6000us:  -1189    -1666    
665.7000us:   -617    -1952    
665.8000us:     16    -2047    
665.9000us:    648    -1942    
666.0000us:   1216    -1646    
666.1000us:   1666    -1189    
666.2000us:   1952     -617    
666.3000us:   2047       16    
666.4000us:   1942      648    
666.5000us:   1646     1216    
666.6000us:   1189     1666    
666.7000us:    617     1952    
666.8000us:    -16     2047    
666.9000us:   -648     1942    
667.0000us:  -1216     1646    
667.1000us:  -1666     1189    
667.2000us:  -1952      617    
667.3000us:  -2047      -16    
667.4000us:  -1942     -648    
667.5000us:  -1646    -1216    
667.6000us:  -1189    -1666    
667.7000us:   -617    -1952    
667.8000us:     16    -2047    
667.9000us:    648    -1942    
668.0000us:   1216    -1646    
668.1000us:   1666    -1189    
668.2000us:   1952     -617    
668.3000us:   2047       16    
668.4000us:   1942      648    
668.5000us:   1646     1216    
668.6000us:   1189     1666    
668.7000us:    617     1952    
668.8000us:    -16     2047    
668.9000us:   -648     1942    
669.0000us:  -1216     1646    
669.1000us:  -1666     1189    
669.2000us:  -1952      617    
669.3000us:  -2047      -16    
669.4000us:  -1942     -648    
669.5000us:  -1646    -1216    
669.6000us:  -1189    -1666    
669.7000us:   -617    -1952    
669.8000us:     16    -2047    
669.9000us:    648    -1942    
670.0000us:   1216    -1646    
670.1000us:   1666    -1189    
670.2000us:   1952     -617    
670.3000us:   2047       16    
670.4000us:   1942      648    
670.5000us:   1646     1216    
670.6000us:   1189     1666    
670.7000us:    617     1952    
670.8000us:    -16     2047    
670.9000us:   -648     1942    
671.0000us:  -1216     1646    
671.1000us:  -1666     1189    
671.2000us:  -1952      617    
671.3000us:  -2047      -16    
671.4000us:  -1942     -648    
671.5000us:  -1646    -1216    
671.6000us:  -1189    -1666    
671.7000us:   -617    -1952    
671.8000us:     16    -2047    
671.9000us:    648    -1942    
672.0000us:   1216    -1646    
672.1000us:   1666    -1189    
672.2000us:   1952     -617    
672.3000us:   2047       16    
672.4000us:   1942      648    
672.5000us:   1646     1216    
672.6000us:   1189     1666    
672.7000us:    617     1952    
672.8000us:    -16     2047    
672.9000us:   -648     1942    
673.0000us:  -1216     1646    
673.1000us:  -1666     1189    
673.2000us:  -1952      617    
673.3000us:  -2047      -16    
673.4000us:  -1942     -648    
673.5000us:  -1646    -1216    
673.6000us:  -1189    -1666    
673.7000us:   -617    -1952    
673.8000us:     16    -2047    
673.9000us:    648    -1942    
674.0000us:   1216    -1646    
674.1000us:   1666    -1189    
674.2000us:   1952     -617    
674.3000us:   2047       16    
674.4000us:   1942      648    
674.5000us:   1646     1216    
674.6000us:   1189     1666    
674.7000us:    617     1952    
674.8000us:    -16     2047    
674.9000us:   -648     1942    
675.0000us:  -1216     1646    
675.1000us:  -1666     1189    
675.2000us:  -1952      617    
675.3000us:  -2047      -16    
675.4000us:  -1942     -648    
675.5000us:  -1646    -1216    
675.6000us:  -1189    -1666    
675.7000us:   -617    -1952    
675.8000us:     16    -2047    
675.9000us:    648    -1942    
676.0000us:   1216    -1646    
676.1000us:   1666    -1189    
676.2000us:   1952     -617    
676.3000us:   2047       16    
676.4000us:   1942      648    
676.5000us:   1646     1216    
676.6000us:   1189     1666    
676.7000us:    617     1952    
676.8000us:    -16     2047    
676.9000us:   -648     1942    
677.0000us:  -1216     1646    
677.1000us:  -1666     1189    
677.2000us:  -1952      617    
677.3000us:  -2047      -16    
677.4000us:  -1942     -648    
677.5000us:  -1646    -1216    
677.6000us:  -1189    -1666    
677.7000us:   -617    -1952    
677.8000us:     16    -2047    
677.9000us:    648    -1942    
678.0000us:   1216    -1646    
678.1000us:   1666    -1189    
678.2000us:   1952     -617    
678.3000us:   2047       16    
678.4000us:   1942      648    
678.5000us:   1646     1216    
678.6000us:   1189     1666    
678.7000us:    617     1952    
678.8000us:    -16     2047    
678.9000us:   -648     1942    
679.0000us:  -1216     1646    
679.1000us:  -1666     1189    
679.2000us:  -1952      617    
679.3000us:  -2047      -16    
679.4000us:  -1942     -648    
679.5000us:  -1646    -1216    
679.6000us:  -1189    -1666    
679.7000us:   -617    -1952    
679.8000us:     16    -2047    
679.9000us:    648    -1942    
680.0000us:   1216    -1646    
680.1000us:   1666    -1189    
680.2000us:   1952     -617    
680.3000us:   2047       16    
680.4000us:   1942      648    
680.5000us:   1646     1216    
680.6000us:   1189     1666    
680.7000us:    617     1952    
680.8000us:    -16     2047    
680.9000us:   -648     1942    
681.0000us:  -1216     1646    
681.1000us:  -1666     1189    
681.2000us:  -1952      617    
681.3000us:  -2047      -16    
681.4000us:  -1942     -648    
681.5000us:  -1646    -1216    
681.6000us:  -1189    -1666    
681.7000us:   -617    -1952    
681.8000us:     16    -2047    
681.9000us:    648    -1942    
682.0000us:   1216    -1646    
682.1000us:   1666    -1189    
682.2000us:   1952     -617    
682.3000us:   2047       16    
682.4000us:   1942      648    
682.5000us:   1646     1216    
682.6000us:   1189     1666    
682.7000us:    617     1952    
682.8000us:    -16     2047    
682.9000us:   -648     1942    
683.0000us:  -1216     1646    
683.1000us:  -1666     1189    
683.2000us:  -1952      617    
683.3000us:  -2047      -16    
683.4000us:  -1942     -648    
683.5000us:  -1646    -1216    
683.6000us:  -1189    -1666    
683.7000us:   -617    -1952    
683.8000us:     16    -2047    
683.9000us:    648    -1942    
684.0000us:   1216    -1646    
684.1000us:   1666    -1189    
684.2000us:   1952     -617    
684.3000us:   2047       16    
684.4000us:   1942      648    
684.5000us:   1646     1216    
684.6000us:   1189     1666    
684.7000us:    617     1952    
684.8000us:    -16     2047    
684.9000us:   -648     1942    
685.0000us:  -1216     1646    
685.1000us:  -1666     1189    
685.2000us:  -1952      616    
685.3000us:  -2047      -16    
685.4000us:  -1942     -648    
685.5000us:  -1646    -1216    
685.6000us:  -1189    -1666    
685.7000us:   -616    -1952    
685.8000us:     16    -2047    
685.9000us:    648    -1942    
686.0000us:   1216    -1646    
686.1000us:   1666    -1189    
686.2000us:   1952     -616    
686.3000us:   2047       16    
686.4000us:   1942      648    
686.5000us:   1646     1216    
686.6000us:   1189     1666    
686.7000us:    616     1952    
686.8000us:    -16     2047    
686.9000us:   -648     1942    
687.0000us:  -1216     1646    
687.1000us:  -1666     1189    
687.2000us:  -1952      616    
687.3000us:  -2047      -16    
687.4000us:  -1942     -648    
687.5000us:  -1646    -1216    
687.6000us:  -1189    -1666    
687.7000us:   -616    -1952    
687.8000us:     16    -2047    
687.9000us:    648    -1942    
688.0000us:   1216    -1646    
688.1000us:   1666    -1189    
688.2000us:   1952     -616    
688.3000us:   2047       16    
688.4000us:   1942      648    
688.5000us:   1646     1216    
688.6000us:   1189     1666    
688.7000us:    616     1952    
688.8000us:    -16     2047    
688.9000us:   -648     1942    
689.0000us:  -1216     1646    
689.1000us:  -1666     1189    
689.2000us:  -1952      616    
689.3000us:  -2047      -16    
689.4000us:  -1942     -648    
689.5000us:  -1646    -1216    
689.6000us:  -1189    -1666    
689.7000us:   -616    -1952    
689.8000us:     16    -2047    
689.9000us:    648    -1942    
690.0000us:   1216    -1646    
690.1000us:   1666    -1189    
690.2000us:   1952     -616    
690.3000us:   2047       16    
690.4000us:   1942      648    
690.5000us:   1646     1216    
690.6000us:   1189     1666    
690.7000us:    616     1952    
690.8000us:    -16     2047    
690.9000us:   -648     1942    
691.0000us:  -1216     1646    
691.1000us:  -1666     1189    
691.2000us:  -1952      616    
691.3000us:  -2047      -16    
691.4000us:  -1942     -648    
691.5000us:  -1646    -1216    
691.6000us:  -1188    -1666    
691.7000us:   -616    -1952    
691.8000us:     16    -2047    
691.9000us:    648    -1942    
692.0000us:   1216    -1646    
692.1000us:   1666    -1188    
692.2000us:   1952     -616    
692.3000us:   2047       16    
692.4000us:   1942      648    
692.5000us:   1646     1216    
692.6000us:   1188     1666    
692.7000us:    616     1952    
692.8000us:    -16     2047    
692.9000us:   -648     1942    
693.0000us:  -1216     1646    
693.1000us:  -1666     1188    
693.2000us:  -1952      616    
693.3000us:  -2047      -16    
693.4000us:  -1942     -648    
693.5000us:  -1646    -1216    
693.6000us:  -1188    -1666    
693.7000us:   -616    -1952    
693.8000us:     16    -2047    
693.9000us:    648    -1942    
694.0000us:   1216    -1646    
694.1000us:   1666    -1188    
694.2000us:   1952     -616    
694.3000us:   2047       16    
694.4000us:   1942      648    
694.5000us:   1646     1216    
694.6000us:   1188     1666    
694.7000us:    616     1952    
694.8000us:    -16     2047    
694.9000us:   -648     1942    
695.0000us:  -1216     1646    
695.1000us:  -1666     1188    
695.2000us:  -1952      616    
695.3000us:  -2047      -16    
695.4000us:  -1942     -648    
695.5000us:  -1646    -1216    
695.6000us:  -1188    -1666    
695.7000us:   -616    -1952    
695.8000us:     16    -2047    
695.9000us:    648    -1942    
696.0000us:   1216    -1646    
696.1000us:   1666    -1188    
696.2000us:   1952     -616    
696.3000us:   2047       16    
696.4000us:   1942      648    
696.5000us:   1646     1216    
696.6000us:   1188     1666    
696.7000us:    616     1952    
696.8000us:    -16     2047    
696.9000us:   -648     1942    
697.0000us:  -1216     1646    
697.1000us:  -1666     1188    
697.2000us:  -1952      616    
697.3000us:  -2047      -16    
697.4000us:  -1942     -648    
697.5000us:  -1646    -1216    
697.6000us:  -1188    -1666    
697.7000us:   -616    -1952    
697.8000us:     16    -2047    
697.9000us:    648    -1942    
698.0000us:   1217    -1646    
698.1000us:   1666    -1188    
698.2000us:   1952     -616    
698.3000us:   2047       16    
698.4000us:   1942      648    
698.5000us:   1646     1217    
698.6000us:   1188     1666    
698.7000us:    616     1952    
698.8000us:    -16     2047    
698.9000us:   -648     1942    
699.0000us:  -1217     1646    
699.1000us:  -1666     1188    
699.2000us:  -1952      616    
699.3000us:  -2047      -16    
699.4000us:  -1942     -648    
699.5000us:  -1646    -1217    
699.6000us:  -1188    -1666    
699.7000us:   -616    -1952    
699.8000us:     16    -2047    
699.9000us:    648    -1942    
700.0000us:   1217    -1646    
700.1000us:   1666    -1188    
700.2000us:   1952     -616    
700.3000us:   2047       16    
700.4000us:   1942      648    
700.5000us:   1646     1217    
700.6000us:   1188     1666    
700.7000us:    616     1952    
700.8000us:    -16     2047    
700.9000us:   -648     1942    
701.0000us:  -1217     1646    
701.1000us:  -1666     1188    
701.2000us:  -1952      616    
701.3000us:  -2047      -16    
701.4000us:  -1942     -648    
701.5000us:  -1646    -1217    
701.6000us:  -1188    -1666    
701.7000us:   -616    -1952    
701.8000us:     16    -2047    
701.9000us:    648    -1942    
702.0000us:   1217    -1646    
702.1000us:   1666    -1188    
702.2000us:   1952     -616    
702.3000us:   2047       16    
702.4000us:   1942      648    
702.5000us:   1646     1217    
702.6000us:   1188     1666    
702.7000us:    616     1952    
702.8000us:    -16     2047    
702.9000us:   -648     1942    
703.0000us:  -1217     1646    
703.1000us:  -1666     1188    
703.2000us:  -1952      616    
703.3000us:  -2047      -16    
703.4000us:  -1942     -648    
703.5000us:  -1646    -1217    
703.6000us:  -1188    -1666    
703.7000us:   -616    -1952    
703.8000us:     16    -2047    
703.9000us:    648    -1942    
704.0000us:   1217    -1646    
704.1000us:   1666    -1188    
704.2000us:   1952     -616    
704.3000us:   2047       16    
704.4000us:   1941      649    
704.5000us:   1646     1217    
704.6000us:   1188     1666    
704.7000us:    616     1952    
704.8000us:    -16     2047    
704.9000us:   -649     1941    
705.0000us:  -1217     1646    
705.1000us:  -1666     1188    
705.2000us:  -1952      616    
705.3000us:  -2047      -16    
705.4000us:  -1941     -649    
705.5000us:  -1646    -1217    
705.6000us:  -1188    -1666    
705.7000us:   -616    -1952    
705.8000us:     16    -2047    
705.9000us:    649    -1941    
706.0000us:   1217    -1646    
706.1000us:   1666    -1188    
706.2000us:   1952     -616    
706.3000us:   2047       16    
706.4000us:   1941      649    
706.5000us:   1646     1217    
706.6000us:   1188     1666    
706.7000us:    616     1952    
706.8000us:    -16     2047    
706.9000us:   -649     1941    
707.0000us:  -1217     1646    
707.1000us:  -1666     1188    
707.2000us:  -1952      616    
707.3000us:  -2047      -16    
707.4000us:  -1941     -649    
707.5000us:  -1646    -1217    
707.6000us:  -1188    -1666    
707.7000us:   -616    -1952    
707.8000us:     16    -2047    
707.9000us:    649    -1941    
708.0000us:   1217    -1646    
708.1000us:   1666    -1188    
708.2000us:   1952     -616    
708.3000us:   2047       16    
708.4000us:   1941      649    
708.5000us:   1646     1217    
708.6000us:   1188     1666    
708.7000us:    616     1952    
708.8000us:    -16     2047    
708.9000us:   -649     1941    
709.0000us:  -1217     1646    
709.1000us:  -1666     1188    
709.2000us:  -1952      616    
709.3000us:  -2047      -16    
709.4000us:  -1941     -649    
709.5000us:  -1646    -1217    
709.6000us:  -1188    -1666    
709.7000us:   -616    -1952    
709.8000us:     16    -2047    
709.9000us:    649    -1941    
710.0000us:   1217    -1646    
710.1000us:   1666    -1188    
710.2000us:   1952     -616    
710.3000us:   2047       16    
710.4000us:   1941      649    
710.5000us:   1646     1217    
710.6000us:   1188     1666    
710.7000us:    616     1952    
710.8000us:    -17     2047    
710.9000us:   -649     1941    
711.0000us:  -1217     1646    
711.1000us:  -1666     1188    
711.2000us:  -1952      616    
711.3000us:  -2047      -17    
711.4000us:  -1941     -649    
711.5000us:  -1646    -1217    
711.6000us:  -1188    -1666    
711.7000us:   -616    -1952    
711.8000us:     17    -2047    
711.9000us:    649    -1941    
712.0000us:   1217    -1646    
712.1000us:   1666    -1188    
712.2000us:   1952     -616    
712.3000us:   2047       17    
712.4000us:   1941      649    
712.5000us:   1646     1217    
712.6000us:   1188     1666    
712.7000us:    616     1952    
712.8000us:    -17     2047    
712.9000us:   -649     1941    
713.0000us:  -1217     1646    
713.1000us:  -1666     1188    
713.2000us:  -1952      616    
713.3000us:  -2047      -17    
713.4000us:  -1941     -649    
713.5000us:  -1646    -1217    
713.6000us:  -1188    -1666    
713.7000us:   -616    -1952    
713.8000us:     17    -2047    
713.9000us:    649    -1941    
714.0000us:   1217    -1646    
714.1000us:   1666    -1188    
714.2000us:   1952     -616    
714.3000us:   2047       17    
714.4000us:   1941      649    
714.5000us:   1646     1217    
714.6000us:   1188     1666    
714.7000us:    616     1952    
714.8000us:    -17     2047    
714.9000us:   -649     1941    
715.0000us:  -1217     1646    
715.1000us:  -1666     1188    
715.2000us:  -1952      616    
715.3000us:  -2047      -17    
715.4000us:  -1941     -649    
715.5000us:  -1646    -1217    
715.6000us:  -1188    -1666    
715.7000us:   -616    -1952    
715.8000us:     17    -2047    
715.9000us:    649    -1941    
716.0000us:   1217    -1646    
716.1000us:   1666    -1188    
716.2000us:   1952     -616    
716.3000us:   2047       17    
716.4000us:   1941      649    
716.5000us:   1646     1217    
716.6000us:   1188     1666    
716.7000us:    616     1952    
716.8000us:    -17     2047    
716.9000us:   -649     1941    
717.0000us:  -1217     1646    
717.1000us:  -1666     1188    
717.2000us:  -1952      615    
717.3000us:  -2047      -17    
717.4000us:  -1941     -649    
717.5000us:  -1646    -1217    
717.6000us:  -1188    -1666    
717.7000us:   -615    -1952    
717.8000us:     17    -2047    
717.9000us:    649    -1941    
718.0000us:   1217    -1646    
718.1000us:   1666    -1188    
718.2000us:   1952     -615    
718.3000us:   2047       17    
718.4000us:   1941      649    
718.5000us:   1646     1217    
718.6000us:   1188     1666    
718.7000us:    615     1952    
718.8000us:    -17     2047    
718.9000us:   -649     1941    
719.0000us:  -1217     1646    
719.1000us:  -1666     1188    
719.2000us:  -1952      615    
719.3000us:  -2047      -17    
719.4000us:  -1941     -649    
719.5000us:  -1646    -1217    
719.6000us:  -1188    -1666    
719.7000us:   -615    -1952    
719.8000us:     17    -2047    
719.9000us:    649    -1941    
720.0000us:   1217    -1646    
720.1000us:   1666    -1188    
720.2000us:   1952     -615    
720.3000us:   2047       17    
720.4000us:   1941      649    
720.5000us:   1646     1217    
720.6000us:   1188     1666    
720.7000us:    615     1952    
720.8000us:    -17     2047    
720.9000us:   -649     1941    
721.0000us:  -1217     1646    
721.1000us:  -1666     1188    
721.2000us:  -1952      615    
721.3000us:  -2047      -17    
721.4000us:  -1941     -649    
721.5000us:  -1646    -1217    
721.6000us:  -1188    -1666    
721.7000us:   -615    -1952    
721.8000us:     17    -2047    
721.9000us:    649    -1941    
722.0000us:   1217    -1646    
722.1000us:   1666    -1188    
722.2000us:   1952     -615    
722.3000us:   2047       17    
722.4000us:   1941      649    
722.5000us:   1646     1217    
722.6000us:   1188     1666    
722.7000us:    615     1952    
722.8000us:    -17     2047    
722.9000us:   -649     1941    
723.0000us:  -1217     1646    
723.1000us:  -1666     1188    
723.2000us:  -1952      615    
723.3000us:  -2047      -17    
723.4000us:  -1941     -649    
723.5000us:  -1646    -1217    
723.6000us:  -1188    -1666    
723.7000us:   -615    -1952    
723.8000us:     17    -2047    
723.9000us:    649    -1941    
724.0000us:   1217    -1646    
724.1000us:   1666    -1188    
724.2000us:   1952     -615    
724.3000us:   2047       17    
724.4000us:   1941      649    
724.5000us:   1646     1217    
724.6000us:   1188     1666    
724.7000us:    615     1952    
724.8000us:    -17     2047    
724.9000us:   -649     1941    
725.0000us:  -1217     1646    
725.1000us:  -1666     1188    
725.2000us:  -1952      615    
725.3000us:  -2047      -17    
725.4000us:  -1941     -649    
725.5000us:  -1646    -1217    
725.6000us:  -1188    -1666    
725.7000us:   -615    -1952    
725.8000us:     17    -2047    
725.9000us:    649    -1941    
726.0000us:   1217    -1646    
726.1000us:   1666    -1188    
726.2000us:   1952     -615    
726.3000us:   2047       17    
726.4000us:   1941      649    
726.5000us:   1646     1217    
726.6000us:   1188     1666    
726.7000us:    615     1952    
726.8000us:    -17     2047    
726.9000us:   -649     1941    
727.0000us:  -1217     1646    
727.1000us:  -1666     1188    
727.2000us:  -1952      615    
727.3000us:  -2047      -17    
727.4000us:  -1941     -649    
727.5000us:  -1646    -1217    
727.6000us:  -1188    -1666    
727.7000us:   -615    -1952    
727.8000us:     17    -2047    
727.9000us:    649    -1941    
728.0000us:   1217    -1646    
728.1000us:   1666    -1188    
728.2000us:   1952     -615    
728.3000us:   2047       17    
728.4000us:   1941      649    
728.5000us:   1646     1217    
728.6000us:   1188     1666    
728.7000us:    615     1952    
728.8000us:    -17     2047    
728.9000us:   -649     1941    
729.0000us:  -1217     1646    
729.1000us:  -1666     1188    
729.2000us:  -1952      615    
729.3000us:  -2047      -17    
729.4000us:  -1941     -649    
729.5000us:  -1646    -1217    
729.6000us:  -1188    -1666    
729.7000us:   -615    -1952    
729.8000us:     17    -2047    
729.9000us:    649    -1941    
730.0000us:   1218    -1645    
730.1000us:   1666    -1188    
730.2000us:   1952     -615    
730.3000us:   2047       17    
730.4000us:   1941      649    
730.5000us:   1645     1218    
730.6000us:   1188     1666    
730.7000us:    615     1952    
730.8000us:    -17     2047    
730.9000us:   -649     1941    
731.0000us:  -1218     1645    
731.1000us:  -1666     1188    
731.2000us:  -1952      615    
731.3000us:  -2047      -17    
731.4000us:  -1941     -649    
731.5000us:  -1645    -1218    
731.6000us:  -1188    -1666    
731.7000us:   -615    -1952    
731.8000us:     17    -2047    
731.9000us:    649    -1941    
732.0000us:   1218    -1645    
732.1000us:   1666    -1188    
732.2000us:   1952     -615    
732.3000us:   2047       17    
732.4000us:   1941      649    
732.5000us:   1645     1218    
732.6000us:   1188     1666    
732.7000us:    615     1952    
732.8000us:    -17     2047    
732.9000us:   -649     1941    
733.0000us:  -1218     1645    
733.1000us:  -1666     1188    
733.2000us:  -1952      615    
733.3000us:  -2047      -17    
733.4000us:  -1941     -649    
733.5000us:  -1645    -1218    
733.6000us:  -1188    -1666    
733.7000us:   -615    -1952    
733.8000us:     17    -2047    
733.9000us:    649    -1941    
734.0000us:   1218    -1645    
734.1000us:   1666    -1188    
734.2000us:   1952     -615    
734.3000us:   2047       17    
734.4000us:   1941      649    
734.5000us:   1645     1218    
734.6000us:   1188     1666    
734.7000us:    615     1952    
734.8000us:    -17     2047    
734.9000us:   -649     1941    
735.0000us:  -1218     1645    
735.1000us:  -1666     1188    
735.2000us:  -1952      615    
735.3000us:  -2047      -17    
735.4000us:  -1941     -649    
735.5000us:  -1645    -1218    
735.6000us:  -1188    -1666    
735.7000us:   -615    -1952    
735.8000us:     17    -2047    
735.9000us:    649    -1941    
736.0000us:   1218    -1645    
736.1000us:   1666    -1188    
736.2000us:   1952     -615    
736.3000us:   2047       17    
736.4000us:   1941      650    
736.5000us:   1645     1218    
736.6000us:   1188     1666    
736.7000us:    615     1952    
736.8000us:    -17     2047    
736.9000us:   -650     1941    
737.0000us:  -1218     1645    
737.1000us:  -1666     1188    
737.2000us:  -1952      615    
737.3000us:  -2047      -17    
737.4000us:  -1941     -650    
737.5000us:  -1645    -1218    
737.6000us:  -1188    -1666    
737.7000us:   -615    -1952    
737.8000us:     17    -2047    
737.9000us:    650    -1941    
738.0000us:   1218    -1645    
738.1000us:   1666    -1188    
738.2000us:   1952     -615    
738.3000us:   2047       17    
738.4000us:   1941      650    
738.5000us:   1645     1218    
738.6000us:   1188     1666    
738.7000us:    615     1952    
738.8000us:    -17     2047    
738.9000us:   -650     1941    
739.0000us:  -1218     1645    
739.1000us:  -1666     1188    
739.2000us:  -1952      615    
739.3000us:  -2047      -17    
739.4000us:  -1941     -650    
739.5000us:  -1645    -1218    
739.6000us:  -1188    -1666    
739.7000us:   -615    -1952    
739.8000us:     17    -2047    
739.9000us:    650    -1941    
740.0000us:   1218    -1645    
740.1000us:   1666    -1188    
740.2000us:   1952     -615    
740.3000us:   2047       17    
740.4000us:   1941      650    
740.5000us:   1645     1218    
740.6000us:   1188     1666    
740.7000us:    615     1952    
740.8000us:    -17     2047    
740.9000us:   -650     1941    
741.0000us:  -1218     1645    
741.1000us:  -1666     1188    
741.2000us:  -1952      615    
741.3000us:  -2047      -17    
741.4000us:  -1941     -650    
741.5000us:  -1645    -1218    
741.6000us:  -1188    -1666    
741.7000us:   -615    -1952    
741.8000us:     17    -2047    
741.9000us:    650    -1941    
742.0000us:   1218    -1645    
742.1000us:   1666    -1188    
742.2000us:   1952     -615    
742.3000us:   2047       17    
742.4000us:   1941      650    
742.5000us:   1645     1218    
742.6000us:   1188     1666    
742.7000us:    615     1952    
742.8000us:    -18     2047    
742.9000us:   -650     1941    
743.0000us:  -1218     1645    
743.1000us:  -1666     1188    
743.2000us:  -1952      615    
743.3000us:  -2047      -18    
743.4000us:  -1941     -650    
743.5000us:  -1645    -1218    
743.6000us:  -1188    -1666    
743.7000us:   -615    -1952    
743.8000us:     18    -2047    
743.9000us:    650    -1941    
744.0000us:   1218    -1645    
744.1000us:   1666    -1188    
744.2000us:   1952     -615    
744.3000us:   2047       18    
744.4000us:   1941      650    
744.5000us:   1645     1218    
744.6000us:   1188     1666    
744.7000us:    615     1952    
744.8000us:    -18     2047    
744.9000us:   -650     1941    
745.0000us:  -1218     1645    
745.1000us:  -1666     1188    
745.2000us:  -1952      615    
745.3000us:  -2047      -18    
745.4000us:  -1941     -650    
745.5000us:  -1645    -1218    
745.6000us:  -1188    -1666    
745.7000us:   -615    -1952    
745.8000us:     18    -2047    
745.9000us:    650    -1941    
746.0000us:   1218    -1645    
746.1000us:   1666    -1188    
746.2000us:   1952     -615    
746.3000us:   2047       18    
746.4000us:   1941      650    
746.5000us:   1645     1218    
746.6000us:   1188     1666    
746.7000us:    615     1952    
746.8000us:    -18     2047    
746.9000us:   -650     1941    
747.0000us:  -1218     1645    
747.1000us:  -1666     1188    
747.2000us:  -1952      615    
747.3000us:  -2047      -18    
747.4000us:  -1941     -650    
747.5000us:  -1645    -1218    
747.6000us:  -1188    -1666    
747.7000us:   -615    -1952    
747.8000us:     18    -2047    
747.9000us:    650    -1941    
748.0000us:   1218    -1645    
748.1000us:   1666    -1188    
748.2000us:   1952     -615    
748.3000us:   2047       18    
748.4000us:   1941      650    
748.5000us:   1645     1218    
748.6000us:   1188     1666    
748.7000us:    615     1952    
748.8000us:    -18     2047    
748.9000us:   -650     1941    
749.0000us:  -1218     1645    
749.1000us:  -1666     1188    
749.2000us:  -1953      615    
749.3000us:  -2047      -18    
749.4000us:  -1941     -650    
749.5000us:  -1645    -1218    
749.6000us:  -1188    -1666    
749.7000us:   -615    -1953    
749.8000us:     18    -2047    
749.9000us:    650    -1941    
750.0000us:   1218    -1645    
750.1000us:   1666    -1188    
750.2000us:   1953     -615    
750.3000us:   2047       18    
750.4000us:   1941      650    
750.5000us:   1645     1218    
750.6000us:   1188     1666    
750.7000us:    615     1953    
750.8000us:    -18     2047    
750.9000us:   -650     1941    
751.0000us:  -1218     1645    
751.1000us:  -1666     1188    
751.2000us:  -1953      615    
751.3000us:  -2047      -18    
751.4000us:  -1941     -650    
751.5000us:  -1645    -1218    
751.6000us:  -1188    -1666    
751.7000us:   -615    -1953    
751.8000us:     18    -2047    
751.9000us:    650    -1941    
752.0000us:   1218    -1645    
752.1000us:   1666    -1188    
752.2000us:   1953     -615    
752.3000us:   2047       18    
752.4000us:   1941      650    
752.5000us:   1645     1218    
752.6000us:   1188     1666    
752.7000us:    615     1953    
752.8000us:    -18     2047    
752.9000us:   -650     1941    
753.0000us:  -1218     1645    
753.1000us:  -1666     1188    
753.2000us:  -1953      615    
753.3000us:  -2047      -18    
753.4000us:  -1941     -650    
753.5000us:  -1645    -1218    
753.6000us:  -1188    -1666    
753.7000us:   -615    -1953    
753.8000us:     18    -2047    
753.9000us:    650    -1941    
754.0000us:   1218    -1645    
754.1000us:   1666    -1188    
754.2000us:   1953     -615    
754.3000us:   2047       18    
754.4000us:   1941      650    
754.5000us:   1645     1218    
754.6000us:   1188     1666    
754.7000us:    615     1953    
754.8000us:    -18     2047    
754.9000us:   -650     1941    
755.0000us:  -1218     1645    
755.1000us:  -1666     1188    
755.2000us:  -1953      615    
755.3000us:  -2047      -18    
755.4000us:  -1941     -650    
755.5000us:  -1645    -1218    
755.6000us:  -1187    -1667    
755.7000us:   -615    -1953    
755.8000us:     18    -2047    
755.9000us:    650    -1941    
756.0000us:   1218    -1645    
756.1000us:   1667    -1187    
756.2000us:   1953     -615    
756.3000us:   2047       18    
756.4000us:   1941      650    
756.5000us:   1645     1218    
756.6000us:   1187     1667    
756.7000us:    615     1953    
756.8000us:    -18     2047    
756.9000us:   -650     1941    
757.0000us:  -1218     1645    
757.1000us:  -1667     1187    
757.2000us:  -1953      615    
757.3000us:  -2047      -18    
757.4000us:  -1941     -650    
757.5000us:  -1645    -1218    
757.6000us:  -1187    -1667    
757.7000us:   -615    -1953    
757.8000us:     18    -2047    
757.9000us:    650    -1941    
758.0000us:   1218    -1645    
758.1000us:   1667    -1187    
758.2000us:   1953     -615    
758.3000us:   2047       18    
758.4000us:   1941      650    
758.5000us:   1645     1218    
758.6000us:   1187     1667    
758.7000us:    615     1953    
758.8000us:    -18     2047    
758.9000us:   -650     1941    
759.0000us:  -1218     1645    
759.1000us:  -1667     1187    
759.2000us:  -1953      615    
759.3000us:  -2047      -18    
759.4000us:  -1941     -650    
759.5000us:  -1645    -1218    
759.6000us:  -1187    -1667    
759.7000us:   -615    -1953    
759.8000us:     18    -2047    
759.9000us:    650    -1941    
760.0000us:   1218    -1645    
760.1000us:   1667    -1187    
760.2000us:   1953     -615    
760.3000us:   2047       18    
760.4000us:   1941      650    
760.5000us:   1645     1218    
760.6000us:   1187     1667    
760.7000us:    615     1953    
760.8000us:    -18     2047    
760.9000us:   -650     1941    
761.0000us:  -1218     1645    
761.1000us:  -1667     1187    
761.2000us:  -1953      615    
761.3000us:  -2047      -18    
761.4000us:  -1941     -650    
761.5000us:  -1645    -1218    
761.6000us:  -1187    -1667    
761.7000us:   -615    -1953    
761.8000us:     18    -2047    
761.9000us:    650    -1941    
762.0000us:   1218    -1645    
762.1000us:   1667    -1187    
762.2000us:   1953     -615    
762.3000us:   2047       18    
762.4000us:   1941      650    
762.5000us:   1645     1218    
762.6000us:   1187     1667    
762.7000us:    615     1953    
762.8000us:    -18     2047    
762.9000us:   -650     1941    
763.0000us:  -1218     1645    
763.1000us:  -1667     1187    
763.2000us:  -1953      615    
763.3000us:  -2047      -18    
763.4000us:  -1941     -650    
763.5000us:  -1645    -1218    
763.6000us:  -1187    -1667    
763.7000us:   -615    -1953    
763.8000us:     18    -2047    
763.9000us:    650    -1941    
764.0000us:   1218    -1645    
764.1000us:   1667    -1187    
764.2000us:   1953     -615    
764.3000us:   2047       18    
764.4000us:   1941      650    
764.5000us:   1645     1218    
764.6000us:   1187     1667    
764.7000us:    615     1953    
764.8000us:    -18     2047    
764.9000us:   -650     1941    
765.0000us:  -1218     1645    
765.1000us:  -1667     1187    
765.2000us:  -1953      615    
765.3000us:  -2047      -18    
765.4000us:  -1941     -650    
765.5000us:  -1645    -1218    
765.6000us:  -1187    -1667    
765.7000us:   -615    -1953    
765.8000us:     18    -2047    
765.9000us:    650    -1941    
766.0000us:   1218    -1645    
766.1000us:   1667    -1187    
766.2000us:   1953     -615    
766.3000us:   2047       18    
766.4000us:   1941      650    
766.5000us:   1645     1218    
766.6000us:   1187     1667    
766.7000us:    615     1953    
766.8000us:    -18     2047    
766.9000us:   -650     1941    
767.0000us:  -1218     1645    
767.1000us:  -1667     1187    
767.2000us:  -1953      615    
767.3000us:  -2047      -18    
767.4000us:  -1941     -650    
767.5000us:  -1645    -1218    
767.6000us:  -1187    -1667    
767.7000us:   -615    -1953    
767.8000us:     18    -2047    
767.9000us:    650    -1941    
768.0000us:   1218    -1645    
768.1000us:   1667    -1187    
768.2000us:   1953     -615    
768.3000us:   2047       18    
768.4000us:   1941      651    
768.5000us:   1645     1218    
768.6000us:   1187     1667    
768.7000us:    615     1953    
768.8000us:    -18     2047    
768.9000us:   -651     1941    
769.0000us:  -1218     1645    
769.1000us:  -1667     1187    
769.2000us:  -1953      615    
769.3000us:  -2047      -18    
769.4000us:  -1941     -651    
769.5000us:  -1645    -1218    
769.6000us:  -1187    -1667    
769.7000us:   -615    -1953    
769.8000us:     18    -2047    
769.9000us:    651    -1941    
770.0000us:   1218    -1645    
770.1000us:   1667    -1187    
770.2000us:   1953     -615    
770.3000us:   2047       18    
770.4000us:   1941      651    
770.5000us:   1645     1218    
770.6000us:   1187     1667    
770.7000us:    615     1953    
770.8000us:    -18     2047    
770.9000us:   -651     1941    
771.0000us:  -1218     1645    
771.1000us:  -1667     1187    
771.2000us:  -1953      615    
771.3000us:  -2047      -18    
771.4000us:  -1941     -651    
771.5000us:  -1645    -1218    
771.6000us:  -1187    -1667    
771.7000us:   -615    -1953    
771.8000us:     18    -2047    
771.9000us:    651    -1941    
772.0000us:   1218    -1645    
772.1000us:   1667    -1187    
772.2000us:   1953     -615    
772.3000us:   2047       18    
772.4000us:   1941      651    
772.5000us:   1645     1218    
772.6000us:   1187     1667    
772.7000us:    615     1953    
772.8000us:    -18     2047    
772.9000us:   -651     1941    
773.0000us:  -1218     1645    
773.1000us:  -1667     1187    
773.2000us:  -1953      615    
773.3000us:  -2047      -18    
773.4000us:  -1941     -651    
773.5000us:  -1645    -1218    
773.6000us:  -1187    -1667    
773.7000us:   -615    -1953    
773.8000us:     18    -2047    
773.9000us:    651    -1941    
774.0000us:   1218    -1645    
774.1000us:   1667    -1187    
774.2000us:   1953     -615    
774.3000us:   2047       18    
774.4000us:   1941      651    
774.5000us:   1645     1218    
774.6000us:   1187     1667    
774.7000us:    615     1953    
774.8000us:    -19     2047    
774.9000us:   -651     1941    
775.0000us:  -1218     1645    
775.1000us:  -1667     1187    
775.2000us:  -1953      615    
775.3000us:  -2047      -19    
775.4000us:  -1941     -651    
775.5000us:  -1645    -1218    
775.6000us:  -1187    -1667    
775.7000us:   -615    -1953    
775.8000us:     19    -2047    
775.9000us:    651    -1941    
776.0000us:   1218    -1645    
776.1000us:   1667    -1187    
776.2000us:   1953     -615    
776.3000us:   2047       19    
776.4000us:   1941      651    
776.5000us:   1645     1218    
776.6000us:   1187     1667    
776.7000us:    615     1953    
776.8000us:    -19     2047    
776.9000us:   -651     1941    
777.0000us:  -1218     1645    
777.1000us:  -1667     1187    
777.2000us:  -1953      615    
777.3000us:  -2047      -19    
777.4000us:  -1941     -651    
777.5000us:  -1645    -1218    
777.6000us:  -1187    -1667    
777.7000us:   -615    -1953    
777.8000us:     19    -2047    
777.9000us:    651    -1941    
778.0000us:   1218    -1645    
778.1000us:   1667    -1187    
778.2000us:   1953     -615    
778.3000us:   2047       19    
778.4000us:   1941      651    
778.5000us:   1645     1218    
778.6000us:   1187     1667    
778.7000us:    615     1953    
778.8000us:    -19     2047    
778.9000us:   -651     1941    
779.0000us:  -1218     1645    
779.1000us:  -1667     1187    
779.2000us:  -1953      615    
779.3000us:  -2047      -19    
779.4000us:  -1941     -651    
779.5000us:  -1645    -1218    
779.6000us:  -1187    -1667    
779.7000us:   -615    -1953    
779.8000us:     19    -2047    
779.9000us:    651    -1941    
780.0000us:   1218    -1645    
780.1000us:   1667    -1187    
780.2000us:   1953     -615    
780.3000us:   2047       19    
780.4000us:   1941      651    
780.5000us:   1645     1218    
780.6000us:   1187     1667    
780.7000us:    615     1953    
780.8000us:    -19     2047    
780.9000us:   -651     1941    
781.0000us:  -1218     1645    
781.1000us:  -1667     1187    
781.2000us:  -1953      614    
781.3000us:  -2047      -19    
781.4000us:  -1941     -651    
781.5000us:  -1645    -1218    
781.6000us:  -1187    -1667    
781.7000us:   -614    -1953    
781.8000us:     19    -2047    
781.9000us:    651    -1941    
782.0000us:   1218    -1645    
782.1000us:   1667    -1187    
782.2000us:   1953     -614    
782.3000us:   2047       19    
782.4000us:   1941      651    
782.5000us:   1645     1218    
782.6000us:   1187     1667    
782.7000us:    614     1953    
782.8000us:    -19     2047    
782.9000us:   -651     1941    
783.0000us:  -1218     1645    
783.1000us:  -1667     1187    
783.2000us:  -1953      614    
783.3000us:  -2047      -19    
783.4000us:  -1941     -651    
783.5000us:  -1645    -1218    
783.6000us:  -1187    -1667    
783.7000us:   -614    -1953    
783.8000us:     19    -2047    
783.9000us:    651    -1941    
784.0000us:   1218    -1645    
784.1000us:   1667    -1187    
784.2000us:   1953     -614    
784.3000us:   2047       19    
784.4000us:   1941      651    
784.5000us:   1645     1218    
784.6000us:   1187     1667    
784.7000us:    614     1953    
784.8000us:    -19     2047    
784.9000us:   -651     1941    
785.0000us:  -1218     1645    
785.1000us:  -1667     1187    
785.2000us:  -1953      614    
785.3000us:  -2047      -19    
785.4000us:  -1941     -651    
785.5000us:  -1645    -1218    
785.6000us:  -1187    -1667    
785.7000us:   -614    -1953    
785.8000us:     19    -2047    
785.9000us:    651    -1941    
786.0000us:   1218    -1645    
786.1000us:   1667    -1187    
786.2000us:   1953     -614    
786.3000us:   2047       19    
786.4000us:   1941      651    
786.5000us:   1645     1218    
786.6000us:   1187     1667    
786.7000us:    614     1953    
786.8000us:    -19     2047    
786.9000us:   -651     1941    
787.0000us:  -1218     1645    
787.1000us:  -1667     1187    
787.2000us:  -1953      614    
787.3000us:  -2047      -19    
787.4000us:  -1941     -651    
787.5000us:  -1645    -1218    
787.6000us:  -1187    -1667    
787.7000us:   -614    -1953    
787.8000us:     19    -2047    
787.9000us:    651    -1941    
788.0000us:   1218    -1645    
788.1000us:   1667    -1187    
788.2000us:   1953     -614    
788.3000us:   2047       19    
788.4000us:   1941      651    
788.5000us:   1645     1218    
788.6000us:   1187     1667    
788.7000us:    614     1953    
788.8000us:    -19     2047    
788.9000us:   -651     1941    
789.0000us:  -1218     1645    
789.1000us:  -1667     1187    
789.2000us:  -1953      614    
789.3000us:  -2047      -19    
789.4000us:  -1941     -651    
789.5000us:  -1645    -1218    
789.6000us:  -1187    -1667    
789.7000us:   -614    -1953    
789.8000us:     19    -2047    
789.9000us:    651    -1941    
790.0000us:   1218    -1645    
790.1000us:   1667    -1187    
790.2000us:   1953     -614    
790.3000us:   2047       19    
790.4000us:   1941      651    
790.5000us:   1645     1218    
790.6000us:   1187     1667    
790.7000us:    614     1953    
790.8000us:    -19     2047    
790.9000us:   -651     1941    
791.0000us:  -1218     1645    
791.1000us:  -1667     1187    
791.2000us:  -1953      614    
791.3000us:  -2047      -19    
791.4000us:  -1941     -651    
791.5000us:  -1645    -1218    
791.6000us:  -1187    -1667    
791.7000us:   -614    -1953    
791.8000us:     19    -2047    
791.9000us:    651    -1941    
792.0000us:   1218    -1645    
792.1000us:   1667    -1187    
792.2000us:   1953     -614    
792.3000us:   2047       19    
792.4000us:   1941      651    
792.5000us:   1645     1218    
792.6000us:   1187     1667    
792.7000us:    614     1953    
792.8000us:    -19     2047    
792.9000us:   -651     1941    
793.0000us:  -1218     1645    
793.1000us:  -1667     1187    
793.2000us:  -1953      614    
793.3000us:  -2047      -19    
793.4000us:  -1941     -651    
793.5000us:  -1645    -1218    
793.6000us:  -1187    -1667    
793.7000us:   -614    -1953    
793.8000us:     19    -2047    
793.9000us:    651    -1941    
794.0000us:   1219    -1644    
794.1000us:   1667    -1187    
794.2000us:   1953     -614    
794.3000us:   2047       19    
794.4000us:   1941      651    
794.5000us:   1644     1219    
794.6000us:   1187     1667    
794.7000us:    614     1953    
794.8000us:    -19     2047    
794.9000us:   -651     1941    
795.0000us:  -1219     1644    
795.1000us:  -1667     1187    
795.2000us:  -1953      614    
795.3000us:  -2047      -19    
795.4000us:  -1941     -651    
795.5000us:  -1644    -1219    
795.6000us:  -1187    -1667    
795.7000us:   -614    -1953    
795.8000us:     19    -2047    
795.9000us:    651    -1941    
796.0000us:   1219    -1644    
796.1000us:   1667    -1187    
796.2000us:   1953     -614    
796.3000us:   2047       19    
796.4000us:   1941      651    
796.5000us:   1644     1219    
796.6000us:   1187     1667    
796.7000us:    614     1953    
796.8000us:    -19     2047    
796.9000us:   -651     1941    
797.0000us:  -1219     1644    
797.1000us:  -1667     1187    
797.2000us:  -1953      614    
797.3000us:  -2047      -19    
797.4000us:  -1941     -651    
797.5000us:  -1644    -1219    
797.6000us:  -1187    -1667    
797.7000us:   -614    -1953    
797.8000us:     19    -2047    
797.9000us:    651    -1941    
798.0000us:   1219    -1644    
798.1000us:   1667    -1187    
798.2000us:   1953     -614    
798.3000us:   2047       19    
798.4000us:   1941      651    
798.5000us:   1644     1219    
798.6000us:   1187     1667    
798.7000us:    614     1953    
798.8000us:    -19     2047    
798.9000us:   -651     1941    
799.0000us:  -1219     1644    
799.1000us:  -1667     1187    
799.2000us:  -1953      614    
799.3000us:  -2047      -19    
799.4000us:  -1941     -651    
799.5000us:  -1644    -1219    
799.6000us:  -1187    -1667    
799.7000us:   -614    -1953    
799.8000us:     19    -2047    
799.9000us:    651    -1941    
800.0000us:   1219    -1644    
800.1000us:   1667    -1187    
800.2000us:   1953     -614    
800.3000us:   2047       19    
800.4000us:   1940      651    
800.5000us:   1644     1219    
800.6000us:   1187     1667    
800.7000us:    614     1953    
800.8000us:    -19     2047    
800.9000us:   -651     1940    
801.0000us:  -1219     1644    
801.1000us:  -1667     1187    
801.2000us:  -1953      614    
801.3000us:  -2047      -19    
801.4000us:  -1940     -651    
801.5000us:  -1644    -1219    
801.6000us:  -1187    -1667    
801.7000us:   -614    -1953    
801.8000us:     19    -2047    
801.9000us:    651    -1940    
802.0000us:   1219    -1644    
802.1000us:   1667    -1187    
802.2000us:   1953     -614    
802.3000us:   2047       19    
802.4000us:   1940      651    
802.5000us:   1644     1219    
802.6000us:   1187     1667    
802.7000us:    614     1953    
802.8000us:    -19     2047    
802.9000us:   -651     1940    
803.0000us:  -1219     1644    
803.1000us:  -1667     1187    
803.2000us:  -1953      614    
803.3000us:  -2047      -19    
803.4000us:  -1940     -651    
803.5000us:  -1644    -1219    
803.6000us:  -1187    -1667    
803.7000us:   -614    -1953    
803.8000us:     19    -2047    
803.9000us:    651    -1940    
804.0000us:   1219    -1644    
804.1000us:   1667    -1187    
804.2000us:   1953     -614    
804.3000us:   2047       19    
804.4000us:   1940      651    
804.5000us:   1644     1219    
804.6000us:   1187     1667    
804.7000us:    614     1953    
804.8000us:    -19     2047    
804.9000us:   -651     1940    
805.0000us:  -1219     1644    
805.1000us:  -1667     1187    
805.2000us:  -1953      614    
805.3000us:  -2047      -19    
805.4000us:  -1940     -651    
805.5000us:  -1644    -1219    
805.6000us:  -1187    -1667    
805.7000us:   -614    -1953    
805.8000us:     19    -2047    
805.9000us:    651    -1940    
806.0000us:   1219    -1644    
806.1000us:   1667    -1187    
806.2000us:   1953     -614    
806.3000us:   2047       19    
806.4000us:   1940      651    
806.5000us:   1644     1219    
806.6000us:   1187     1667    
806.7000us:    614     1953    
806.8000us:    -20     2047    
806.9000us:   -651     1940    
807.0000us:  -1219     1644    
807.1000us:  -1667     1187    
807.2000us:  -1953      614    
807.3000us:  -2047      -20    
807.4000us:  -1940     -651    
807.5000us:  -1644    -1219    
807.6000us:  -1187    -1667    
807.7000us:   -614    -1953    
807.8000us:     20    -2047    
807.9000us:    651    -1940    
808.0000us:   1219    -1644    
808.1000us:   1667    -1187    
808.2000us:   1953     -614    
808.3000us:   2047       20    
808.4000us:   1940      651    
808.5000us:   1644     1219    
808.6000us:   1187     1667    
808.7000us:    614     1953    
808.8000us:    -20     2047    
808.9000us:   -651     1940    
809.0000us:  -1219     1644    
809.1000us:  -1667     1187    
809.2000us:  -1953      614    
809.3000us:  -2047      -20    
809.4000us:  -1940     -651    
809.5000us:  -1644    -1219    
809.6000us:  -1187    -1667    
809.7000us:   -614    -1953    
809.8000us:     20    -2047    
809.9000us:    651    -1940    
810.0000us:   1219    -1644    
810.1000us:   1667    -1187    
810.2000us:   1953     -614    
810.3000us:   2047       20    
810.4000us:   1940      651    
810.5000us:   1644     1219    
810.6000us:   1187     1667    
810.7000us:    614     1953    
810.8000us:    -20     2047    
810.9000us:   -651     1940    
811.0000us:  -1219     1644    
811.1000us:  -1667     1187    
811.2000us:  -1953      614    
811.3000us:  -2047      -20    
811.4000us:  -1940     -651    
811.5000us:  -1644    -1219    
811.6000us:  -1187    -1667    
811.7000us:   -614    -1953    
811.8000us:     20    -2047    
811.9000us:    651    -1940    
812.0000us:   1219    -1644    
812.1000us:   1667    -1187    
812.2000us:   1953     -614    
812.3000us:   2047       20    
812.4000us:   1940      651    
812.5000us:   1644     1219    
812.6000us:   1187     1667    
812.7000us:    614     1953    
812.8000us:    -20     2047    
812.9000us:   -651     1940    
813.0000us:  -1219     1644    
813.1000us:  -1667     1187    
813.2000us:  -1953      613    
813.3000us:  -2047      -20    
813.4000us:  -1940     -651    
813.5000us:  -1644    -1219    
813.6000us:  -1187    -1667    
813.7000us:   -613    -1953    
813.8000us:     20    -2047    
813.9000us:    651    -1940    
814.0000us:   1219    -1644    
814.1000us:   1667    -1187    
814.2000us:   1953     -613    
814.3000us:   2047       20    
814.4000us:   1940      651    
814.5000us:   1644     1219    
814.6000us:   1187     1667    
814.7000us:    613     1953    
814.8000us:    -20     2047    
814.9000us:   -651     1940    
815.0000us:  -1219     1644    
815.1000us:  -1667     1187    
815.2000us:  -1953      613    
815.3000us:  -2047      -20    
815.4000us:  -1940     -651    
815.5000us:  -1644    -1219    
815.6000us:  -1187    -1667    
815.7000us:   -613    -1953    
815.8000us:     20    -2047    
815.9000us:    651    -1940    
816.0000us:   1219    -1644    
816.1000us:   1667    -1187    
816.2000us:   1953     -613    
816.3000us:   2047       20    
816.4000us:   1940      651    
816.5000us:   1644     1219    
816.6000us:   1187     1667    
816.7000us:    613     1953    
816.8000us:    -20     2047    
816.9000us:   -651     1940    
817.0000us:  -1219     1644    
817.1000us:  -1667     1187    
817.2000us:  -1953      613    
817.3000us:  -2047      -20    
817.4000us:  -1940     -651    
817.5000us:  -1644    -1219    
817.6000us:  -1187    -1667    
817.7000us:   -613    -1953    
817.8000us:     20    -2047    
817.9000us:    651    -1940    
818.0000us:   1219    -1644    
818.1000us:   1667    -1187    
818.2000us:   1953     -613    
818.3000us:   2047       20    
818.4000us:   1940      651    
818.5000us:   1644     1219    
818.6000us:   1187     1667    
818.7000us:    613     1953    
818.8000us:    -20     2047    
818.9000us:   -651     1940    
819.0000us:  -1219     1644    
819.1000us:  -1667     1187    
819.2000us:  -1953      613    
819.3000us:  -2047      -20    
819.4000us:  -1940     -651    
819.5000us:  -1644    -1219    
819.6000us:  -1186    -1668    
819.7000us:   -613    -1953    
819.8000us:     20    -2047    
819.9000us:    651    -1940    
820.0000us:   1219    -1644    
820.1000us:   1668    -1186    
820.2000us:   1953     -613    
820.3000us:   2047       20    
820.4000us:   1940      651    
820.5000us:   1644     1219    
820.6000us:   1186     1668    
820.7000us:    613     1953    
820.8000us:    -20     2047    
820.9000us:   -651     1940    
821.0000us:  -1219     1644    
821.1000us:  -1668     1186    
821.2000us:  -1953      613    
821.3000us:  -2047      -20    
821.4000us:  -1940     -651    
821.5000us:  -1644    -1219    
821.6000us:  -1186    -1668    
821.7000us:   -613    -1953    
821.8000us:     20    -2047    
821.9000us:    651    -1940    
822.0000us:   1219    -1644    
822.1000us:   1668    -1186    
822.2000us:   1953     -613    
822.3000us:   2047       20    
822.4000us:   1940      651    
822.5000us:   1644     1219    
822.6000us:   1186     1668    
822.7000us:    613     1953    
822.8000us:    -20     2047    
822.9000us:   -651     1940    
823.0000us:  -1219     1644    
823.1000us:  -1668     1186    
823.2000us:  -1953      613    
823.3000us:  -2047      -20    
823.4000us:  -1940     -651    
823.5000us:  -1644    -1219    
823.6000us:  -1186    -1668    
823.7000us:   -613    -1953    
823.8000us:     20    -2047    
823.9000us:    651    -1940    
824.0000us:   1219    -1644    
824.1000us:   1668    -1186    
824.2000us:   1953     -613    
824.3000us:   2047       20    
824.4000us:   1940      651    
824.5000us:   1644     1219    
824.6000us:   1186     1668    
824.7000us:    613     1953    
824.8000us:    -20     2047    
824.9000us:   -651     1940    
825.0000us:  -1219     1644    
825.1000us:  -1668     1186    
825.2000us:  -1953      613    
825.3000us:  -2047      -20    
825.4000us:  -1940     -651    
825.5000us:  -1644    -1219    
825.6000us:  -1186    -1668    
825.7000us:   -613    -1953    
825.8000us:     20    -2047    
825.9000us:    651    -1940    
826.0000us:   1219    -1643    
826.1000us:   1668    -1186    
826.2000us:   1953     -613    
826.3000us:   2047       20    
826.4000us:   1940      651    
826.5000us:   1643     1219    
826.6000us:   1186     1668    
826.7000us:    613     1953    
826.8000us:    -20     2047    
826.9000us:   -651     1940    
827.0000us:  -1219     1643    
827.1000us:  -1668     1186    
827.2000us:  -1953      613    
827.3000us:  -2047      -20    
827.4000us:  -1940     -651    
827.5000us:  -1643    -1219    
827.6000us:  -1186    -1668    
827.7000us:   -613    -1953    
827.8000us:     20    -2047    
827.9000us:    651    -1940    
828.0000us:   1219    -1643    
828.1000us:   1668    -1186    
828.2000us:   1953     -613    
828.3000us:   2047       20    
828.4000us:   1940      651    
828.5000us:   1643     1219    
828.6000us:   1186     1668    
828.7000us:    613     1953    
828.8000us:    -20     2047    
828.9000us:   -651     1940    
829.0000us:  -1219     1643    
829.1000us:  -1668     1186    
829.2000us:  -1953      613    
829.3000us:  -2047      -20    
829.4000us:  -1940     -651    
829.5000us:  -1643    -1219    
829.6000us:  -1186    -1668    
829.7000us:   -613    -1953    
829.8000us:     20    -2047    
829.9000us:    651    -1940    
830.0000us:   1219    -1643    
830.1000us:   1668    -1186    
830.2000us:   1953     -613    
830.3000us:   2047       20    
830.4000us:   1940      651    
830.5000us:   1643     1219    
830.6000us:   1186     1668    
830.7000us:    613     1953    
830.8000us:    -20     2047    
830.9000us:   -651     1940    
831.0000us:  -1219     1643    
831.1000us:  -1668     1186    
831.2000us:  -1953      613    
831.3000us:  -2047      -20    
831.4000us:  -1940     -651    
831.5000us:  -1643    -1219    
831.6000us:  -1186    -1668    
831.7000us:   -613    -1953    
831.8000us:     20    -2047    
831.9000us:    651    -1940    
832.0000us:   1219    -1643    
832.1000us:   1668    -1186    
832.2000us:   1953     -613    
832.3000us:   2047       20    
832.4000us:   1940      652    
832.5000us:   1643     1219    
832.6000us:   1186     1668    
832.7000us:    613     1953    
832.8000us:    -20     2047    
832.9000us:   -652     1940    
833.0000us:  -1219     1643    
833.1000us:  -1668     1186    
833.2000us:  -1953      613    
833.3000us:  -2047      -20    
833.4000us:  -1940     -652    
833.5000us:  -1643    -1219    
833.6000us:  -1186    -1668    
833.7000us:   -613    -1953    
833.8000us:     20    -2047    
833.9000us:    652    -1940    
834.0000us:   1219    -1643    
834.1000us:   1668    -1186    
834.2000us:   1953     -613    
834.3000us:   2047       20    
834.4000us:   1940      652    
834.5000us:   1643     1219    
834.6000us:   1186     1668    
834.7000us:    613     1953    
834.8000us:    -20     2047    
834.9000us:   -652     1940    
835.0000us:  -1219     1643    
835.1000us:  -1668     1186    
835.2000us:  -1953      613    
835.3000us:  -2047      -20    
835.4000us:  -1940     -652    
835.5000us:  -1643    -1219    
835.6000us:  -1186    -1668    
835.7000us:   -613    -1953    
835.8000us:     20    -2047    
835.9000us:    652    -1940    
836.0000us:   1219    -1643    
836.1000us:   1668    -1186    
836.2000us:   1953     -613    
836.3000us:   2047       20    
836.4000us:   1940      652    
836.5000us:   1643     1219    
836.6000us:   1186     1668    
836.7000us:    613     1953    
836.8000us:    -20     2047    
836.9000us:   -652     1940    
837.0000us:  -1219     1643    
837.1000us:  -1668     1186    
837.2000us:  -1953      613    
837.3000us:  -2047      -20    
837.4000us:  -1940     -652    
837.5000us:  -1643    -1219    
837.6000us:  -1186    -1668    
837.7000us:   -613    -1953    
837.8000us:     20    -2047    
837.9000us:    652    -1940    
838.0000us:   1219    -1643    
838.1000us:   1668    -1186    
838.2000us:   1953     -613    
838.3000us:   2047       20    
838.4000us:   1940      652    
838.5000us:   1643     1219    
838.6000us:   1186     1668    
838.7000us:    613     1953    
838.8000us:    -20     2047    
838.9000us:   -652     1940    
839.0000us:  -1219     1643    
839.1000us:  -1668     1186    
839.2000us:  -1953      613    
839.3000us:  -2047      -20    
839.4000us:  -1940     -652    
839.5000us:  -1643    -1219    
839.6000us:  -1186    -1668    
839.7000us:   -613    -1953    
839.8000us:     20    -2047    
839.9000us:    652    -1940    
840.0000us:   1219    -1643    
840.1000us:   1668    -1186    
840.2000us:   1953     -613    
840.3000us:   2047       20    
840.4000us:   1940      652    
840.5000us:   1643     1219    
840.6000us:   1186     1668    
840.7000us:    613     1953    
840.8000us:    -20     2047    
840.9000us:   -652     1940    
841.0000us:  -1219     1643    
841.1000us:  -1668     1186    
841.2000us:  -1953      613    
841.3000us:  -2047      -20    
841.4000us:  -1940     -652    
841.5000us:  -1643    -1219    
841.6000us:  -1186    -1668    
841.7000us:   -613    -1953    
841.8000us:     20    -2047    
841.9000us:    652    -1940    
842.0000us:   1219    -1643    
842.1000us:   1668    -1186    
842.2000us:   1953     -613    
842.3000us:   2047       20    
842.4000us:   1940      652    
842.5000us:   1643     1219    
842.6000us:   1186     1668    
842.7000us:    613     1953    
842.8000us:    -20     2047    
842.9000us:   -652     1940    
843.0000us:  -1219     1643    
843.1000us:  -1668     1186    
843.2000us:  -1953      613    
843.3000us:  -2047      -20    
843.4000us:  -1940     -652    
843.5000us:  -1643    -1219    
843.6000us:  -1186    -1668    
843.7000us:   -613    -1953    
843.8000us:     20    -2047    
843.9000us:    652    -1940    
844.0000us:   1219    -1643    
844.1000us:   1668    -1186    
844.2000us:   1953     -613    
844.3000us:   2047       20    
844.4000us:   1940      652    
844.5000us:   1643     1219    
844.6000us:   1186     1668    
844.7000us:    613     1953    
844.8000us:    -20     2047    
844.9000us:   -652     1940    
845.0000us:  -1219     1643    
845.1000us:  -1668     1186    
845.2000us:  -1954      612    
845.3000us:  -2047      -20    
845.4000us:  -1940     -652    
845.5000us:  -1643    -1219    
845.6000us:  -1186    -1668    
845.7000us:   -612    -1954    
845.8000us:     20    -2047    
845.9000us:    652    -1940    
846.0000us:   1219    -1643    
846.1000us:   1668    -1186    
846.2000us:   1954     -612    
846.3000us:   2047       20    
846.4000us:   1940      652    
846.5000us:   1643     1219    
846.6000us:   1186     1668    
846.7000us:    612     1954    
846.8000us:    -20     2047    
846.9000us:   -652     1940    
847.0000us:  -1219     1643    
847.1000us:  -1668     1186    
847.2000us:  -1954      612    
847.3000us:  -2047      -20    
847.4000us:  -1940     -652    
847.5000us:  -1643    -1219    
847.6000us:  -1186    -1668    
847.7000us:   -612    -1954    
847.8000us:     20    -2047    
847.9000us:    652    -1940    
848.0000us:   1219    -1643    
848.1000us:   1668    -1186    
848.2000us:   1954     -612    
848.3000us:   2047       20    
848.4000us:   1940      652    
848.5000us:   1643     1219    
848.6000us:   1186     1668    
848.7000us:    612     1954    
848.8000us:    -20     2047    
848.9000us:   -652     1940    
849.0000us:  -1219     1643    
849.1000us:  -1668     1186    
849.2000us:  -1954      612    
849.3000us:  -2047      -20    
849.4000us:  -1940     -652    
849.5000us:  -1643    -1219    
849.6000us:  -1186    -1668    
849.7000us:   -612    -1954    
849.8000us:     20    -2047    
849.9000us:    652    -1940    
850.0000us:   1219    -1643    
850.1000us:   1668    -1186    
850.2000us:   1954     -612    
850.3000us:   2047       20    
850.4000us:   1940      652    
850.5000us:   1643     1219    
850.6000us:   1186     1668    
850.7000us:    612     1954    
850.8000us:    -20     2047    
850.9000us:   -652     1940    
851.0000us:  -1219     1643    
851.1000us:  -1668     1186    
851.2000us:  -1954      612    
851.3000us:  -2047      -20    
851.4000us:  -1940     -652    
851.5000us:  -1643    -1219    
851.6000us:  -1185    -1668    
851.7000us:   -612    -1954    
851.8000us:     20    -2047    
851.9000us:    652    -1940    
852.0000us:   1219    -1643    
852.1000us:   1668    -1185    
852.2000us:   1954     -612    
852.3000us:   2047       20    
852.4000us:   1940      652    
852.5000us:   1643     1219    
852.6000us:   1185     1668    
852.7000us:    612     1954    
852.8000us:    -20     2047    
852.9000us:   -652     1940    
853.0000us:  -1219     1643    
853.1000us:  -1668     1185    
853.2000us:  -1954      612    
853.3000us:  -2047      -20    
853.4000us:  -1940     -652    
853.5000us:  -1643    -1219    
853.6000us:  -1185    -1668    
853.7000us:   -612    -1954    
853.8000us:     20    -2047    
853.9000us:    652    -1940    
854.0000us:   1219    -1643    
854.1000us:   1668    -1185    
854.2000us:   1954     -612    
854.3000us:   2047       20    
854.4000us:   1940      652    
854.5000us:   1643     1219    
854.6000us:   1185     1668    
854.7000us:    612     1954    
854.8000us:    -20     2047    
854.9000us:   -652     1940    
855.0000us:  -1219     1643    
855.1000us:  -1668     1185    
855.2000us:  -1954      612    
855.3000us:  -2047      -20    
855.4000us:  -1940     -652    
855.5000us:  -1643    -1219    
855.6000us:  -1185    -1668    
855.7000us:   -612    -1954    
855.8000us:     20    -2047    
855.9000us:    652    -1940    
856.0000us:   1219    -1643    
856.1000us:   1668    -1185    
856.2000us:   1954     -612    
856.3000us:   2047       20    
856.4000us:   1940      652    
856.5000us:   1643     1219    
856.6000us:   1185     1668    
856.7000us:    612     1954    
856.8000us:    -20     2047    
856.9000us:   -652     1940    
857.0000us:  -1219     1643    
857.1000us:  -1668     1185    
857.2000us:  -1954      612    
857.3000us:  -2047      -20    
857.4000us:  -1940     -652    
857.5000us:  -1643    -1219    
857.6000us:  -1185    -1668    
857.7000us:   -612    -1954    
857.8000us:     20    -2047    
857.9000us:    652    -1940    
858.0000us:   1220    -1643    
858.1000us:   1668    -1185    
858.2000us:   1954     -612    
858.3000us:   2047       20    
858.4000us:   1940      652    
858.5000us:   1643     1220    
858.6000us:   1185     1668    
858.7000us:    612     1954    
858.8000us:    -20     2047    
858.9000us:   -652     1940    
859.0000us:  -1220     1643    
859.1000us:  -1668     1185    
859.2000us:  -1954      612    
859.3000us:  -2047      -20    
859.4000us:  -1940     -652    
859.5000us:  -1643    -1220    
859.6000us:  -1185    -1668    
859.7000us:   -612    -1954    
859.8000us:     20    -2047    
859.9000us:    652    -1940    
860.0000us:   1220    -1643    
860.1000us:   1668    -1185    
860.2000us:   1954     -612    
860.3000us:   2047       20    
860.4000us:   1940      652    
860.5000us:   1643     1220    
860.6000us:   1185     1668    
860.7000us:    612     1954    
860.8000us:    -20     2047    
860.9000us:   -652     1940    
861.0000us:  -1220     1643    
861.1000us:  -1668     1185    
861.2000us:  -1954      612    
861.3000us:  -2047      -20    
861.4000us:  -1940     -652    
861.5000us:  -1643    -1220    
861.6000us:  -1185    -1668    
861.7000us:   -612    -1954    
861.8000us:     20    -2047    
861.9000us:    652    -1940    
862.0000us:   1220    -1643    
862.1000us:   1668    -1185    
862.2000us:   1954     -612    
862.3000us:   2047       20    
862.4000us:   1940      652    
862.5000us:   1643     1220    
862.6000us:   1185     1668    
862.7000us:    612     1954    
862.8000us:    -20     2047    
862.9000us:   -652     1940    
863.0000us:  -1220     1643    
863.1000us:  -1668     1185    
863.2000us:  -1954      612    
863.3000us:  -2047      -20    
863.4000us:  -1940     -652    
863.5000us:  -1643    -1220    
863.6000us:  -1185    -1668    
863.7000us:   -612    -1954    
863.8000us:     20    -2047    
863.9000us:    652    -1940    
864.0000us:   1220    -1643    
864.1000us:   1668    -1185    
864.2000us:   1954     -612    
864.3000us:   2047       20    
864.4000us:   1940      653    
864.5000us:   1643     1220    
864.6000us:   1185     1668    
864.7000us:    612     1954    
864.8000us:    -20     2047    
864.9000us:   -653     1940    
865.0000us:  -1220     1643    
865.1000us:  -1668     1185    
865.2000us:  -1954      612    
865.3000us:  -2047      -20    
865.4000us:  -1940     -653    
865.5000us:  -1643    -1220    
865.6000us:  -1185    -1668    
865.7000us:   -612    -1954    
865.8000us:     20    -2047    
865.9000us:    653    -1940    
866.0000us:   1220    -1643    
866.1000us:   1668    -1185    
866.2000us:   1954     -612    
866.3000us:   2047       20    
866.4000us:   1940      653    
866.5000us:   1643     1220    
866.6000us:   1185     1668    
866.7000us:    612     1954    
866.8000us:    -20     2047    
866.9000us:   -653     1940    
867.0000us:  -1220     1643    
867.1000us:  -1668     1185    
867.2000us:  -1954      612    
867.3000us:  -2047      -20    
867.4000us:  -1940     -653    
867.5000us:  -1643    -1220    
867.6000us:  -1185    -1668    
867.7000us:   -612    -1954    
867.8000us:     20    -2047    
867.9000us:    653    -1940    
868.0000us:   1220    -1643    
868.1000us:   1668    -1185    
868.2000us:   1954     -612    
868.3000us:   2047       20    
868.4000us:   1940      653    
868.5000us:   1643     1220    
868.6000us:   1185     1668    
868.7000us:    612     1954    
868.8000us:    -20     2047    
868.9000us:   -653     1940    
869.0000us:  -1220     1643    
869.1000us:  -1668     1185    
869.2000us:  -1954      612    
869.3000us:  -2047      -20    
869.4000us:  -1940     -653    
869.5000us:  -1643    -1220    
869.6000us:  -1185    -1668    
869.7000us:   -612    -1954    
869.8000us:     20    -2047    
869.9000us:    653    -1940    
870.0000us:   1220    -1643    
870.1000us:   1668    -1185    
870.2000us:   1954     -612    
870.3000us:   2047       20    
870.4000us:   1940      653    
870.5000us:   1643     1220    
870.6000us:   1185     1668    
870.7000us:    612     1954    
870.8000us:    -21     2047    
870.9000us:   -653     1940    
871.0000us:  -1220     1643    
871.1000us:  -1668     1185    
871.2000us:  -1954      612    
871.3000us:  -2047      -21    
871.4000us:  -1940     -653    
871.5000us:  -1643    -1220    
871.6000us:  -1185    -1668    
871.7000us:   -612    -1954    
871.8000us:     21    -2047    
871.9000us:    653    -1940    
872.0000us:   1220    -1643    
872.1000us:   1668    -1185    
872.2000us:   1954     -612    
872.3000us:   2047       21    
872.4000us:   1940      653    
872.5000us:   1643     1220    
872.6000us:   1185     1668    
872.7000us:    612     1954    
872.8000us:    -21     2047    
872.9000us:   -653     1940    
873.0000us:  -1220     1643    
873.1000us:  -1668     1185    
873.2000us:  -1954      612    
873.3000us:  -2047      -21    
873.4000us:  -1940     -653    
873.5000us:  -1643    -1220    
873.6000us:  -1185    -1668    
873.7000us:   -612    -1954    
873.8000us:     21    -2047    
873.9000us:    653    -1940    
874.0000us:   1220    -1643    
874.1000us:   1668    -1185    
874.2000us:   1954     -612    
874.3000us:   2047       21    
874.4000us:   1940      653    
874.5000us:   1643     1220    
874.6000us:   1185     1668    
874.7000us:    612     1954    
874.8000us:    -21     2047    
874.9000us:   -653     1940    
875.0000us:  -1220     1643    
875.1000us:  -1668     1185    
875.2000us:  -1954      612    
875.3000us:  -2047      -21    
875.4000us:  -1940     -653    
875.5000us:  -1643    -1220    
875.6000us:  -1185    -1668    
875.7000us:   -612    -1954    
875.8000us:     21    -2047    
875.9000us:    653    -1940    
876.0000us:   1220    -1643    
876.1000us:   1668    -1185    
876.2000us:   1954     -612    
876.3000us:   2047       21    
876.4000us:   1940      653    
876.5000us:   1643     1220    
876.6000us:   1185     1668    
876.7000us:    612     1954    
876.8000us:    -21     2047    
876.9000us:   -653     1940    
877.0000us:  -1220     1643    
877.1000us:  -1668     1185    
877.2000us:  -1954      612    
877.3000us:  -2047      -21    
877.4000us:  -1940     -653    
877.5000us:  -1643    -1220    
877.6000us:  -1185    -1668    
877.7000us:   -612    -1954    
877.8000us:     21    -2047    
877.9000us:    653    -1940    
878.0000us:   1220    -1643    
878.1000us:   1668    -1185    
878.2000us:   1954     -612    
878.3000us:   2047       21    
878.4000us:   1940      653    
878.5000us:   1643     1220    
878.6000us:   1185     1668    
878.7000us:    612     1954    
878.8000us:    -21     2047    
878.9000us:   -653     1940    
879.0000us:  -1220     1643    
879.1000us:  -1668     1185    
879.2000us:  -1954      612    
879.3000us:  -2047      -21    
879.4000us:  -1940     -653    
879.5000us:  -1643    -1220    
879.6000us:  -1185    -1668    
879.7000us:   -612    -1954    
879.8000us:     21    -2047    
879.9000us:    653    -1940    
880.0000us:   1220    -1643    
880.1000us:   1668    -1185    
880.2000us:   1954     -612    
880.3000us:   2047       21    
880.4000us:   1940      653    
880.5000us:   1643     1220    
880.6000us:   1185     1668    
880.7000us:    612     1954    
880.8000us:    -21     2047    
880.9000us:   -653     1940    
881.0000us:  -1220     1643    
881.1000us:  -1668     1185    
881.2000us:  -1954      612    
881.3000us:  -2047      -21    
881.4000us:  -1940     -653    
881.5000us:  -1643    -1220    
881.6000us:  -1185    -1668    
881.7000us:   -612    -1954    
881.8000us:     21    -2047    
881.9000us:    653    -1940    
882.0000us:   1220    -1643    
882.1000us:   1668    -1185    
882.2000us:   1954     -612    
882.3000us:   2047       21    
882.4000us:   1940      653    
882.5000us:   1643     1220    
882.6000us:   1185     1668    
882.7000us:    612     1954    
882.8000us:    -21     2047    
882.9000us:   -653     1940    
883.0000us:  -1220     1643    
883.1000us:  -1668     1185    
883.2000us:  -1954      612    
883.3000us:  -2047      -21    
883.4000us:  -1940     -653    
883.5000us:  -1643    -1220    
883.6000us:  -1185    -1669    
883.7000us:   -612    -1954    
883.8000us:     21    -2047    
883.9000us:    653    -1940    
884.0000us:   1220    -1643    
884.1000us:   1669    -1185    
884.2000us:   1954     -612    
884.3000us:   2047       21    
884.4000us:   1940      653    
884.5000us:   1643     1220    
884.6000us:   1185     1669    
884.7000us:    612     1954    
884.8000us:    -21     2047    
884.9000us:   -653     1940    
885.0000us:  -1220     1643    
885.1000us:  -1669     1185    
885.2000us:  -1954      612    
885.3000us:  -2047      -21    
885.4000us:  -1940     -653    
885.5000us:  -1643    -1220    
885.6000us:  -1185    -1669    
885.7000us:   -612    -1954    
885.8000us:     21    -2047    
885.9000us:    653    -1940    
886.0000us:   1220    -1643    
886.1000us:   1669    -1185    
886.2000us:   1954     -612    
886.3000us:   2047       21    
886.4000us:   1940      653    
886.5000us:   1643     1220    
886.6000us:   1185     1669    
886.7000us:    612     1954    
886.8000us:    -21     2047    
886.9000us:   -653     1940    
887.0000us:  -1220     1643    
887.1000us:  -1669     1185    
887.2000us:  -1954      612    
887.3000us:  -2047      -21    
887.4000us:  -1940     -653    
887.5000us:  -1643    -1220    
887.6000us:  -1185    -1669    
887.7000us:   -612    -1954    
887.8000us:     21    -2047    
887.9000us:    653    -1940    
888.0000us:   1220    -1643    
888.1000us:   1669    -1185    
888.2000us:   1954     -612    
888.3000us:   2047       21    
888.4000us:   1940      653    
888.5000us:   1643     1220    
888.6000us:   1185     1669    
888.7000us:    612     1954    
888.8000us:    -21     2047    
888.9000us:   -653     1940    
889.0000us:  -1220     1643    
889.1000us:  -1669     1185    
889.2000us:  -1954      612    
889.3000us:  -2047      -21    
889.4000us:  -1940     -653    
889.5000us:  -1643    -1220    
889.6000us:  -1185    -1669    
889.7000us:   -612    -1954    
889.8000us:     21    -2047    
889.9000us:    653    -1940    
890.0000us:   1221    -1643    
890.1000us:   1669    -1185    
890.2000us:   1954     -612    
890.3000us:   2047       21    
890.4000us:   1940      653    
890.5000us:   1643     1221    
890.6000us:   1185     1669    
890.7000us:    612     1954    
890.8000us:    -21     2047    
890.9000us:   -653     1940    
891.0000us:  -1221     1643    
891.1000us:  -1669     1185    
891.2000us:  -1954      612    
891.3000us:  -2047      -21    
891.4000us:  -1940     -653    
891.5000us:  -1643    -1221    
891.6000us:  -1185    -1669    
891.7000us:   -612    -1954    
891.8000us:     21    -2047    
891.9000us:    653    -1940    
892.0000us:   1221    -1643    
892.1000us:   1669    -1185    
892.2000us:   1954     -612    
892.3000us:   2047       21    
892.4000us:   1940      653    
892.5000us:   1643     1221    
892.6000us:   1185     1669    
892.7000us:    612     1954    
892.8000us:    -21     2047    
892.9000us:   -653     1940    
893.0000us:  -1221     1643    
893.1000us:  -1669     1185    
893.2000us:  -1954      612    
893.3000us:  -2047      -21    
893.4000us:  -1940     -653    
893.5000us:  -1643    -1221    
893.6000us:  -1185    -1669    
893.7000us:   -612    -1954    
893.8000us:     21    -2047    
893.9000us:    653    -1940    
894.0000us:   1221    -1643    
894.1000us:   1669    -1185    
894.2000us:   1954     -612    
894.3000us:   2047       21    
894.4000us:   1940      653    
894.5000us:   1643     1221    
894.6000us:   1185     1669    
894.7000us:    612     1954    
894.8000us:    -21     2047    
894.9000us:   -653     1940    
895.0000us:  -1221     1643    
895.1000us:  -1669     1185    
895.2000us:  -1954      612    
895.3000us:  -2047      -21    
895.4000us:  -1940     -653    
895.5000us:  -1643    -1221    
895.6000us:  -1185    -1669    
895.7000us:   -612    -1954    
895.8000us:     21    -2047    
895.9000us:    653    -1940    
896.0000us:   1221    -1643    
896.1000us:   1669    -1185    
896.2000us:   1954     -612    
896.3000us:   2047       21    
896.4000us:   1939      654    
896.5000us:   1643     1221    
896.6000us:   1185     1669    
896.7000us:    612     1954    
896.8000us:    -21     2047    
896.9000us:   -654     1939    
897.0000us:  -1221     1643    
897.1000us:  -1669     1185    
897.2000us:  -1954      612    
897.3000us:  -2047      -21    
897.4000us:  -1939     -654    
897.5000us:  -1643    -1221    
897.6000us:  -1185    -1669    
897.7000us:   -612    -1954    
897.8000us:     21    -2047    
897.9000us:    654    -1939    
898.0000us:   1221    -1643    
898.1000us:   1669    -1185    
898.2000us:   1954     -612    
898.3000us:   2047       21    
898.4000us:   1939      654    
898.5000us:   1643     1221    
898.6000us:   1185     1669    
898.7000us:    612     1954    
898.8000us:    -21     2047    
898.9000us:   -654     1939    
899.0000us:  -1221     1643    
899.1000us:  -1669     1185    
899.2000us:  -1954      612    
899.3000us:  -2047      -21    
899.4000us:  -1939     -654    
899.5000us:  -1643    -1221    
899.6000us:  -1185    -1669    
899.7000us:   -612    -1954    
899.8000us:     21    -2047    
899.9000us:    654    -1939    
900.0000us:   1221    -1643    
900.1000us:   1669    -1185    
900.2000us:   1954     -612    
900.3000us:   2047       21    
900.4000us:   1939      654    
900.5000us:   1643     1221    
900.6000us:   1185     1669    
900.7000us:    612     1954    
900.8000us:    -21     2047    
900.9000us:   -654     1939    
901.0000us:  -1221     1643    
901.1000us:  -1669     1185    
901.2000us:  -1954      612    
901.3000us:  -2047      -21    
901.4000us:  -1939     -654    
901.5000us:  -1643    -1221    
901.6000us:  -1185    -1669    
901.7000us:   -612    -1954    
901.8000us:     21    -2047    
901.9000us:    654    -1939    
902.0000us:   1221    -1643    
902.1000us:   1669    -1185    
902.2000us:   1954     -612    
902.3000us:   2047       21    
902.4000us:   1939      654    
902.5000us:   1643     1221    
902.6000us:   1185     1669    
902.7000us:    612     1954    
902.8000us:    -22     2047    
902.9000us:   -654     1939    
903.0000us:  -1221     1643    
903.1000us:  -1669     1185    
903.2000us:  -1954      612    
903.3000us:  -2047      -22    
903.4000us:  -1939     -654    
903.5000us:  -1643    -1221    
903.6000us:  -1185    -1669    
903.7000us:   -612    -1954    
903.8000us:     22    -2047    
903.9000us:    654    -1939    
904.0000us:   1221    -1643    
904.1000us:   1669    -1185    
904.2000us:   1954     -612    
904.3000us:   2047       22    
904.4000us:   1939      654    
904.5000us:   1643     1221    
904.6000us:   1185     1669    
904.7000us:    612     1954    
904.8000us:    -22     2047    
904.9000us:   -654     1939    
905.0000us:  -1221     1643    
905.1000us:  -1669     1185    
905.2000us:  -1954      612    
905.3000us:  -2047      -22    
905.4000us:  -1939     -654    
905.5000us:  -1643    -1221    
905.6000us:  -1185    -1669    
905.7000us:   -612    -1954    
905.8000us:     22    -2047    
905.9000us:    654    -1939    
906.0000us:   1221    -1643    
906.1000us:   1669    -1185    
906.2000us:   1954     -612    
906.3000us:   2047       22    
906.4000us:   1939      654    
906.5000us:   1643     1221    
906.6000us:   1185     1669    
906.7000us:    612     1954    
906.8000us:    -22     2047    
906.9000us:   -654     1939    
907.0000us:  -1221     1643    
907.1000us:  -1669     1185    
907.2000us:  -1954      612    
907.3000us:  -2047      -22    
907.4000us:  -1939     -654    
907.5000us:  -1643    -1221    
907.6000us:  -1185    -1669    
907.7000us:   -612    -1954    
907.8000us:     22    -2047    
907.9000us:    654    -1939    
908.0000us:   1221    -1643    
908.1000us:   1669    -1185    
908.2000us:   1954     -612    
908.3000us:   2047       22    
908.4000us:   1939      654    
908.5000us:   1643     1221    
908.6000us:   1185     1669    
908.7000us:    612     1954    
908.8000us:    -22     2047    
908.9000us:   -654     1939    
909.0000us:  -1221     1643    
909.1000us:  -1669     1185    
909.2000us:  -1954      611    
909.3000us:  -2047      -22    
909.4000us:  -1939     -654    
909.5000us:  -1643    -1221    
909.6000us:  -1185    -1669    
909.7000us:   -611    -1954    
909.8000us:     22    -2047    
909.9000us:    654    -1939    
910.0000us:   1221    -1643    
910.1000us:   1669    -1185    
910.2000us:   1954     -611    
910.3000us:   2047       22    
910.4000us:   1939      654    
910.5000us:   1643     1221    
910.6000us:   1185     1669    
910.7000us:    611     1954    
910.8000us:    -22     2047    
910.9000us:   -654     1939    
911.0000us:  -1221     1643    
911.1000us:  -1669     1185    
911.2000us:  -1954      611    
911.3000us:  -2047      -22    
911.4000us:  -1939     -654    
911.5000us:  -1643    -1221    
911.6000us:  -1185    -1669    
911.7000us:   -611    -1954    
911.8000us:     22    -2047    
911.9000us:    654    -1939    
912.0000us:   1221    -1643    
912.1000us:   1669    -1185    
912.2000us:   1954     -611    
912.3000us:   2047       22    
912.4000us:   1939      654    
912.5000us:   1643     1221    
912.6000us:   1185     1669    
912.7000us:    611     1954    
912.8000us:    -22     2047    
912.9000us:   -654     1939    
913.0000us:  -1221     1643    
913.1000us:  -1669     1185    
913.2000us:  -1954      611    
913.3000us:  -2047      -22    
913.4000us:  -1939     -654    
913.5000us:  -1643    -1221    
913.6000us:  -1185    -1669    
913.7000us:   -611    -1954    
913.8000us:     22    -2047    
913.9000us:    654    -1939    
914.0000us:   1221    -1643    
914.1000us:   1669    -1185    
914.2000us:   1954     -611    
914.3000us:   2047       22    
914.4000us:   1939      654    
914.5000us:   1643     1221    
914.6000us:   1185     1669    
914.7000us:    611     1954    
914.8000us:    -22     2047    
914.9000us:   -654     1939    
915.0000us:  -1221     1643    
915.1000us:  -1669     1185    
915.2000us:  -1954      611    
915.3000us:  -2047      -22    
915.4000us:  -1939     -654    
915.5000us:  -1643    -1221    
915.6000us:  -1184    -1669    
915.7000us:   -611    -1954    
915.8000us:     22    -2047    
915.9000us:    654    -1939    
916.0000us:   1221    -1643    
916.1000us:   1669    -1184    
916.2000us:   1954     -611    
916.3000us:   2047       22    
916.4000us:   1939      654    
916.5000us:   1643     1221    
916.6000us:   1184     1669    
916.7000us:    611     1954    
916.8000us:    -22     2047    
916.9000us:   -654     1939    
917.0000us:  -1221     1643    
917.1000us:  -1669     1184    
917.2000us:  -1954      611    
917.3000us:  -2047      -22    
917.4000us:  -1939     -654    
917.5000us:  -1643    -1221    
917.6000us:  -1184    -1669    
917.7000us:   -611    -1954    
917.8000us:     22    -2047    
917.9000us:    654    -1939    
918.0000us:   1221    -1643    
918.1000us:   1669    -1184    
918.2000us:   1954     -611    
918.3000us:   2047       22    
918.4000us:   1939      654    
918.5000us:   1643     1221    
918.6000us:   1184     1669    
918.7000us:    611     1954    
918.8000us:    -22     2047    
918.9000us:   -654     1939    
919.0000us:  -1221     1643    
919.1000us:  -1669     1184    
919.2000us:  -1954      611    
919.3000us:  -2047      -22    
919.4000us:  -1939     -654    
919.5000us:  -1643    -1221    
919.6000us:  -1184    -1669    
919.7000us:   -611    -1954    
919.8000us:     22    -2047    
919.9000us:    654    -1939    
920.0000us:   1221    -1643    
920.1000us:   1669    -1184    
920.2000us:   1954     -611    
920.3000us:   2047       22    
920.4000us:   1939      654    
920.5000us:   1643     1221    
920.6000us:   1184     1669    
920.7000us:    611     1954    
920.8000us:    -22     2047    
920.9000us:   -654     1939    
921.0000us:  -1221     1643    
921.1000us:  -1669     1184    
921.2000us:  -1954      611    
921.3000us:  -2047      -22    
921.4000us:  -1939     -654    
921.5000us:  -1643    -1221    
921.6000us:  -1184    -1669    
921.7000us:   -611    -1954    
921.8000us:     22    -2047    
921.9000us:    654    -1939    
922.0000us:   1221    -1642    
922.1000us:   1669    -1184    
922.2000us:   1954     -611    
922.3000us:   2047       22    
922.4000us:   1939      654    
922.5000us:   1642     1221    
922.6000us:   1184     1669    
922.7000us:    611     1954    
922.8000us:    -22     2047    
922.9000us:   -654     1939    
923.0000us:  -1221     1642    
923.1000us:  -1669     1184    
923.2000us:  -1954      611    
923.3000us:  -2047      -22    
923.4000us:  -1939     -654    
923.5000us:  -1642    -1221    
923.6000us:  -1184    -1669    
923.7000us:   -611    -1954    
923.8000us:     22    -2047    
923.9000us:    654    -1939    
924.0000us:   1221    -1642    
924.1000us:   1669    -1184    
924.2000us:   1954     -611    
924.3000us:   2047       22    
924.4000us:   1939      654    
924.5000us:   1642     1221    
924.6000us:   1184     1669    
924.7000us:    611     1954    
924.8000us:    -22     2047    
924.9000us:   -654     1939    
925.0000us:  -1221     1642    
925.1000us:  -1669     1184    
925.2000us:  -1954      611    
925.3000us:  -2047      -22    
925.4000us:  -1939     -654    
925.5000us:  -1642    -1221    
925.6000us:  -1184    -1669    
925.7000us:   -611    -1954    
925.8000us:     22    -2047    
925.9000us:    654    -1939    
926.0000us:   1221    -1642    
926.1000us:   1669    -1184    
926.2000us:   1954     -611    
926.3000us:   2047       22    
926.4000us:   1939      654    
926.5000us:   1642     1221    
926.6000us:   1184     1669    
926.7000us:    611     1954    
926.8000us:    -22     2047    
926.9000us:   -654     1939    
927.0000us:  -1221     1642    
927.1000us:  -1669     1184    
927.2000us:  -1954      611    
927.3000us:  -2047      -22    
927.4000us:  -1939     -654    
927.5000us:  -1642    -1221    
927.6000us:  -1184    -1669    
927.7000us:   -611    -1954    
927.8000us:     22    -2047    
927.9000us:    654    -1939    
928.0000us:   1221    -1642    
928.1000us:   1669    -1184    
928.2000us:   1954     -611    
928.3000us:   2047       22    
928.4000us:   1940      655    
928.5000us:   1642     1221    
928.6000us:   1184     1669    
928.7000us:    611     1954    
928.8000us:    -22     2047    
928.9000us:   -655     1940    
929.0000us:  -1221     1642    
929.1000us:  -1669     1184    
929.2000us:  -1954      611    
929.3000us:  -2047      -22    
929.4000us:  -1940     -655    
929.5000us:  -1642    -1221    
929.6000us:  -1184    -1669    
929.7000us:   -611    -1954    
929.8000us:     22    -2047    
929.9000us:    655    -1940    
930.0000us:   1221    -1642    
930.1000us:   1669    -1184    
930.2000us:   1954     -611    
930.3000us:   2047       22    
930.4000us:   1940      655    
930.5000us:   1642     1221    
930.6000us:   1184     1669    
930.7000us:    611     1954    
930.8000us:    -22     2047    
930.9000us:   -655     1940    
931.0000us:  -1221     1642    
931.1000us:  -1669     1184    
931.2000us:  -1954      611    
931.3000us:  -2047      -22    
931.4000us:  -1940     -655    
931.5000us:  -1642    -1221    
931.6000us:  -1184    -1669    
931.7000us:   -611    -1954    
931.8000us:     22    -2047    
931.9000us:    655    -1940    
932.0000us:   1221    -1642    
932.1000us:   1669    -1184    
932.2000us:   1954     -611    
932.3000us:   2047       22    
932.4000us:   1940      655    
932.5000us:   1642     1221    
932.6000us:   1184     1669    
932.7000us:    611     1954    
932.8000us:    -22     2047    
932.9000us:   -655     1940    
933.0000us:  -1221     1642    
933.1000us:  -1669     1184    
933.2000us:  -1954      611    
933.3000us:  -2047      -22    
933.4000us:  -1940     -655    
933.5000us:  -1642    -1221    
933.6000us:  -1184    -1669    
933.7000us:   -611    -1954    
933.8000us:     22    -2047    
933.9000us:    655    -1940    
934.0000us:   1221    -1642    
934.1000us:   1669    -1184    
934.2000us:   1954     -611    
934.3000us:   2047       22    
934.4000us:   1940      655    
934.5000us:   1642     1221    
934.6000us:   1184     1669    
934.7000us:    611     1954    
934.8000us:    -23     2047    
934.9000us:   -655     1940    
935.0000us:  -1221     1642    
935.1000us:  -1669     1184    
935.2000us:  -1954      611    
935.3000us:  -2047      -23    
935.4000us:  -1940     -655    
935.5000us:  -1642    -1221    
935.6000us:  -1184    -1669    
935.7000us:   -611    -1954    
935.8000us:     23    -2047    
935.9000us:    655    -1940    
936.0000us:   1221    -1642    
936.1000us:   1669    -1184    
936.2000us:   1954     -611    
936.3000us:   2047       23    
936.4000us:   1940      655    
936.5000us:   1642     1221    
936.6000us:   1184     1669    
936.7000us:    611     1954    
936.8000us:    -23     2047    
936.9000us:   -655     1940    
937.0000us:  -1221     1642    
937.1000us:  -1669     1184    
937.2000us:  -1954      611    
937.3000us:  -2047      -23    
937.4000us:  -1940     -655    
937.5000us:  -1642    -1221    
937.6000us:  -1184    -1669    
937.7000us:   -611    -1954    
937.8000us:     23    -2047    
937.9000us:    655    -1940    
938.0000us:   1221    -1642    
938.1000us:   1669    -1184    
938.2000us:   1954     -611    
938.3000us:   2047       23    
938.4000us:   1940      655    
938.5000us:   1642     1221    
938.6000us:   1184     1669    
938.7000us:    611     1954    
938.8000us:    -23     2047    
938.9000us:   -655     1940    
939.0000us:  -1221     1642    
939.1000us:  -1669     1184    
939.2000us:  -1954      611    
939.3000us:  -2047      -23    
939.4000us:  -1940     -655    
939.5000us:  -1642    -1221    
939.6000us:  -1184    -1669    
939.7000us:   -611    -1954    
939.8000us:     23    -2047    
939.9000us:    655    -1940    
940.0000us:   1221    -1642    
940.1000us:   1669    -1184    
940.2000us:   1954     -611    
940.3000us:   2047       23    
940.4000us:   1940      655    
940.5000us:   1642     1221    
940.6000us:   1184     1669    
940.7000us:    611     1954    
940.8000us:    -23     2047    
940.9000us:   -655     1940    
941.0000us:  -1221     1642    
941.1000us:  -1669     1184    
941.2000us:  -1954      610    
941.3000us:  -2047      -23    
941.4000us:  -1940     -655    
941.5000us:  -1642    -1221    
941.6000us:  -1184    -1669    
941.7000us:   -610    -1954    
941.8000us:     23    -2047    
941.9000us:    655    -1940    
942.0000us:   1221    -1642    
942.1000us:   1669    -1184    
942.2000us:   1954     -610    
942.3000us:   2047       23    
942.4000us:   1940      655    
942.5000us:   1642     1221    
942.6000us:   1184     1669    
942.7000us:    610     1954    
942.8000us:    -23     2047    
942.9000us:   -655     1940    
943.0000us:  -1221     1642    
943.1000us:  -1669     1184    
943.2000us:  -1954      610    
943.3000us:  -2047      -23    
943.4000us:  -1940     -655    
943.5000us:  -1642    -1221    
943.6000us:  -1184    -1669    
943.7000us:   -610    -1954    
943.8000us:     23    -2047    
943.9000us:    655    -1940    
944.0000us:   1221    -1642    
944.1000us:   1669    -1184    
944.2000us:   1954     -610    
944.3000us:   2047       23    
944.4000us:   1940      655    
944.5000us:   1642     1221    
944.6000us:   1184     1669    
944.7000us:    610     1954    
944.8000us:    -23     2047    
944.9000us:   -655     1940    
945.0000us:  -1221     1642    
945.1000us:  -1669     1184    
945.2000us:  -1954      610    
945.3000us:  -2047      -23    
945.4000us:  -1940     -655    
945.5000us:  -1642    -1221    
945.6000us:  -1184    -1669    
945.7000us:   -610    -1954    
945.8000us:     23    -2047    
945.9000us:    655    -1940    
946.0000us:   1221    -1642    
946.1000us:   1669    -1184    
946.2000us:   1954     -610    
946.3000us:   2047       23    
946.4000us:   1940      655    
946.5000us:   1642     1221    
946.6000us:   1184     1669    
946.7000us:    610     1954    
946.8000us:    -23     2047    
946.9000us:   -655     1940    
947.0000us:  -1221     1642    
947.1000us:  -1669     1184    
947.2000us:  -1954      610    
947.3000us:  -2047      -23    
947.4000us:  -1940     -655    
947.5000us:  -1642    -1221    
947.6000us:  -1184    -1670    
947.7000us:   -610    -1954    
947.8000us:     23    -2047    
947.9000us:    655    -1940    
948.0000us:   1221    -1642    
948.1000us:   1670    -1184    
948.2000us:   1954     -610    
948.3000us:   2047       23    
948.4000us:   1940      655    
948.5000us:   1642     1221    
948.6000us:   1184     1670    
948.7000us:    610     1954    
948.8000us:    -23     2047    
948.9000us:   -655     1940    
949.0000us:  -1221     1642    
949.1000us:  -1670     1184    
949.2000us:  -1954      610    
949.3000us:  -2047      -23    
949.4000us:  -1940     -655    
949.5000us:  -1642    -1221    
949.6000us:  -1184    -1670    
949.7000us:   -610    -1954    
949.8000us:     23    -2047    
949.9000us:    655    -1940    
950.0000us:   1221    -1642    
950.1000us:   1670    -1184    
950.2000us:   1954     -610    
950.3000us:   2047       23    
950.4000us:   1940      655    
950.5000us:   1642     1221    
950.6000us:   1184     1670    
950.7000us:    610     1954    
950.8000us:    -23     2047    
950.9000us:   -655     1940    
951.0000us:  -1221     1642    
951.1000us:  -1670     1184    
951.2000us:  -1954      610    
951.3000us:  -2047      -23    
951.4000us:  -1940     -655    
951.5000us:  -1642    -1221    
951.6000us:  -1184    -1670    
951.7000us:   -610    -1954    
951.8000us:     23    -2047    
951.9000us:    655    -1940    
952.0000us:   1221    -1642    
952.1000us:   1670    -1184    
952.2000us:   1954     -610    
952.3000us:   2047       23    
952.4000us:   1940      655    
952.5000us:   1642     1221    
952.6000us:   1184     1670    
952.7000us:    610     1954    
952.8000us:    -23     2047    
952.9000us:   -655     1940    
953.0000us:  -1221     1642    
953.1000us:  -1670     1184    
953.2000us:  -1954      610    
953.3000us:  -2047      -23    
953.4000us:  -1940     -655    
953.5000us:  -1642    -1221    
953.6000us:  -1184    -1670    
953.7000us:   -610    -1954    
953.8000us:     23    -2047    
953.9000us:    655    -1940    
954.0000us:   1222    -1642    
954.1000us:   1670    -1184    
954.2000us:   1954     -610    
954.3000us:   2047       23    
954.4000us:   1940      655    
954.5000us:   1642     1222    
954.6000us:   1184     1670    
954.7000us:    610     1954    
954.8000us:    -23     2047    
954.9000us:   -655     1940    
955.0000us:  -1222     1642    
955.1000us:  -1670     1184    
955.2000us:  -1954      610    
955.3000us:  -2047      -23    
955.4000us:  -1940     -655    
955.5000us:  -1642    -1222    
955.6000us:  -1184    -1670    
955.7000us:   -610    -1954    
955.8000us:     23    -2047    
955.9000us:    655    -1940    
956.0000us:   1222    -1642    
956.1000us:   1670    -1184    
956.2000us:   1954     -610    
956.3000us:   2047       23    
956.4000us:   1940      655    
956.5000us:   1642     1222    
956.6000us:   1184     1670    
956.7000us:    610     1954    
956.8000us:    -23     2047    
956.9000us:   -655     1940    
957.0000us:  -1222     1642    
957.1000us:  -1670     1184    
957.2000us:  -1954      610    
957.3000us:  -2047      -23    
957.4000us:  -1940     -655    
957.5000us:  -1642    -1222    
957.6000us:  -1184    -1670    
957.7000us:   -610    -1954    
957.8000us:     23    -2047    
957.9000us:    655    -1940    
958.0000us:   1222    -1642    
958.1000us:   1670    -1184    
958.2000us:   1954     -610    
958.3000us:   2047       23    
958.4000us:   1940      655    
958.5000us:   1642     1222    
958.6000us:   1184     1670    
958.7000us:    610     1954    
958.8000us:    -23     2047    
958.9000us:   -655     1940    
959.0000us:  -1222     1642    
959.1000us:  -1670     1184    
959.2000us:  -1954      610    
959.3000us:  -2047      -23    
959.4000us:  -1940     -655    
959.5000us:  -1642    -1222    
959.6000us:  -1184    -1670    
959.7000us:   -610    -1954    
959.8000us:     23    -2047    
959.9000us:    655    -1940    
960.0000us:   1222    -1642    
960.1000us:   1670    -1184    
960.2000us:   1954     -610    
960.3000us:   2047       23    
960.4000us:   1939      655    
960.5000us:   1642     1222    
960.6000us:   1184     1670    
960.7000us:    610     1954    
960.8000us:    -23     2047    
960.9000us:   -655     1939    
961.0000us:  -1222     1642    
961.1000us:  -1670     1184    
961.2000us:  -1954      610    
961.3000us:  -2047      -23    
961.4000us:  -1939     -655    
961.5000us:  -1642    -1222    
961.6000us:  -1184    -1670    
961.7000us:   -610    -1954    
961.8000us:     23    -2047    
961.9000us:    655    -1939    
962.0000us:   1222    -1642    
962.1000us:   1670    -1184    
962.2000us:   1954     -610    
962.3000us:   2047       23    
962.4000us:   1939      655    
962.5000us:   1642     1222    
962.6000us:   1184     1670    
962.7000us:    610     1954    
962.8000us:    -23     2047    
962.9000us:   -655     1939    
963.0000us:  -1222     1642    
963.1000us:  -1670     1184    
963.2000us:  -1954      610    
963.3000us:  -2047      -23    
963.4000us:  -1939     -655    
963.5000us:  -1642    -1222    
963.6000us:  -1184    -1670    
963.7000us:   -610    -1954    
963.8000us:     23    -2047    
963.9000us:    655    -1939    
964.0000us:   1222    -1642    
964.1000us:   1670    -1184    
964.2000us:   1954     -610    
964.3000us:   2047       23    
964.4000us:   1939      655    
964.5000us:   1642     1222    
964.6000us:   1184     1670    
964.7000us:    610     1954    
964.8000us:    -23     2047    
964.9000us:   -655     1939    
965.0000us:  -1222     1642    
965.1000us:  -1670     1184    
965.2000us:  -1954      610    
965.3000us:  -2047      -23    
965.4000us:  -1939     -655    
965.5000us:  -1642    -1222    
965.6000us:  -1184    -1670    
965.7000us:   -610    -1954    
965.8000us:     23    -2047    
965.9000us:    655    -1939    
966.0000us:   1222    -1642    
966.1000us:   1670    -1184    
966.2000us:   1954     -610    
966.3000us:   2047       23    
966.4000us:   1939      655    
966.5000us:   1642     1222    
966.6000us:   1184     1670    
966.7000us:    610     1954    
966.8000us:    -23     2047    
966.9000us:   -655     1939    
967.0000us:  -1222     1642    
967.1000us:  -1670     1184    
967.2000us:  -1954      610    
967.3000us:  -2047      -23    
967.4000us:  -1939     -655    
967.5000us:  -1642    -1222    
967.6000us:  -1184    -1670    
967.7000us:   -610    -1954    
967.8000us:     23    -2047    
967.9000us:    655    -1939    
968.0000us:   1222    -1642    
968.1000us:   1670    -1184    
968.2000us:   1954     -610    
968.3000us:   2047       23    
968.4000us:   1939      655    
968.5000us:   1642     1222    
968.6000us:   1184     1670    
968.7000us:    610     1954    
968.8000us:    -23     2047    
968.9000us:   -655     1939    
969.0000us:  -1222     1642    
969.1000us:  -1670     1184    
969.2000us:  -1954      610    
969.3000us:  -2047      -23    
969.4000us:  -1939     -655    
969.5000us:  -1642    -1222    
969.6000us:  -1184    -1670    
969.7000us:   -610    -1954    
969.8000us:     23    -2047    
969.9000us:    655    -1939    
970.0000us:   1222    -1642    
970.1000us:   1670    -1184    
970.2000us:   1954     -610    
970.3000us:   2047       23    
970.4000us:   1939      655    
970.5000us:   1642     1222    
970.6000us:   1184     1670    
970.7000us:    610     1954    
970.8000us:    -23     2047    
970.9000us:   -655     1939    
971.0000us:  -1222     1642    
971.1000us:  -1670     1184    
971.2000us:  -1954      610    
971.3000us:  -2047      -23    
971.4000us:  -1939     -655    
971.5000us:  -1642    -1222    
971.6000us:  -1184    -1670    
971.7000us:   -610    -1954    
971.8000us:     23    -2047    
971.9000us:    655    -1939    
972.0000us:   1222    -1642    
972.1000us:   1670    -1184    
972.2000us:   1954     -610    
972.3000us:   2047       23    
972.4000us:   1939      655    
972.5000us:   1642     1222    
972.6000us:   1184     1670    
972.7000us:    610     1954    
972.8000us:    -23     2047    
972.9000us:   -655     1939    
973.0000us:  -1222     1642    
973.1000us:  -1670     1184    
973.2000us:  -1955      609    
973.3000us:  -2047      -23    
973.4000us:  -1939     -655    
973.5000us:  -1642    -1222    
973.6000us:  -1184    -1670    
973.7000us:   -609    -1955    
973.8000us:     23    -2047    
973.9000us:    655    -1939    
974.0000us:   1222    -1642    
974.1000us:   1670    -1184    
974.2000us:   1955     -609    
974.3000us:   2047       23    
974.4000us:   1939      655    
974.5000us:   1642     1222    
974.6000us:   1184     1670    
974.7000us:    609     1955    
974.8000us:    -23     2047    
974.9000us:   -655     1939    
975.0000us:  -1222     1642    
975.1000us:  -1670     1184    
975.2000us:  -1955      609    
975.3000us:  -2047      -23    
975.4000us:  -1939     -655    
975.5000us:  -1642    -1222    
975.6000us:  -1184    -1670    
975.7000us:   -609    -1955    
975.8000us:     23    -2047    
975.9000us:    655    -1939    
976.0000us:   1222    -1642    
976.1000us:   1670    -1184    
976.2000us:   1955     -609    
976.3000us:   2047       23    
976.4000us:   1939      655    
976.5000us:   1642     1222    
976.6000us:   1184     1670    
976.7000us:    609     1955    
976.8000us:    -23     2047    
976.9000us:   -655     1939    
977.0000us:  -1222     1642    
977.1000us:  -1670     1184    
977.2000us:  -1955      609    
977.3000us:  -2047      -23    
977.4000us:  -1939     -655    
977.5000us:  -1642    -1222    
977.6000us:  -1184    -1670    
977.7000us:   -609    -1955    
977.8000us:     23    -2047    
977.9000us:    655    -1939    
978.0000us:   1222    -1642    
978.1000us:   1670    -1184    
978.2000us:   1955     -609    
978.3000us:   2047       23    
978.4000us:   1939      655    
978.5000us:   1642     1222    
978.6000us:   1184     1670    
978.7000us:    609     1955    
978.8000us:    -23     2047    
978.9000us:   -655     1939    
979.0000us:  -1222     1642    
979.1000us:  -1670     1184    
979.2000us:  -1955      609    
979.3000us:  -2047      -23    
979.4000us:  -1939     -655    
979.5000us:  -1642    -1222    
979.6000us:  -1183    -1670    
979.7000us:   -609    -1955    
979.8000us:     23    -2047    
979.9000us:    655    -1939    
980.0000us:   1222    -1642    
980.1000us:   1670    -1183    
980.2000us:   1955     -609    
980.3000us:   2047       23    
980.4000us:   1939      655    
980.5000us:   1642     1222    
980.6000us:   1183     1670    
980.7000us:    609     1955    
980.8000us:    -23     2047    
980.9000us:   -655     1939    
981.0000us:  -1222     1642    
981.1000us:  -1670     1183    
981.2000us:  -1955      609    
981.3000us:  -2047      -23    
981.4000us:  -1939     -655    
981.5000us:  -1642    -1222    
981.6000us:  -1183    -1670    
981.7000us:   -609    -1955    
981.8000us:     23    -2047    
981.9000us:    655    -1939    
982.0000us:   1222    -1642    
982.1000us:   1670    -1183    
982.2000us:   1955     -609    
982.3000us:   2047       23    
982.4000us:   1939      655    
982.5000us:   1642     1222    
982.6000us:   1183     1670    
982.7000us:    609     1955    
982.8000us:    -23     2047    
982.9000us:   -655     1939    
983.0000us:  -1222     1642    
983.1000us:  -1670     1183    
983.2000us:  -1955      609    
983.3000us:  -2047      -23    
983.4000us:  -1939     -655    
983.5000us:  -1642    -1222    
983.6000us:  -1183    -1670    
983.7000us:   -609    -1955    
983.8000us:     23    -2047    
983.9000us:    655    -1939    
984.0000us:   1222    -1642    
984.1000us:   1670    -1183    
984.2000us:   1955     -609    
984.3000us:   2047       23    
984.4000us:   1939      655    
984.5000us:   1642     1222    
984.6000us:   1183     1670    
984.7000us:    609     1955    
984.8000us:    -23     2047    
984.9000us:   -655     1939    
985.0000us:  -1222     1642    
985.1000us:  -1670     1183    
985.2000us:  -1955      609    
985.3000us:  -2047      -23    
985.4000us:  -1939     -655    
985.5000us:  -1642    -1222    
985.6000us:  -1183    -1670    
985.7000us:   -609    -1955    
985.8000us:     23    -2047    
985.9000us:    655    -1939    
986.0000us:   1223    -1641    
986.1000us:   1670    -1183    
986.2000us:   1955     -609    
986.3000us:   2047       23    
986.4000us:   1939      655    
986.5000us:   1641     1223    
986.6000us:   1183     1670    
986.7000us:    609     1955    
986.8000us:    -23     2047    
986.9000us:   -655     1939    
987.0000us:  -1223     1641    
987.1000us:  -1670     1183    
987.2000us:  -1955      609    
987.3000us:  -2047      -23    
987.4000us:  -1939     -655    
987.5000us:  -1641    -1223    
987.6000us:  -1183    -1670    
987.7000us:   -609    -1955    
987.8000us:     23    -2047    
987.9000us:    655    -1939    
988.0000us:   1223    -1641    
988.1000us:   1670    -1183    
988.2000us:   1955     -609    
988.3000us:   2047       23    
988.4000us:   1939      655    
988.5000us:   1641     1223    
988.6000us:   1183     1670    
988.7000us:    609     1955    
988.8000us:    -23     2047    
988.9000us:   -655     1939    
989.0000us:  -1223     1641    
989.1000us:  -1670     1183    
989.2000us:  -1955      609    
989.3000us:  -2047      -23    
989.4000us:  -1939     -655    
989.5000us:  -1641    -1223    
989.6000us:  -1183    -1670    
989.7000us:   -609    -1955    
989.8000us:     23    -2047    
989.9000us:    655    -1939    
990.0000us:   1223    -1641    
990.1000us:   1670    -1183    
990.2000us:   1955     -609    
990.3000us:   2047       23    
990.4000us:   1939      655    
990.5000us:   1641     1223    
990.6000us:   1183     1670    
990.7000us:    609     1955    
990.8000us:    -23     2047    
990.9000us:   -655     1939    
991.0000us:  -1223     1641    
991.1000us:  -1670     1183    
991.2000us:  -1955      609    
991.3000us:  -2047      -23    
991.4000us:  -1939     -655    
991.5000us:  -1641    -1223    
991.6000us:  -1183    -1670    
991.7000us:   -609    -1955    
991.8000us:     23    -2047    
991.9000us:    655    -1939    
992.0000us:   1223    -1641    
992.1000us:   1670    -1183    
992.2000us:   1955     -609    
992.3000us:   2047       23    
992.4000us:   1939      656    
992.5000us:   1641     1223    
992.6000us:   1183     1670    
992.7000us:    609     1955    
992.8000us:    -23     2047    
992.9000us:   -656     1939    
993.0000us:  -1223     1641    
993.1000us:  -1670     1183    
993.2000us:  -1955      609    
993.3000us:  -2047      -23    
993.4000us:  -1939     -656    
993.5000us:  -1641    -1223    
993.6000us:  -1183    -1670    
993.7000us:   -609    -1955    
993.8000us:     23    -2047    
993.9000us:    656    -1939    
994.0000us:   1223    -1641    
994.1000us:   1670    -1183    
994.2000us:   1955     -609    
994.3000us:   2047       23    
994.4000us:   1939      656    
994.5000us:   1641     1223    
994.6000us:   1183     1670    
994.7000us:    609     1955    
994.8000us:    -23     2047    
994.9000us:   -656     1939    
995.0000us:  -1223     1641    
995.1000us:  -1670     1183    
995.2000us:  -1955      609    
995.3000us:  -2047      -23    
995.4000us:  -1939     -656    
995.5000us:  -1641    -1223    
995.6000us:  -1183    -1670    
995.7000us:   -609    -1955    
995.8000us:     23    -2047    
995.9000us:    656    -1939    
996.0000us:   1223    -1641    
996.1000us:   1670    -1183    
996.2000us:   1955     -609    
996.3000us:   2047       23    
996.4000us:   1939      656    
996.5000us:   1641     1223    
996.6000us:   1183     1670    
996.7000us:    609     1955    
996.8000us:    -23     2047    
996.9000us:   -656     1939    
997.0000us:  -1223     1641    
997.1000us:  -1670     1183    
997.2000us:  -1955      609    
997.3000us:  -2047      -23    
997.4000us:  -1939     -656    
997.5000us:  -1641    -1223    
997.6000us:  -1183    -1670    
997.7000us:   -609    -1955    
997.8000us:     23    -2047    
997.9000us:    656    -1939    
998.0000us:   1223    -1641    
998.1000us:   1670    -1183    
998.2000us:   1955     -609    
998.3000us:   2047       23    
998.4000us:   1939      656    
998.5000us:   1641     1223    
998.6000us:   1183     1670    
998.7000us:    609     1955    
998.8000us:    -24     2047    
998.9000us:   -656     1939    
999.0000us:  -1223     1641    
999.1000us:  -1670     1183    
999.2000us:  -1955      609    
999.3000us:  -2047      -24    
999.4000us:  -1939     -656    
999.5000us:  -1641    -1223    
999.6000us:  -1183    -1670    
999.7000us:   -609    -1955    
999.8000us:     24    -2047    
999.9000us:    656    -1939    
1000.0000us:   1223    -1641    
1000.1000us:   1670    -1183    
1000.2000us:   1955     -609    
1000.3000us:   2047       24    
1000.4000us:   1939      656    
1000.5000us:   1641     1223    
1000.6000us:   1183     1670    
1000.7000us:    609     1955    
1000.8000us:    -24     2047    
1000.9000us:   -656     1939    
1001.0000us:  -1223     1641    
1001.1000us:  -1670     1183    
1001.2000us:  -1955      609    
1001.3000us:  -2047      -24    
1001.4000us:  -1939     -656    
1001.5000us:  -1641    -1223    
1001.6000us:  -1183    -1670    
1001.7000us:   -609    -1955    
1001.8000us:     24    -2047    
1001.9000us:    656    -1939    
1002.0000us:   1223    -1641    
1002.1000us:   1670    -1183    
1002.2000us:   1955     -609    
1002.3000us:   2047       24    
1002.4000us:   1939      656    
1002.5000us:   1641     1223    
1002.6000us:   1183     1670    
1002.7000us:    609     1955    
1002.8000us:    -24     2047    
1002.9000us:   -656     1939    
1003.0000us:  -1223     1641    
1003.1000us:  -1670     1183    
1003.2000us:  -1955      609    
1003.3000us:  -2047      -24    
1003.4000us:  -1939     -656    
1003.5000us:  -1641    -1223    
1003.6000us:  -1183    -1670    
1003.7000us:   -609    -1955    
1003.8000us:     24    -2047    
1003.9000us:    656    -1939    
1004.0000us:   1223    -1641    
1004.1000us:   1670    -1183    
1004.2000us:   1955     -609    
1004.3000us:   2047       24    
1004.4000us:   1939      656    
1004.5000us:   1641     1223    
1004.6000us:   1183     1670    
1004.7000us:    609     1955    
1004.8000us:    -24     2047    
1004.9000us:   -656     1939    
1005.0000us:  -1223     1641    
1005.1000us:  -1670     1183    
1005.2000us:  -1955      609    
1005.3000us:  -2047      -24    
1005.4000us:  -1939     -656    
1005.5000us:  -1641    -1223    
1005.6000us:  -1183    -1670    
1005.7000us:   -609    -1955    
1005.8000us:     24    -2047    
1005.9000us:    656    -1939    
1006.0000us:   1223    -1641    
1006.1000us:   1670    -1183    
1006.2000us:   1955     -609    
1006.3000us:   2047       24    
1006.4000us:   1939      656    
1006.5000us:   1641     1223    
1006.6000us:   1183     1670    
1006.7000us:    609     1955    
1006.8000us:    -24     2047    
1006.9000us:   -656     1939    
1007.0000us:  -1223     1641    
1007.1000us:  -1670     1183    
1007.2000us:  -1955      609    
1007.3000us:  -2047      -24    
1007.4000us:  -1939     -656    
1007.5000us:  -1641    -1223    
1007.6000us:  -1183    -1670    
1007.7000us:   -609    -1955    
1007.8000us:     24    -2047    
1007.9000us:    656    -1939    
1008.0000us:   1223    -1641    
1008.1000us:   1670    -1183    
1008.2000us:   1955     -609    
1008.3000us:   2047       24    
1008.4000us:   1939      656    
1008.5000us:   1641     1223    
1008.6000us:   1183     1670    
1008.7000us:    609     1955    
1008.8000us:    -24     2047    
1008.9000us:   -656     1939    
1009.0000us:  -1223     1641    
1009.1000us:  -1670     1183    
1009.2000us:  -1955      609    
1009.3000us:  -2047      -24    
1009.4000us:  -1939     -656    
1009.5000us:  -1641    -1223    
1009.6000us:  -1183    -1670    
1009.7000us:   -609    -1955    
1009.8000us:     24    -2047    
1009.9000us:    656    -1939    
1010.0000us:   1223    -1641    
1010.1000us:   1670    -1183    
1010.2000us:   1955     -609    
1010.3000us:   2047       24    
1010.4000us:   1939      656    
1010.5000us:   1641     1223    
1010.6000us:   1183     1670    
1010.7000us:    609     1955    
1010.8000us:    -24     2047    
1010.9000us:   -656     1939    
1011.0000us:  -1223     1641    
1011.1000us:  -1670     1183    
1011.2000us:  -1955      609    
1011.3000us:  -2047      -24    
1011.4000us:  -1939     -656    
1011.5000us:  -1641    -1223    
1011.6000us:  -1182    -1671    
1011.7000us:   -609    -1955    
1011.8000us:     24    -2047    
1011.9000us:    656    -1939    
1012.0000us:   1223    -1641    
1012.1000us:   1671    -1182    
1012.2000us:   1955     -609    
1012.3000us:   2047       24    
1012.4000us:   1939      656    
1012.5000us:   1641     1223    
1012.6000us:   1182     1671    
1012.7000us:    609     1955    
1012.8000us:    -24     2047    
1012.9000us:   -656     1939    
1013.0000us:  -1223     1641    
1013.1000us:  -1671     1182    
1013.2000us:  -1955      609    
1013.3000us:  -2047      -24    
1013.4000us:  -1939     -656    
1013.5000us:  -1641    -1223    
1013.6000us:  -1182    -1671    
1013.7000us:   -609    -1955    
1013.8000us:     24    -2047    
1013.9000us:    656    -1939    
1014.0000us:   1223    -1641    
1014.1000us:   1671    -1182    
1014.2000us:   1955     -609    
1014.3000us:   2047       24    
1014.4000us:   1939      656    
1014.5000us:   1641     1223    
1014.6000us:   1182     1671    
1014.7000us:    609     1955    
1014.8000us:    -24     2047    
1014.9000us:   -656     1939    
1015.0000us:  -1223     1641    
1015.1000us:  -1671     1182    
1015.2000us:  -1955      609    
1015.3000us:  -2047      -24    
1015.4000us:  -1939     -656    
1015.5000us:  -1641    -1223    
1015.6000us:  -1182    -1671    
1015.7000us:   -609    -1955    
1015.8000us:     24    -2047    
1015.9000us:    656    -1939    
1016.0000us:   1223    -1641    
1016.1000us:   1671    -1182    
1016.2000us:   1955     -609    
1016.3000us:   2047       24    
1016.4000us:   1939      656    
1016.5000us:   1641     1223    
1016.6000us:   1182     1671    
1016.7000us:    609     1955    
1016.8000us:    -24     2047    
1016.9000us:   -656     1939    
1017.0000us:  -1223     1641    
1017.1000us:  -1671     1182    
1017.2000us:  -1955      609    
1017.3000us:  -2047      -24    
1017.4000us:  -1939     -656    
1017.5000us:  -1641    -1223    
1017.6000us:  -1182    -1671    
1017.7000us:   -609    -1955    
1017.8000us:     24    -2047    
1017.9000us:    656    -1939    
1018.0000us:   1223    -1641    
1018.1000us:   1671    -1182    
1018.2000us:   1955     -609    
1018.3000us:   2047       24    
1018.4000us:   1939      656    
1018.5000us:   1641     1223    
1018.6000us:   1182     1671    
1018.7000us:    609     1955    
1018.8000us:    -24     2047    
1018.9000us:   -656     1939    
1019.0000us:  -1223     1641    
1019.1000us:  -1671     1182    
1019.2000us:  -1955      609    
1019.3000us:  -2047      -24    
1019.4000us:  -1939     -656    
1019.5000us:  -1641    -1223    
1019.6000us:  -1182    -1671    
1019.7000us:   -609    -1955    
1019.8000us:     24    -2047    
1019.9000us:    656    -1939    
1020.0000us:   1223    -1641    
1020.1000us:   1671    -1182    
1020.2000us:   1955     -609    
1020.3000us:   2047       24    
1020.4000us:   1939      656    
1020.5000us:   1641     1223    
1020.6000us:   1182     1671    
1020.7000us:    609     1955    
1020.8000us:    -24     2047    
1020.9000us:   -656     1939    
1021.0000us:  -1223     1641    
1021.1000us:  -1671     1182    
1021.2000us:  -1955      609    
1021.3000us:  -2047      -24    
1021.4000us:  -1939     -656    
1021.5000us:  -1641    -1223    
1021.6000us:  -1182    -1671    
1021.7000us:   -609    -1955    
1021.8000us:     24    -2047    
1021.9000us:    656    -1939    
1022.0000us:   1223    -1641    
1022.1000us:   1671    -1182    
1022.2000us:   1955     -609    
1022.3000us:   2047       24    
1022.4000us:   1939      656    
1022.5000us:   1641     1223    
1022.6000us:   1182     1671    
1022.7000us:    609     1955    
1022.8000us:    -24     2047    
1022.9000us:   -656     1939    
1023.0000us:  -1223     1641    
1023.1000us:  -1671     1182    
1023.2000us:  -1955      609    
1023.3000us:  -2047      -24    
1023.4000us:  -1939     -656    
1023.5000us:  -1641    -1223    
1023.6000us:  -1182    -1671    
1023.7000us:   -609    -1955    
1023.8000us:     24    -2047    
1023.9000us:    656    -1939    
1024.0000us:   1223    -1641    
1024.1000us:   1671    -1182    
1024.2000us:   1955     -609    
1024.3000us:   2047       24    
1024.4000us:   1939      657    
1024.5000us:   1641     1223    
1024.6000us:   1182     1671    
1024.7000us:    609     1955    
1024.8000us:    -24     2047    
1024.9000us:   -657     1939    
1025.0000us:  -1223     1641    
1025.1000us:  -1671     1182    
1025.2000us:  -1955      609    
1025.3000us:  -2047      -24    
1025.4000us:  -1939     -657    
1025.5000us:  -1641    -1223    
1025.6000us:  -1182    -1671    
1025.7000us:   -609    -1955    
1025.8000us:     24    -2047    
1025.9000us:    657    -1939    
1026.0000us:   1223    -1641    
1026.1000us:   1671    -1182    
1026.2000us:   1955     -609    
1026.3000us:   2047       24    
1026.4000us:   1939      657    
1026.5000us:   1641     1223    
1026.6000us:   1182     1671    
1026.7000us:    609     1955    
1026.8000us:    -24     2047    
1026.9000us:   -657     1939    
1027.0000us:  -1223     1641    
1027.1000us:  -1671     1182    
1027.2000us:  -1955      609    
1027.3000us:  -2047      -24    
1027.4000us:  -1939     -657    
1027.5000us:  -1641    -1223    
1027.6000us:  -1182    -1671    
1027.7000us:   -609    -1955    
1027.8000us:     24    -2047    
1027.9000us:    657    -1939    
1028.0000us:   1223    -1641    
1028.1000us:   1671    -1182    
1028.2000us:   1955     -609    
1028.3000us:   2047       24    
1028.4000us:   1939      657    
1028.5000us:   1641     1223    
1028.6000us:   1182     1671    
1028.7000us:    609     1955    
1028.8000us:    -24     2047    
1028.9000us:   -657     1939    
1029.0000us:  -1223     1641    
1029.1000us:  -1671     1182    
1029.2000us:  -1955      609    
1029.3000us:  -2047      -24    
1029.4000us:  -1939     -657    
1029.5000us:  -1641    -1223    
1029.6000us:  -1182    -1671    
1029.7000us:   -609    -1955    
1029.8000us:     24    -2047    
1029.9000us:    657    -1939    
1030.0000us:   1223    -1641    
1030.1000us:   1671    -1182    
1030.2000us:   1955     -609    
1030.3000us:   2047       24    
1030.4000us:   1939      657    
1030.5000us:   1641     1223    
1030.6000us:   1182     1671    
1030.7000us:    609     1955    
1030.8000us:    -25     2047    
1030.9000us:   -657     1939    
1031.0000us:  -1223     1641    
1031.1000us:  -1671     1182    
1031.2000us:  -1955      609    
1031.3000us:  -2047      -25    
1031.4000us:  -1939     -657    
1031.5000us:  -1641    -1223    
1031.6000us:  -1182    -1671    
1031.7000us:   -609    -1955    
1031.8000us:     25    -2047    
1031.9000us:    657    -1939    
1032.0000us:   1223    -1641    
1032.1000us:   1671    -1182    
1032.2000us:   1955     -609    
1032.3000us:   2047       25    
1032.4000us:   1939      657    
1032.5000us:   1641     1223    
1032.6000us:   1182     1671    
1032.7000us:    609     1955    
1032.8000us:    -25     2047    
1032.9000us:   -657     1939    
1033.0000us:  -1223     1641    
1033.1000us:  -1671     1182    
1033.2000us:  -1955      609    
1033.3000us:  -2047      -25    
1033.4000us:  -1939     -657    
1033.5000us:  -1641    -1223    
1033.6000us:  -1182    -1671    
1033.7000us:   -609    -1955    
1033.8000us:     25    -2047    
1033.9000us:    657    -1939    
1034.0000us:   1223    -1641    
1034.1000us:   1671    -1182    
1034.2000us:   1955     -609    
1034.3000us:   2047       25    
1034.4000us:   1939      657    
1034.5000us:   1641     1223    
1034.6000us:   1182     1671    
1034.7000us:    609     1955    
1034.8000us:    -25     2047    
1034.9000us:   -657     1939    
1035.0000us:  -1223     1641    
1035.1000us:  -1671     1182    
1035.2000us:  -1955      609    
1035.3000us:  -2047      -25    
1035.4000us:  -1939     -657    
1035.5000us:  -1641    -1223    
1035.6000us:  -1182    -1671    
1035.7000us:   -609    -1955    
1035.8000us:     25    -2047    
1035.9000us:    657    -1939    
1036.0000us:   1223    -1641    
1036.1000us:   1671    -1182    
1036.2000us:   1955     -609    
1036.3000us:   2047       25    
1036.4000us:   1939      657    
1036.5000us:   1641     1223    
1036.6000us:   1182     1671    
1036.7000us:    609     1955    
1036.8000us:    -25     2047    
1036.9000us:   -657     1939    
1037.0000us:  -1223     1641    
1037.1000us:  -1671     1182    
1037.2000us:  -1955      608    
1037.3000us:  -2047      -25    
1037.4000us:  -1939     -657    
1037.5000us:  -1641    -1223    
1037.6000us:  -1182    -1671    
1037.7000us:   -608    -1955    
1037.8000us:     25    -2047    
1037.9000us:    657    -1939    
1038.0000us:   1223    -1641    
1038.1000us:   1671    -1182    
1038.2000us:   1955     -608    
1038.3000us:   2047       25    
1038.4000us:   1939      657    
1038.5000us:   1641     1223    
1038.6000us:   1182     1671    
1038.7000us:    608     1955    
1038.8000us:    -25     2047    
1038.9000us:   -657     1939    
1039.0000us:  -1223     1641    
1039.1000us:  -1671     1182    
1039.2000us:  -1955      608    
1039.3000us:  -2047      -25    
1039.4000us:  -1939     -657    
1039.5000us:  -1641    -1223    
1039.6000us:  -1182    -1671    
1039.7000us:   -608    -1955    
1039.8000us:     25    -2047    
1039.9000us:    657    -1939    
1040.0000us:   1223    -1641    
1040.1000us:   1671    -1182    
1040.2000us:   1955     -608    
1040.3000us:   2047       25    
1040.4000us:   1939      657    
1040.5000us:   1641     1223    
1040.6000us:   1182     1671    
1040.7000us:    608     1955    
1040.8000us:    -25     2047    
1040.9000us:   -657     1939    
1041.0000us:  -1223     1641    
1041.1000us:  -1671     1182    
1041.2000us:  -1955      608    
1041.3000us:  -2047      -25    
1041.4000us:  -1939     -657    
1041.5000us:  -1641    -1223    
1041.6000us:  -1182    -1671    
1041.7000us:   -608    -1955    
1041.8000us:     25    -2047    
1041.9000us:    657    -1939    
1042.0000us:   1223    -1641    
1042.1000us:   1671    -1182    
1042.2000us:   1955     -608    
1042.3000us:   2047       25    
1042.4000us:   1939      657    
1042.5000us:   1641     1223    
1042.6000us:   1182     1671    
1042.7000us:    608     1955    
1042.8000us:    -25     2047    
1042.9000us:   -657     1939    
1043.0000us:  -1223     1641    
1043.1000us:  -1671     1182    
1043.2000us:  -1955      608    
1043.3000us:  -2047      -25    
1043.4000us:  -1939     -657    
1043.5000us:  -1641    -1223    
1043.6000us:  -1182    -1671    
1043.7000us:   -608    -1955    
1043.8000us:     25    -2047    
1043.9000us:    657    -1939    
1044.0000us:   1223    -1641    
1044.1000us:   1671    -1182    
1044.2000us:   1955     -608    
1044.3000us:   2047       25    
1044.4000us:   1939      657    
1044.5000us:   1641     1223    
1044.6000us:   1182     1671    
1044.7000us:    608     1955    
1044.8000us:    -25     2047    
1044.9000us:   -657     1939    
1045.0000us:  -1223     1641    
1045.1000us:  -1671     1182    
1045.2000us:  -1955      608    
1045.3000us:  -2047      -25    
1045.4000us:  -1939     -657    
1045.5000us:  -1641    -1223    
1045.6000us:  -1182    -1671    
1045.7000us:   -608    -1955    
1045.8000us:     25    -2047    
1045.9000us:    657    -1939    
1046.0000us:   1223    -1641    
1046.1000us:   1671    -1182    
1046.2000us:   1955     -608    
1046.3000us:   2047       25    
1046.4000us:   1939      657    
1046.5000us:   1641     1223    
1046.6000us:   1182     1671    
1046.7000us:    608     1955    
1046.8000us:    -25     2047    
1046.9000us:   -657     1939    
1047.0000us:  -1223     1641    
1047.1000us:  -1671     1182    
1047.2000us:  -1955      608    
1047.3000us:  -2047      -25    
1047.4000us:  -1939     -657    
1047.5000us:  -1641    -1223    
1047.6000us:  -1182    -1671    
1047.7000us:   -608    -1955    
1047.8000us:     25    -2047    
1047.9000us:    657    -1939    
1048.0000us:   1223    -1641    
1048.1000us:   1671    -1182    
1048.2000us:   1955     -608    
1048.3000us:   2047       25    
1048.4000us:   1939      657    
1048.5000us:   1641     1223    
1048.6000us:   1182     1671    
1048.7000us:    608     1955    
1048.8000us:    -25     2047    
1048.9000us:   -657     1939    
1049.0000us:  -1223     1641    
1049.1000us:  -1671     1182    
1049.2000us:  -1955      608    
1049.3000us:  -2047      -25    
1049.4000us:  -1939     -657    
1049.5000us:  -1641    -1223    
1049.6000us:  -1182    -1671    
1049.7000us:   -608    -1955    
1049.8000us:     25    -2047    
1049.9000us:    657    -1939    
1050.0000us:   1224    -1640    
1050.1000us:   1671    -1182    
1050.2000us:   1955     -608    
1050.3000us:   2047       25    
1050.4000us:   1939      657    
1050.5000us:   1640     1224    
1050.6000us:   1182     1671    
1050.7000us:    608     1955    
1050.8000us:    -25     2047    
1050.9000us:   -657     1939    
1051.0000us:  -1224     1640    
1051.1000us:  -1671     1182    
1051.2000us:  -1955      608    
1051.3000us:  -2047      -25    
1051.4000us:  -1939     -657    
1051.5000us:  -1640    -1224    
1051.6000us:  -1182    -1671    
1051.7000us:   -608    -1955    
1051.8000us:     25    -2047    
1051.9000us:    657    -1939    
1052.0000us:   1224    -1640    
1052.1000us:   1671    -1182    
1052.2000us:   1955     -608    
1052.3000us:   2047       25    
1052.4000us:   1939      657    
1052.5000us:   1640     1224    
1052.6000us:   1182     1671    
1052.7000us:    608     1955    
1052.8000us:    -25     2047    
1052.9000us:   -657     1939    
1053.0000us:  -1224     1640    
1053.1000us:  -1671     1182    
1053.2000us:  -1955      608    
1053.3000us:  -2047      -25    
1053.4000us:  -1939     -657    
1053.5000us:  -1640    -1224    
1053.6000us:  -1182    -1671    
1053.7000us:   -608    -1955    
1053.8000us:     25    -2047    
1053.9000us:    657    -1939    
1054.0000us:   1224    -1640    
1054.1000us:   1671    -1182    
1054.2000us:   1955     -608    
1054.3000us:   2047       25    
1054.4000us:   1939      657    
1054.5000us:   1640     1224    
1054.6000us:   1182     1671    
1054.7000us:    608     1955    
1054.8000us:    -25     2047    
1054.9000us:   -657     1939    
1055.0000us:  -1224     1640    
1055.1000us:  -1671     1182    
1055.2000us:  -1955      608    
1055.3000us:  -2047      -25    
1055.4000us:  -1939     -657    
1055.5000us:  -1640    -1224    
1055.6000us:  -1182    -1671    
1055.7000us:   -608    -1955    
1055.8000us:     25    -2047    
1055.9000us:    657    -1939    
1056.0000us:   1224    -1640    
1056.1000us:   1671    -1182    
1056.2000us:   1955     -608    
1056.3000us:   2047       25    
1056.4000us:   1939      657    
1056.5000us:   1640     1224    
1056.6000us:   1182     1671    
1056.7000us:    608     1955    
1056.8000us:    -25     2047    
1056.9000us:   -657     1939    
1057.0000us:  -1224     1640    
1057.1000us:  -1671     1182    
1057.2000us:  -1955      608    
1057.3000us:  -2047      -25    
1057.4000us:  -1939     -657    
1057.5000us:  -1640    -1224    
1057.6000us:  -1182    -1671    
1057.7000us:   -608    -1955    
1057.8000us:     25    -2047    
1057.9000us:    657    -1939    
1058.0000us:   1224    -1640    
1058.1000us:   1671    -1182    
1058.2000us:   1955     -608    
1058.3000us:   2047       25    
1058.4000us:   1939      657    
1058.5000us:   1640     1224    
1058.6000us:   1182     1671    
1058.7000us:    608     1955    
1058.8000us:    -25     2047    
1058.9000us:   -657     1939    
1059.0000us:  -1224     1640    
1059.1000us:  -1671     1182    
1059.2000us:  -1955      608    
1059.3000us:  -2047      -25    
1059.4000us:  -1939     -657    
1059.5000us:  -1640    -1224    
1059.6000us:  -1182    -1671    
1059.7000us:   -608    -1955    
1059.8000us:     25    -2047    
1059.9000us:    657    -1939    
1060.0000us:   1224    -1640    
1060.1000us:   1671    -1182    
1060.2000us:   1955     -608    
1060.3000us:   2047       25    
1060.4000us:   1939      657    
1060.5000us:   1640     1224    
1060.6000us:   1182     1671    
1060.7000us:    608     1955    
1060.8000us:    -25     2047    
1060.9000us:   -657     1939    
1061.0000us:  -1224     1640    
1061.1000us:  -1671     1182    
1061.2000us:  -1955      608    
1061.3000us:  -2047      -25    
1061.4000us:  -1939     -657    
1061.5000us:  -1640    -1224    
1061.6000us:  -1182    -1671    
1061.7000us:   -608    -1955    
1061.8000us:     25    -2047    
1061.9000us:    657    -1939    
1062.0000us:   1224    -1640    
1062.1000us:   1671    -1182    
1062.2000us:   1955     -608    
1062.3000us:   2047       25    
1062.4000us:   1939      657    
1062.5000us:   1640     1224    
1062.6000us:   1182     1671    
1062.7000us:    608     1955    
1062.8000us:    -26     2047    
1062.9000us:   -657     1939    
1063.0000us:  -1224     1640    
1063.1000us:  -1671     1182    
1063.2000us:  -1955      608    
1063.3000us:  -2047      -26    
1063.4000us:  -1939     -657    
1063.5000us:  -1640    -1224    
1063.6000us:  -1182    -1671    
1063.7000us:   -608    -1955    
1063.8000us:     26    -2047    
1063.9000us:    657    -1939    
1064.0000us:   1224    -1640    
1064.1000us:   1671    -1182    
1064.2000us:   1955     -608    
1064.3000us:   2047       26    
1064.4000us:   1939      657    
1064.5000us:   1640     1224    
1064.6000us:   1182     1671    
1064.7000us:    608     1955    
1064.8000us:    -26     2047    
1064.9000us:   -657     1939    
1065.0000us:  -1224     1640    
1065.1000us:  -1671     1182    
1065.2000us:  -1955      608    
1065.3000us:  -2047      -26    
1065.4000us:  -1939     -657    
1065.5000us:  -1640    -1224    
1065.6000us:  -1182    -1671    
1065.7000us:   -608    -1955    
1065.8000us:     26    -2047    
1065.9000us:    657    -1939    
1066.0000us:   1224    -1640    
1066.1000us:   1671    -1182    
1066.2000us:   1955     -608    
1066.3000us:   2047       26    
1066.4000us:   1939      657    
1066.5000us:   1640     1224    
1066.6000us:   1182     1671    
1066.7000us:    608     1955    
1066.8000us:    -26     2047    
1066.9000us:   -657     1939    
1067.0000us:  -1224     1640    
1067.1000us:  -1671     1182    
1067.2000us:  -1955      608    
1067.3000us:  -2047      -26    
1067.4000us:  -1939     -657    
1067.5000us:  -1640    -1224    
1067.6000us:  -1182    -1671    
1067.7000us:   -608    -1955    
1067.8000us:     26    -2047    
1067.9000us:    657    -1939    
1068.0000us:   1224    -1640    
1068.1000us:   1671    -1182    
1068.2000us:   1955     -608    
1068.3000us:   2047       26    
1068.4000us:   1939      657    
1068.5000us:   1640     1224    
1068.6000us:   1182     1671    
1068.7000us:    608     1955    
1068.8000us:    -26     2047    
1068.9000us:   -657     1939    
1069.0000us:  -1224     1640    
1069.1000us:  -1671     1182    
1069.2000us:  -1955      607    
1069.3000us:  -2047      -26    
1069.4000us:  -1939     -657    
1069.5000us:  -1640    -1224    
1069.6000us:  -1182    -1671    
1069.7000us:   -607    -1955    
1069.8000us:     26    -2047    
1069.9000us:    657    -1939    
1070.0000us:   1224    -1640    
1070.1000us:   1671    -1182    
1070.2000us:   1955     -607    
1070.3000us:   2047       26    
1070.4000us:   1939      657    
1070.5000us:   1640     1224    
1070.6000us:   1182     1671    
1070.7000us:    607     1955    
1070.8000us:    -26     2047    
1070.9000us:   -657     1939    
1071.0000us:  -1224     1640    
1071.1000us:  -1671     1182    
1071.2000us:  -1955      607    
1071.3000us:  -2047      -26    
1071.4000us:  -1939     -657    
1071.5000us:  -1640    -1224    
1071.6000us:  -1182    -1671    
1071.7000us:   -607    -1955    
1071.8000us:     26    -2047    
1071.9000us:    657    -1939    
1072.0000us:   1224    -1640    
1072.1000us:   1671    -1182    
1072.2000us:   1955     -607    
1072.3000us:   2047       26    
1072.4000us:   1939      657    
1072.5000us:   1640     1224    
1072.6000us:   1182     1671    
1072.7000us:    607     1955    
1072.8000us:    -26     2047    
1072.9000us:   -657     1939    
1073.0000us:  -1224     1640    
1073.1000us:  -1671     1182    
1073.2000us:  -1955      607    
1073.3000us:  -2047      -26    
1073.4000us:  -1939     -657    
1073.5000us:  -1640    -1224    
1073.6000us:  -1182    -1671    
1073.7000us:   -607    -1955    
1073.8000us:     26    -2047    
1073.9000us:    657    -1939    
1074.0000us:   1224    -1640    
1074.1000us:   1671    -1182    
1074.2000us:   1955     -607    
1074.3000us:   2047       26    
1074.4000us:   1939      657    
1074.5000us:   1640     1224    
1074.6000us:   1182     1671    
1074.7000us:    607     1955    
1074.8000us:    -26     2047    
1074.9000us:   -657     1939    
1075.0000us:  -1224     1640    
1075.1000us:  -1671     1182    
1075.2000us:  -1955      607    
1075.3000us:  -2047      -26    
1075.4000us:  -1939     -657    
1075.5000us:  -1640    -1224    
1075.6000us:  -1181    -1672    
1075.7000us:   -607    -1955    
1075.8000us:     26    -2047    
1075.9000us:    657    -1939    
1076.0000us:   1224    -1640    
1076.1000us:   1672    -1181    
1076.2000us:   1955     -607    
1076.3000us:   2047       26    
1076.4000us:   1939      657    
1076.5000us:   1640     1224    
1076.6000us:   1181     1672    
1076.7000us:    607     1955    
1076.8000us:    -26     2047    
1076.9000us:   -657     1939    
1077.0000us:  -1224     1640    
1077.1000us:  -1672     1181    
1077.2000us:  -1955      607    
1077.3000us:  -2047      -26    
1077.4000us:  -1939     -657    
1077.5000us:  -1640    -1224    
1077.6000us:  -1181    -1672    
1077.7000us:   -607    -1955    
1077.8000us:     26    -2047    
1077.9000us:    657    -1939    
1078.0000us:   1224    -1640    
1078.1000us:   1672    -1181    
1078.2000us:   1955     -607    
1078.3000us:   2047       26    
1078.4000us:   1939      657    
1078.5000us:   1640     1224    
1078.6000us:   1181     1672    
1078.7000us:    607     1955    
1078.8000us:    -26     2047    
1078.9000us:   -657     1939    
1079.0000us:  -1224     1640    
1079.1000us:  -1672     1181    
1079.2000us:  -1955      607    
1079.3000us:  -2047      -26    
1079.4000us:  -1939     -657    
1079.5000us:  -1640    -1224    
1079.6000us:  -1181    -1672    
1079.7000us:   -607    -1955    
1079.8000us:     26    -2047    
1079.9000us:    657    -1939    
1080.0000us:   1224    -1640    
1080.1000us:   1672    -1181    
1080.2000us:   1955     -607    
1080.3000us:   2047       26    
1080.4000us:   1939      657    
1080.5000us:   1640     1224    
1080.6000us:   1181     1672    
1080.7000us:    607     1955    
1080.8000us:    -26     2047    
1080.9000us:   -657     1939    
1081.0000us:  -1224     1640    
1081.1000us:  -1672     1181    
1081.2000us:  -1955      607    
1081.3000us:  -2047      -26    
1081.4000us:  -1939     -657    
1081.5000us:  -1640    -1224    
1081.6000us:  -1181    -1672    
1081.7000us:   -607    -1955    
1081.8000us:     26    -2047    
1081.9000us:    657    -1939    
1082.0000us:   1225    -1640    
1082.1000us:   1672    -1181    
1082.2000us:   1955     -607    
1082.3000us:   2047       26    
1082.4000us:   1939      657    
1082.5000us:   1640     1225    
1082.6000us:   1181     1672    
1082.7000us:    607     1955    
1082.8000us:    -26     2047    
1082.9000us:   -657     1939    
1083.0000us:  -1225     1640    
1083.1000us:  -1672     1181    
1083.2000us:  -1955      607    
1083.3000us:  -2047      -26    
1083.4000us:  -1939     -657    
1083.5000us:  -1640    -1225    
1083.6000us:  -1181    -1672    
1083.7000us:   -607    -1955    
1083.8000us:     26    -2047    
1083.9000us:    657    -1939    
1084.0000us:   1225    -1640    
1084.1000us:   1672    -1181    
1084.2000us:   1955     -607    
1084.3000us:   2047       26    
1084.4000us:   1939      657    
1084.5000us:   1640     1225    
1084.6000us:   1181     1672    
1084.7000us:    607     1955    
1084.8000us:    -26     2047    
1084.9000us:   -657     1939    
1085.0000us:  -1225     1640    
1085.1000us:  -1672     1181    
1085.2000us:  -1955      607    
1085.3000us:  -2047      -26    
1085.4000us:  -1939     -657    
1085.5000us:  -1640    -1225    
1085.6000us:  -1181    -1672    
1085.7000us:   -607    -1955    
1085.8000us:     26    -2047    
1085.9000us:    657    -1939    
1086.0000us:   1225    -1640    
1086.1000us:   1672    -1181    
1086.2000us:   1955     -607    
1086.3000us:   2047       26    
1086.4000us:   1939      657    
1086.5000us:   1640     1225    
1086.6000us:   1181     1672    
1086.7000us:    607     1955    
1086.8000us:    -26     2047    
1086.9000us:   -657     1939    
1087.0000us:  -1225     1640    
1087.1000us:  -1672     1181    
1087.2000us:  -1955      607    
1087.3000us:  -2047      -26    
1087.4000us:  -1939     -657    
1087.5000us:  -1640    -1225    
1087.6000us:  -1181    -1672    
1087.7000us:   -607    -1955    
1087.8000us:     26    -2047    
1087.9000us:    657    -1939    
1088.0000us:   1225    -1640    
1088.1000us:   1672    -1181    
1088.2000us:   1955     -607    
1088.3000us:   2047       26    
1088.4000us:   1938      658    
1088.5000us:   1640     1225    
1088.6000us:   1181     1672    
1088.7000us:    607     1955    
1088.8000us:    -26     2047    
1088.9000us:   -658     1938    
1089.0000us:  -1225     1640    
1089.1000us:  -1672     1181    
1089.2000us:  -1955      607    
1089.3000us:  -2047      -26    
1089.4000us:  -1938     -658    
1089.5000us:  -1640    -1225    
1089.6000us:  -1181    -1672    
1089.7000us:   -607    -1955    
1089.8000us:     26    -2047    
1089.9000us:    658    -1938    
1090.0000us:   1225    -1640    
1090.1000us:   1672    -1181    
1090.2000us:   1955     -607    
1090.3000us:   2047       26    
1090.4000us:   1938      658    
1090.5000us:   1640     1225    
1090.6000us:   1181     1672    
1090.7000us:    607     1955    
1090.8000us:    -26     2047    
1090.9000us:   -658     1938    
1091.0000us:  -1225     1640    
1091.1000us:  -1672     1181    
1091.2000us:  -1955      607    
1091.3000us:  -2047      -26    
1091.4000us:  -1938     -658    
1091.5000us:  -1640    -1225    
1091.6000us:  -1181    -1672    
1091.7000us:   -607    -1955    
1091.8000us:     26    -2047    
1091.9000us:    658    -1938    
1092.0000us:   1225    -1640    
1092.1000us:   1672    -1181    
1092.2000us:   1955     -607    
1092.3000us:   2047       26    
1092.4000us:   1938      658    
1092.5000us:   1640     1225    
1092.6000us:   1181     1672    
1092.7000us:    607     1955    
1092.8000us:    -26     2047    
1092.9000us:   -658     1938    
1093.0000us:  -1225     1640    
1093.1000us:  -1672     1181    
1093.2000us:  -1955      607    
1093.3000us:  -2047      -26    
1093.4000us:  -1938     -658    
1093.5000us:  -1640    -1225    
1093.6000us:  -1181    -1672    
1093.7000us:   -607    -1955    
1093.8000us:     26    -2047    
1093.9000us:    658    -1938    
1094.0000us:   1225    -1640    
1094.1000us:   1672    -1181    
1094.2000us:   1955     -607    
1094.3000us:   2047       26    
1094.4000us:   1938      658    
1094.5000us:   1640     1225    
1094.6000us:   1181     1672    
1094.7000us:    607     1955    
1094.8000us:    -27     2047    
1094.9000us:   -658     1938    
1095.0000us:  -1225     1640    
1095.1000us:  -1672     1181    
1095.2000us:  -1955      607    
1095.3000us:  -2047      -27    
1095.4000us:  -1938     -658    
1095.5000us:  -1640    -1225    
1095.6000us:  -1181    -1672    
1095.7000us:   -607    -1955    
1095.8000us:     27    -2047    
1095.9000us:    658    -1938    
1096.0000us:   1225    -1640    
1096.1000us:   1672    -1181    
1096.2000us:   1955     -607    
1096.3000us:   2047       27    
1096.4000us:   1938      658    
1096.5000us:   1640     1225    
1096.6000us:   1181     1672    
1096.7000us:    607     1955    
1096.8000us:    -27     2047    
1096.9000us:   -658     1938    
1097.0000us:  -1225     1640    
1097.1000us:  -1672     1181    
1097.2000us:  -1955      607    
1097.3000us:  -2047      -27    
1097.4000us:  -1938     -658    
1097.5000us:  -1640    -1225    
1097.6000us:  -1181    -1672    
1097.7000us:   -607    -1955    
1097.8000us:     27    -2047    
1097.9000us:    658    -1938    
1098.0000us:   1225    -1640    
1098.1000us:   1672    -1181    
1098.2000us:   1955     -607    
1098.3000us:   2047       27    
1098.4000us:   1938      658    
1098.5000us:   1640     1225    
1098.6000us:   1181     1672    
1098.7000us:    607     1955    
1098.8000us:    -27     2047    
1098.9000us:   -658     1938    
1099.0000us:  -1225     1640    
1099.1000us:  -1672     1181    
1099.2000us:  -1955      607    
1099.3000us:  -2047      -27    
1099.4000us:  -1938     -658    
1099.5000us:  -1640    -1225    
1099.6000us:  -1181    -1672    
1099.7000us:   -607    -1955    
1099.8000us:     27    -2047    
1099.9000us:    658    -1938    
1100.0000us:   1225    -1640    
1100.1000us:   1672    -1181    
1100.2000us:   1955     -607    
1100.3000us:   2047       27    
1100.4000us:   1938      658    
1100.5000us:   1640     1225    
1100.6000us:   1181     1672    
1100.7000us:    607     1955    
1100.8000us:    -27     2047    
1100.9000us:   -658     1938    
1101.0000us:  -1225     1640    
1101.1000us:  -1672     1181    
1101.2000us:  -1956      607    
1101.3000us:  -2047      -27    
1101.4000us:  -1938     -658    
1101.5000us:  -1640    -1225    
1101.6000us:  -1181    -1672    
1101.7000us:   -607    -1956    
1101.8000us:     27    -2047    
1101.9000us:    658    -1938    
1102.0000us:   1225    -1640    
1102.1000us:   1672    -1181    
1102.2000us:   1956     -607    
1102.3000us:   2047       27    
1102.4000us:   1938      658    
1102.5000us:   1640     1225    
1102.6000us:   1181     1672    
1102.7000us:    607     1956    
1102.8000us:    -27     2047    
1102.9000us:   -658     1938    
1103.0000us:  -1225     1640    
1103.1000us:  -1672     1181    
1103.2000us:  -1956      607    
1103.3000us:  -2047      -27    
1103.4000us:  -1938     -658    
1103.5000us:  -1640    -1225    
1103.6000us:  -1181    -1672    
1103.7000us:   -607    -1956    
1103.8000us:     27    -2047    
1103.9000us:    658    -1938    
1104.0000us:   1225    -1640    
1104.1000us:   1672    -1181    
1104.2000us:   1956     -607    
1104.3000us:   2047       27    
1104.4000us:   1938      658    
1104.5000us:   1640     1225    
1104.6000us:   1181     1672    
1104.7000us:    607     1956    
1104.8000us:    -27     2047    
1104.9000us:   -658     1938    
1105.0000us:  -1225     1640    
1105.1000us:  -1672     1181    
1105.2000us:  -1956      607    
1105.3000us:  -2047      -27    
1105.4000us:  -1938     -658    
1105.5000us:  -1640    -1225    
1105.6000us:  -1181    -1672    
1105.7000us:   -607    -1956    
1105.8000us:     27    -2047    
1105.9000us:    658    -1938    
1106.0000us:   1225    -1640    
1106.1000us:   1672    -1181    
1106.2000us:   1956     -607    
1106.3000us:   2047       27    
1106.4000us:   1938      658    
1106.5000us:   1640     1225    
1106.6000us:   1181     1672    
1106.7000us:    607     1956    
1106.8000us:    -27     2047    
1106.9000us:   -658     1938    
1107.0000us:  -1225     1640    
1107.1000us:  -1672     1181    
1107.2000us:  -1956      607    
1107.3000us:  -2047      -27    
1107.4000us:  -1938     -658    
1107.5000us:  -1640    -1225    
1107.6000us:  -1180    -1672    
1107.7000us:   -607    -1956    
1107.8000us:     27    -2047    
1107.9000us:    658    -1938    
1108.0000us:   1225    -1640    
1108.1000us:   1672    -1180    
1108.2000us:   1956     -607    
1108.3000us:   2047       27    
1108.4000us:   1938      658    
1108.5000us:   1640     1225    
1108.6000us:   1180     1672    
1108.7000us:    607     1956    
1108.8000us:    -27     2047    
1108.9000us:   -658     1938    
1109.0000us:  -1225     1640    
1109.1000us:  -1672     1180    
1109.2000us:  -1956      607    
1109.3000us:  -2047      -27    
1109.4000us:  -1938     -658    
1109.5000us:  -1640    -1225    
1109.6000us:  -1180    -1672    
1109.7000us:   -607    -1956    
1109.8000us:     27    -2047    
1109.9000us:    658    -1938    
1110.0000us:   1225    -1640    
1110.1000us:   1672    -1180    
1110.2000us:   1956     -607    
1110.3000us:   2047       27    
1110.4000us:   1938      658    
1110.5000us:   1640     1225    
1110.6000us:   1180     1672    
1110.7000us:    607     1956    
1110.8000us:    -27     2047    
1110.9000us:   -658     1938    
1111.0000us:  -1225     1640    
1111.1000us:  -1672     1180    
1111.2000us:  -1956      607    
1111.3000us:  -2047      -27    
1111.4000us:  -1938     -658    
1111.5000us:  -1640    -1225    
1111.6000us:  -1180    -1672    
1111.7000us:   -607    -1956    
1111.8000us:     27    -2047    
1111.9000us:    658    -1938    
1112.0000us:   1225    -1640    
1112.1000us:   1672    -1180    
1112.2000us:   1956     -607    
1112.3000us:   2047       27    
1112.4000us:   1938      658    
1112.5000us:   1640     1225    
1112.6000us:   1180     1672    
1112.7000us:    607     1956    
1112.8000us:    -27     2047    
1112.9000us:   -658     1938    
1113.0000us:  -1225     1640    
1113.1000us:  -1672     1180    
1113.2000us:  -1956      607    
1113.3000us:  -2047      -27    
1113.4000us:  -1938     -658    
1113.5000us:  -1640    -1225    
1113.6000us:  -1180    -1672    
1113.7000us:   -607    -1956    
1113.8000us:     27    -2047    
1113.9000us:    658    -1938    
1114.0000us:   1225    -1639    
1114.1000us:   1672    -1180    
1114.2000us:   1956     -607    
1114.3000us:   2047       27    
1114.4000us:   1938      658    
1114.5000us:   1639     1225    
1114.6000us:   1180     1672    
1114.7000us:    607     1956    
1114.8000us:    -27     2047    
1114.9000us:   -658     1938    
1115.0000us:  -1225     1639    
1115.1000us:  -1672     1180    
1115.2000us:  -1956      607    
1115.3000us:  -2047      -27    
1115.4000us:  -1938     -658    
1115.5000us:  -1639    -1225    
1115.6000us:  -1180    -1672    
1115.7000us:   -607    -1956    
1115.8000us:     27    -2047    
1115.9000us:    658    -1938    
1116.0000us:   1225    -1639    
1116.1000us:   1672    -1180    
1116.2000us:   1956     -607    
1116.3000us:   2047       27    
1116.4000us:   1938      658    
1116.5000us:   1639     1225    
1116.6000us:   1180     1672    
1116.7000us:    607     1956    
1116.8000us:    -27     2047    
1116.9000us:   -658     1938    
1117.0000us:  -1225     1639    
1117.1000us:  -1672     1180    
1117.2000us:  -1956      607    
1117.3000us:  -2047      -27    
1117.4000us:  -1938     -658    
1117.5000us:  -1639    -1225    
1117.6000us:  -1180    -1672    
1117.7000us:   -607    -1956    
1117.8000us:     27    -2047    
1117.9000us:    658    -1938    
1118.0000us:   1225    -1639    
1118.1000us:   1672    -1180    
1118.2000us:   1956     -607    
1118.3000us:   2047       27    
1118.4000us:   1938      658    
1118.5000us:   1639     1225    
1118.6000us:   1180     1672    
1118.7000us:    607     1956    
1118.8000us:    -27     2047    
1118.9000us:   -658     1938    
1119.0000us:  -1225     1639    
1119.1000us:  -1672     1180    
1119.2000us:  -1956      607    
1119.3000us:  -2047      -27    
1119.4000us:  -1938     -658    
1119.5000us:  -1639    -1225    
1119.6000us:  -1180    -1672    
1119.7000us:   -607    -1956    
1119.8000us:     27    -2047    
1119.9000us:    658    -1938    
1120.0000us:   1225    -1639    
1120.1000us:   1672    -1180    
1120.2000us:   1956     -607    
1120.3000us:   2047       27    
1120.4000us:   1938      659    
1120.5000us:   1639     1225    
1120.6000us:   1180     1672    
1120.7000us:    607     1956    
1120.8000us:    -27     2047    
1120.9000us:   -659     1938    
1121.0000us:  -1225     1639    
1121.1000us:  -1672     1180    
1121.2000us:  -1956      607    
1121.3000us:  -2047      -27    
1121.4000us:  -1938     -659    
1121.5000us:  -1639    -1225    
1121.6000us:  -1180    -1672    
1121.7000us:   -607    -1956    
1121.8000us:     27    -2047    
1121.9000us:    659    -1938    
1122.0000us:   1225    -1639    
1122.1000us:   1672    -1180    
1122.2000us:   1956     -607    
1122.3000us:   2047       27    
1122.4000us:   1938      659    
1122.5000us:   1639     1225    
1122.6000us:   1180     1672    
1122.7000us:    607     1956    
1122.8000us:    -27     2047    
1122.9000us:   -659     1938    
1123.0000us:  -1225     1639    
1123.1000us:  -1672     1180    
1123.2000us:  -1956      607    
1123.3000us:  -2047      -27    
1123.4000us:  -1938     -659    
1123.5000us:  -1639    -1225    
1123.6000us:  -1180    -1672    
1123.7000us:   -607    -1956    
1123.8000us:     27    -2047    
1123.9000us:    659    -1938    
1124.0000us:   1225    -1639    
1124.1000us:   1672    -1180    
1124.2000us:   1956     -607    
1124.3000us:   2047       27    
1124.4000us:   1938      659    
1124.5000us:   1639     1225    
1124.6000us:   1180     1672    
1124.7000us:    607     1956    
1124.8000us:    -27     2047    
1124.9000us:   -659     1938    
1125.0000us:  -1225     1639    
1125.1000us:  -1672     1180    
1125.2000us:  -1956      607    
1125.3000us:  -2047      -27    
1125.4000us:  -1938     -659    
1125.5000us:  -1639    -1225    
1125.6000us:  -1180    -1672    
1125.7000us:   -607    -1956    
1125.8000us:     27    -2047    
1125.9000us:    659    -1938    
1126.0000us:   1225    -1639    
1126.1000us:   1672    -1180    
1126.2000us:   1956     -607    
1126.3000us:   2047       27    
1126.4000us:   1938      659    
1126.5000us:   1639     1225    
1126.6000us:   1180     1672    
1126.7000us:    607     1956    
1126.8000us:    -28     2047    
1126.9000us:   -659     1938    
1127.0000us:  -1225     1639    
1127.1000us:  -1672     1180    
1127.2000us:  -1956      607    
1127.3000us:  -2047      -28    
1127.4000us:  -1938     -659    
1127.5000us:  -1639    -1225    
1127.6000us:  -1180    -1672    
1127.7000us:   -607    -1956    
1127.8000us:     28    -2047    
1127.9000us:    659    -1938    
1128.0000us:   1225    -1639    
1128.1000us:   1672    -1180    
1128.2000us:   1956     -607    
1128.3000us:   2047       28    
1128.4000us:   1938      659    
1128.5000us:   1639     1225    
1128.6000us:   1180     1672    
1128.7000us:    607     1956    
1128.8000us:    -28     2047    
1128.9000us:   -659     1938    
1129.0000us:  -1225     1639    
1129.1000us:  -1672     1180    
1129.2000us:  -1956      607    
1129.3000us:  -2047      -28    
1129.4000us:  -1938     -659    
1129.5000us:  -1639    -1225    
1129.6000us:  -1180    -1672    
1129.7000us:   -607    -1956    
1129.8000us:     28    -2047    
1129.9000us:    659    -1938    
1130.0000us:   1225    -1639    
1130.1000us:   1672    -1180    
1130.2000us:   1956     -607    
1130.3000us:   2047       28    
1130.4000us:   1938      659    
1130.5000us:   1639     1225    
1130.6000us:   1180     1672    
1130.7000us:    607     1956    
1130.8000us:    -28     2047    
1130.9000us:   -659     1938    
1131.0000us:  -1225     1639    
1131.1000us:  -1672     1180    
1131.2000us:  -1956      607    
1131.3000us:  -2047      -28    
1131.4000us:  -1938     -659    
1131.5000us:  -1639    -1225    
1131.6000us:  -1180    -1672    
1131.7000us:   -607    -1956    
1131.8000us:     28    -2047    
1131.9000us:    659    -1938    
1132.0000us:   1225    -1639    
1132.1000us:   1672    -1180    
1132.2000us:   1956     -607    
1132.3000us:   2047       28    
1132.4000us:   1938      659    
1132.5000us:   1639     1225    
1132.6000us:   1180     1672    
1132.7000us:    607     1956    
1132.8000us:    -28     2047    
1132.9000us:   -659     1938    
1133.0000us:  -1225     1639    
1133.1000us:  -1672     1180    
1133.2000us:  -1955      606    
1133.3000us:  -2047      -28    
1133.4000us:  -1938     -659    
1133.5000us:  -1639    -1225    
1133.6000us:  -1180    -1672    
1133.7000us:   -606    -1955    
1133.8000us:     28    -2047    
1133.9000us:    659    -1938    
1134.0000us:   1225    -1639    
1134.1000us:   1672    -1180    
1134.2000us:   1955     -606    
1134.3000us:   2047       28    
1134.4000us:   1938      659    
1134.5000us:   1639     1225    
1134.6000us:   1180     1672    
1134.7000us:    606     1955    
1134.8000us:    -28     2047    
1134.9000us:   -659     1938    
1135.0000us:  -1225     1639    
1135.1000us:  -1672     1180    
1135.2000us:  -1955      606    
1135.3000us:  -2047      -28    
1135.4000us:  -1938     -659    
1135.5000us:  -1639    -1225    
1135.6000us:  -1180    -1672    
1135.7000us:   -606    -1955    
1135.8000us:     28    -2047    
1135.9000us:    659    -1938    
1136.0000us:   1225    -1639    
1136.1000us:   1672    -1180    
1136.2000us:   1955     -606    
1136.3000us:   2047       28    
1136.4000us:   1938      659    
1136.5000us:   1639     1225    
1136.6000us:   1180     1672    
1136.7000us:    606     1955    
1136.8000us:    -28     2047    
1136.9000us:   -659     1938    
1137.0000us:  -1225     1639    
1137.1000us:  -1672     1180    
1137.2000us:  -1955      606    
1137.3000us:  -2047      -28    
1137.4000us:  -1938     -659    
1137.5000us:  -1639    -1225    
1137.6000us:  -1180    -1672    
1137.7000us:   -606    -1955    
1137.8000us:     28    -2047    
1137.9000us:    659    -1938    
1138.0000us:   1225    -1639    
1138.1000us:   1672    -1180    
1138.2000us:   1955     -606    
1138.3000us:   2047       28    
1138.4000us:   1938      659    
1138.5000us:   1639     1225    
1138.6000us:   1180     1672    
1138.7000us:    606     1955    
1138.8000us:    -28     2047    
1138.9000us:   -659     1938    
1139.0000us:  -1225     1639    
1139.1000us:  -1672     1180    
1139.2000us:  -1955      606    
1139.3000us:  -2047      -28    
1139.4000us:  -1938     -659    
1139.5000us:  -1639    -1225    
1139.6000us:  -1180    -1673    
1139.7000us:   -606    -1955    
1139.8000us:     28    -2047    
1139.9000us:    659    -1938    
1140.0000us:   1225    -1639    
1140.1000us:   1673    -1180    
1140.2000us:   1955     -606    
1140.3000us:   2047       28    
1140.4000us:   1938      659    
1140.5000us:   1639     1225    
1140.6000us:   1180     1673    
1140.7000us:    606     1955    
1140.8000us:    -28     2047    
1140.9000us:   -659     1938    
1141.0000us:  -1225     1639    
1141.1000us:  -1673     1180    
1141.2000us:  -1955      606    
1141.3000us:  -2047      -28    
1141.4000us:  -1938     -659    
1141.5000us:  -1639    -1225    
1141.6000us:  -1180    -1673    
1141.7000us:   -606    -1955    
1141.8000us:     28    -2047    
1141.9000us:    659    -1938    
1142.0000us:   1225    -1639    
1142.1000us:   1673    -1180    
1142.2000us:   1955     -606    
1142.3000us:   2047       28    
1142.4000us:   1938      659    
1142.5000us:   1639     1225    
1142.6000us:   1180     1673    
1142.7000us:    606     1955    
1142.8000us:    -28     2047    
1142.9000us:   -659     1938    
1143.0000us:  -1225     1639    
1143.1000us:  -1673     1180    
1143.2000us:  -1955      606    
1143.3000us:  -2047      -28    
1143.4000us:  -1938     -659    
1143.5000us:  -1639    -1225    
1143.6000us:  -1180    -1673    
1143.7000us:   -606    -1955    
1143.8000us:     28    -2047    
1143.9000us:    659    -1938    
1144.0000us:   1225    -1639    
1144.1000us:   1673    -1180    
1144.2000us:   1955     -606    
1144.3000us:   2047       28    
1144.4000us:   1938      659    
1144.5000us:   1639     1225    
1144.6000us:   1180     1673    
1144.7000us:    606     1955    
1144.8000us:    -28     2047    
1144.9000us:   -659     1938    
1145.0000us:  -1225     1639    
1145.1000us:  -1673     1180    
1145.2000us:  -1955      606    
1145.3000us:  -2047      -28    
1145.4000us:  -1938     -659    
1145.5000us:  -1639    -1225    
1145.6000us:  -1180    -1673    
1145.7000us:   -606    -1955    
1145.8000us:     28    -2047    
1145.9000us:    659    -1938    
1146.0000us:   1226    -1639    
1146.1000us:   1673    -1180    
1146.2000us:   1955     -606    
1146.3000us:   2047       28    
1146.4000us:   1938      659    
1146.5000us:   1639     1226    
1146.6000us:   1180     1673    
1146.7000us:    606     1955    
1146.8000us:    -28     2047    
1146.9000us:   -659     1938    
1147.0000us:  -1226     1639    
1147.1000us:  -1673     1180    
1147.2000us:  -1955      606    
1147.3000us:  -2047      -28    
1147.4000us:  -1938     -659    
1147.5000us:  -1639    -1226    
1147.6000us:  -1180    -1673    
1147.7000us:   -606    -1955    
1147.8000us:     28    -2047    
1147.9000us:    659    -1938    
1148.0000us:   1226    -1639    
1148.1000us:   1673    -1180    
1148.2000us:   1955     -606    
1148.3000us:   2047       28    
1148.4000us:   1938      659    
1148.5000us:   1639     1226    
1148.6000us:   1180     1673    
1148.7000us:    606     1955    
1148.8000us:    -28     2047    
1148.9000us:   -659     1938    
1149.0000us:  -1226     1639    
1149.1000us:  -1673     1180    
1149.2000us:  -1955      606    
1149.3000us:  -2047      -28    
1149.4000us:  -1938     -659    
1149.5000us:  -1639    -1226    
1149.6000us:  -1180    -1673    
1149.7000us:   -606    -1955    
1149.8000us:     28    -2047    
1149.9000us:    659    -1938    
1150.0000us:   1226    -1639    
1150.1000us:   1673    -1180    
1150.2000us:   1955     -606    
1150.3000us:   2047       28    
1150.4000us:   1938      659    
1150.5000us:   1639     1226    
1150.6000us:   1180     1673    
1150.7000us:    606     1955    
1150.8000us:    -28     2047    
1150.9000us:   -659     1938    
1151.0000us:  -1226     1639    
1151.1000us:  -1673     1180    
1151.2000us:  -1955      606    
1151.3000us:  -2047      -28    
1151.4000us:  -1938     -659    
1151.5000us:  -1639    -1226    
1151.6000us:  -1180    -1673    
1151.7000us:   -606    -1955    
1151.8000us:     28    -2047    
1151.9000us:    659    -1938    
1152.0000us:   1226    -1639    
1152.1000us:   1673    -1180    
1152.2000us:   1955     -606    
1152.3000us:   2047       28    
1152.4000us:   1938      660    
1152.5000us:   1639     1226    
1152.6000us:   1180     1673    
1152.7000us:    606     1955    
1152.8000us:    -28     2047    
1152.9000us:   -660     1938    
1153.0000us:  -1226     1639    
1153.1000us:  -1673     1180    
1153.2000us:  -1955      606    
1153.3000us:  -2047      -28    
1153.4000us:  -1938     -660    
1153.5000us:  -1639    -1226    
1153.6000us:  -1180    -1673    
1153.7000us:   -606    -1955    
1153.8000us:     28    -2047    
1153.9000us:    660    -1938    
1154.0000us:   1226    -1639    
1154.1000us:   1673    -1180    
1154.2000us:   1955     -606    
1154.3000us:   2047       28    
1154.4000us:   1938      660    
1154.5000us:   1639     1226    
1154.6000us:   1180     1673    
1154.7000us:    606     1955    
1154.8000us:    -28     2047    
1154.9000us:   -660     1938    
1155.0000us:  -1226     1639    
1155.1000us:  -1673     1180    
1155.2000us:  -1955      606    
1155.3000us:  -2047      -28    
1155.4000us:  -1938     -660    
1155.5000us:  -1639    -1226    
1155.6000us:  -1180    -1673    
1155.7000us:   -606    -1955    
1155.8000us:     28    -2047    
1155.9000us:    660    -1938    
1156.0000us:   1226    -1639    
1156.1000us:   1673    -1180    
1156.2000us:   1955     -606    
1156.3000us:   2047       28    
1156.4000us:   1938      660    
1156.5000us:   1639     1226    
1156.6000us:   1180     1673    
1156.7000us:    606     1955    
1156.8000us:    -28     2047    
1156.9000us:   -660     1938    
1157.0000us:  -1226     1639    
1157.1000us:  -1673     1180    
1157.2000us:  -1955      606    
1157.3000us:  -2047      -28    
1157.4000us:  -1938     -660    
1157.5000us:  -1639    -1226    
1157.6000us:  -1180    -1673    
1157.7000us:   -606    -1955    
1157.8000us:     28    -2047    
1157.9000us:    660    -1938    
1158.0000us:   1226    -1639    
1158.1000us:   1673    -1180    
1158.2000us:   1955     -606    
1158.3000us:   2047       28    
1158.4000us:   1938      660    
1158.5000us:   1639     1226    
1158.6000us:   1180     1673    
1158.7000us:    606     1955    
1158.8000us:    -29     2047    
1158.9000us:   -660     1938    
1159.0000us:  -1226     1639    
1159.1000us:  -1673     1180    
1159.2000us:  -1955      606    
1159.3000us:  -2047      -29    
1159.4000us:  -1938     -660    
1159.5000us:  -1639    -1226    
1159.6000us:  -1180    -1673    
1159.7000us:   -606    -1955    
1159.8000us:     29    -2047    
1159.9000us:    660    -1938    
1160.0000us:   1226    -1639    
1160.1000us:   1673    -1180    
1160.2000us:   1955     -606    
1160.3000us:   2047       29    
1160.4000us:   1938      660    
1160.5000us:   1639     1226    
1160.6000us:   1180     1673    
1160.7000us:    606     1955    
1160.8000us:    -29     2047    
1160.9000us:   -660     1938    
1161.0000us:  -1226     1639    
1161.1000us:  -1673     1180    
1161.2000us:  -1955      606    
1161.3000us:  -2047      -29    
1161.4000us:  -1938     -660    
1161.5000us:  -1639    -1226    
1161.6000us:  -1180    -1673    
1161.7000us:   -606    -1955    
1161.8000us:     29    -2047    
1161.9000us:    660    -1938    
1162.0000us:   1226    -1639    
1162.1000us:   1673    -1180    
1162.2000us:   1955     -606    
1162.3000us:   2047       29    
1162.4000us:   1938      660    
1162.5000us:   1639     1226    
1162.6000us:   1180     1673    
1162.7000us:    606     1955    
1162.8000us:    -29     2047    
1162.9000us:   -660     1938    
1163.0000us:  -1226     1639    
1163.1000us:  -1673     1180    
1163.2000us:  -1955      606    
1163.3000us:  -2047      -29    
1163.4000us:  -1938     -660    
1163.5000us:  -1639    -1226    
1163.6000us:  -1180    -1673    
1163.7000us:   -606    -1955    
1163.8000us:     29    -2047    
1163.9000us:    660    -1938    
1164.0000us:   1226    -1639    
1164.1000us:   1673    -1180    
1164.2000us:   1955     -606    
1164.3000us:   2047       29    
1164.4000us:   1938      660    
1164.5000us:   1639     1226    
1164.6000us:   1180     1673    
1164.7000us:    606     1955    
1164.8000us:    -29     2047    
1164.9000us:   -660     1938    
1165.0000us:  -1226     1639    
1165.1000us:  -1673     1180    
1165.2000us:  -1956      605    
1165.3000us:  -2047      -29    
1165.4000us:  -1938     -660    
1165.5000us:  -1639    -1226    
1165.6000us:  -1180    -1673    
1165.7000us:   -605    -1956    
1165.8000us:     29    -2047    
1165.9000us:    660    -1938    
1166.0000us:   1226    -1639    
1166.1000us:   1673    -1180    
1166.2000us:   1956     -605    
1166.3000us:   2047       29    
1166.4000us:   1938      660    
1166.5000us:   1639     1226    
1166.6000us:   1180     1673    
1166.7000us:    605     1956    
1166.8000us:    -29     2047    
1166.9000us:   -660     1938    
1167.0000us:  -1226     1639    
1167.1000us:  -1673     1180    
1167.2000us:  -1956      605    
1167.3000us:  -2047      -29    
1167.4000us:  -1938     -660    
1167.5000us:  -1639    -1226    
1167.6000us:  -1180    -1673    
1167.7000us:   -605    -1956    
1167.8000us:     29    -2047    
1167.9000us:    660    -1938    
1168.0000us:   1226    -1639    
1168.1000us:   1673    -1180    
1168.2000us:   1956     -605    
1168.3000us:   2047       29    
1168.4000us:   1938      660    
1168.5000us:   1639     1226    
1168.6000us:   1180     1673    
1168.7000us:    605     1956    
1168.8000us:    -29     2047    
1168.9000us:   -660     1938    
1169.0000us:  -1226     1639    
1169.1000us:  -1673     1180    
1169.2000us:  -1956      605    
1169.3000us:  -2047      -29    
1169.4000us:  -1938     -660    
1169.5000us:  -1639    -1226    
1169.6000us:  -1180    -1673    
1169.7000us:   -605    -1956    
1169.8000us:     29    -2047    
1169.9000us:    660    -1938    
1170.0000us:   1226    -1639    
1170.1000us:   1673    -1180    
1170.2000us:   1956     -605    
1170.3000us:   2047       29    
1170.4000us:   1938      660    
1170.5000us:   1639     1226    
1170.6000us:   1180     1673    
1170.7000us:    605     1956    
1170.8000us:    -29     2047    
1170.9000us:   -660     1938    
1171.0000us:  -1226     1639    
1171.1000us:  -1673     1180    
1171.2000us:  -1956      605    
1171.3000us:  -2047      -29    
1171.4000us:  -1938     -660    
1171.5000us:  -1639    -1226    
1171.6000us:  -1179    -1673    
1171.7000us:   -605    -1956    
1171.8000us:     29    -2047    
1171.9000us:    660    -1938    
1172.0000us:   1226    -1639    
1172.1000us:   1673    -1179    
1172.2000us:   1956     -605    
1172.3000us:   2047       29    
1172.4000us:   1938      660    
1172.5000us:   1639     1226    
1172.6000us:   1179     1673    
1172.7000us:    605     1956    
1172.8000us:    -29     2047    
1172.9000us:   -660     1938    
1173.0000us:  -1226     1639    
1173.1000us:  -1673     1179    
1173.2000us:  -1956      605    
1173.3000us:  -2047      -29    
1173.4000us:  -1938     -660    
1173.5000us:  -1639    -1226    
1173.6000us:  -1179    -1673    
1173.7000us:   -605    -1956    
1173.8000us:     29    -2047    
1173.9000us:    660    -1938    
1174.0000us:   1226    -1639    
1174.1000us:   1673    -1179    
1174.2000us:   1956     -605    
1174.3000us:   2047       29    
1174.4000us:   1938      660    
1174.5000us:   1639     1226    
1174.6000us:   1179     1673    
1174.7000us:    605     1956    
1174.8000us:    -29     2047    
1174.9000us:   -660     1938    
1175.0000us:  -1226     1639    
1175.1000us:  -1673     1179    
1175.2000us:  -1956      605    
1175.3000us:  -2047      -29    
1175.4000us:  -1938     -660    
1175.5000us:  -1639    -1226    
1175.6000us:  -1179    -1673    
1175.7000us:   -605    -1956    
1175.8000us:     29    -2047    
1175.9000us:    660    -1938    
1176.0000us:   1226    -1639    
1176.1000us:   1673    -1179    
1176.2000us:   1956     -605    
1176.3000us:   2047       29    
1176.4000us:   1938      660    
1176.5000us:   1639     1226    
1176.6000us:   1179     1673    
1176.7000us:    605     1956    
1176.8000us:    -29     2047    
1176.9000us:   -660     1938    
1177.0000us:  -1226     1639    
1177.1000us:  -1673     1179    
1177.2000us:  -1956      605    
1177.3000us:  -2047      -29    
1177.4000us:  -1938     -660    
1177.5000us:  -1639    -1226    
1177.6000us:  -1179    -1673    
1177.7000us:   -605    -1956    
1177.8000us:     29    -2047    
1177.9000us:    660    -1938    
1178.0000us:   1226    -1638    
1178.1000us:   1673    -1179    
1178.2000us:   1956     -605    
1178.3000us:   2047       29    
1178.4000us:   1938      660    
1178.5000us:   1638     1226    
1178.6000us:   1179     1673    
1178.7000us:    605     1956    
1178.8000us:    -29     2047    
1178.9000us:   -660     1938    
1179.0000us:  -1226     1638    
1179.1000us:  -1673     1179    
1179.2000us:  -1956      605    
1179.3000us:  -2047      -29    
1179.4000us:  -1938     -660    
1179.5000us:  -1638    -1226    
1179.6000us:  -1179    -1673    
1179.7000us:   -605    -1956    
1179.8000us:     29    -2047    
1179.9000us:    660    -1938    
1180.0000us:   1226    -1638    
1180.1000us:   1673    -1179    
1180.2000us:   1956     -605    
1180.3000us:   2047       29    
1180.4000us:   1938      660    
1180.5000us:   1638     1226    
1180.6000us:   1179     1673    
1180.7000us:    605     1956    
1180.8000us:    -29     2047    
1180.9000us:   -660     1938    
1181.0000us:  -1226     1638    
1181.1000us:  -1673     1179    
1181.2000us:  -1956      605    
1181.3000us:  -2047      -29    
1181.4000us:  -1938     -660    
1181.5000us:  -1638    -1226    
1181.6000us:  -1179    -1673    
1181.7000us:   -605    -1956    
1181.8000us:     29    -2047    
1181.9000us:    660    -1938    
1182.0000us:   1226    -1638    
1182.1000us:   1673    -1179    
1182.2000us:   1956     -605    
1182.3000us:   2047       29    
1182.4000us:   1938      660    
1182.5000us:   1638     1226    
1182.6000us:   1179     1673    
1182.7000us:    605     1956    
1182.8000us:    -29     2047    
1182.9000us:   -660     1938    
1183.0000us:  -1226     1638    
1183.1000us:  -1673     1179    
1183.2000us:  -1956      605    
1183.3000us:  -2047      -29    
1183.4000us:  -1938     -660    
1183.5000us:  -1638    -1226    
1183.6000us:  -1179    -1673    
1183.7000us:   -605    -1956    
1183.8000us:     29    -2047    
1183.9000us:    660    -1938    
1184.0000us:   1226    -1638    
1184.1000us:   1673    -1179    
1184.2000us:   1956     -605    
1184.3000us:   2047       29    
1184.4000us:   1938      660    
1184.5000us:   1638     1226    
1184.6000us:   1179     1673    
1184.7000us:    605     1956    
1184.8000us:    -29     2047    
1184.9000us:   -660     1938    
1185.0000us:  -1226     1638    
1185.1000us:  -1673     1179    
1185.2000us:  -1956      605    
1185.3000us:  -2047      -29    
1185.4000us:  -1938     -660    
1185.5000us:  -1638    -1226    
1185.6000us:  -1179    -1673    
1185.7000us:   -605    -1956    
1185.8000us:     29    -2047    
1185.9000us:    660    -1938    
1186.0000us:   1226    -1638    
1186.1000us:   1673    -1179    
1186.2000us:   1956     -605    
1186.3000us:   2047       29    
1186.4000us:   1938      660    
1186.5000us:   1638     1226    
1186.6000us:   1179     1673    
1186.7000us:    605     1956    
1186.8000us:    -29     2047    
1186.9000us:   -660     1938    
1187.0000us:  -1226     1638    
1187.1000us:  -1673     1179    
1187.2000us:  -1956      605    
1187.3000us:  -2047      -29    
1187.4000us:  -1938     -660    
1187.5000us:  -1638    -1226    
1187.6000us:  -1179    -1673    
1187.7000us:   -605    -1956    
1187.8000us:     29    -2047    
1187.9000us:    660    -1938    
1188.0000us:   1226    -1638    
1188.1000us:   1673    -1179    
1188.2000us:   1956     -605    
1188.3000us:   2047       29    
1188.4000us:   1938      660    
1188.5000us:   1638     1226    
1188.6000us:   1179     1673    
1188.7000us:    605     1956    
1188.8000us:    -29     2047    
1188.9000us:   -660     1938    
1189.0000us:  -1226     1638    
1189.1000us:  -1673     1179    
1189.2000us:  -1956      605    
1189.3000us:  -2047      -29    
1189.4000us:  -1938     -660    
1189.5000us:  -1638    -1226    
1189.6000us:  -1179    -1673    
1189.7000us:   -605    -1956    
1189.8000us:     29    -2047    
1189.9000us:    660    -1938    
1190.0000us:   1226    -1638    
1190.1000us:   1673    -1179    
1190.2000us:   1956     -605    
1190.3000us:   2047       29    
1190.4000us:   1938      660    
1190.5000us:   1638     1226    
1190.6000us:   1179     1673    
1190.7000us:    605     1956    
1190.8000us:    -29     2047    
1190.9000us:   -660     1938    
1191.0000us:  -1226     1638    
1191.1000us:  -1673     1179    
1191.2000us:  -1956      605    
1191.3000us:  -2047      -29    
1191.4000us:  -1938     -660    
1191.5000us:  -1638    -1226    
1191.6000us:  -1179    -1673    
1191.7000us:   -605    -1956    
1191.8000us:     29    -2047    
1191.9000us:    660    -1938    
1192.0000us:   1226    -1638    
1192.1000us:   1673    -1179    
1192.2000us:   1956     -605    
1192.3000us:   2047       29    
1192.4000us:   1938      660    
1192.5000us:   1638     1226    
1192.6000us:   1179     1673    
1192.7000us:    605     1956    
1192.8000us:    -29     2047    
1192.9000us:   -660     1938    
1193.0000us:  -1226     1638    
1193.1000us:  -1673     1179    
1193.2000us:  -1956      605    
1193.3000us:  -2047      -29    
1193.4000us:  -1938     -660    
1193.5000us:  -1638    -1226    
1193.6000us:  -1179    -1673    
1193.7000us:   -605    -1956    
1193.8000us:     29    -2047    
1193.9000us:    660    -1938    
1194.0000us:   1226    -1638    
1194.1000us:   1673    -1179    
1194.2000us:   1956     -605    
1194.3000us:   2047       29    
1194.4000us:   1938      660    
1194.5000us:   1638     1226    
1194.6000us:   1179     1673    
1194.7000us:    605     1956    
1194.8000us:    -29     2047    
1194.9000us:   -660     1938    
1195.0000us:  -1226     1638    
1195.1000us:  -1673     1179    
1195.2000us:  -1956      605    
1195.3000us:  -2047      -29    
1195.4000us:  -1938     -660    
1195.5000us:  -1638    -1226    
1195.6000us:  -1179    -1673    
1195.7000us:   -605    -1956    
1195.8000us:     29    -2047    
1195.9000us:    660    -1938    
1196.0000us:   1226    -1638    
1196.1000us:   1673    -1179    
1196.2000us:   1956     -605    
1196.3000us:   2047       29    
1196.4000us:   1938      660    
1196.5000us:   1638     1226    
1196.6000us:   1179     1673    
1196.7000us:    605     1956    
1196.8000us:    -29     2047    
1196.9000us:   -660     1938    
1197.0000us:  -1226     1638    
1197.1000us:  -1673     1179    
1197.2000us:  -1956      604    
1197.3000us:  -2047      -29    
1197.4000us:  -1938     -660    
1197.5000us:  -1638    -1226    
1197.6000us:  -1179    -1673    
1197.7000us:   -604    -1956    
1197.8000us:     29    -2047    
1197.9000us:    660    -1938    
1198.0000us:   1226    -1638    
1198.1000us:   1673    -1179    
1198.2000us:   1956     -604    
1198.3000us:   2047       29    
1198.4000us:   1938      660    
1198.5000us:   1638     1226    
1198.6000us:   1179     1673    
1198.7000us:    604     1956    
1198.8000us:    -29     2047    
1198.9000us:   -660     1938    
1199.0000us:  -1226     1638    
1199.1000us:  -1673     1179    
1199.2000us:  -1956      604    
1199.3000us:  -2047      -29    
1199.4000us:  -1938     -660    
1199.5000us:  -1638    -1226    
1199.6000us:  -1179    -1673    
1199.7000us:   -604    -1956    
1199.8000us:     29    -2047    
1199.9000us:    660    -1938    
1200.0000us:   1226    -1638    
1200.1000us:   1673    -1179    
1200.2000us:   1956     -604    
1200.3000us:   2047       29    
1200.4000us:   1938      660    
1200.5000us:   1638     1226    
1200.6000us:   1179     1673    
1200.7000us:    604     1956    
1200.8000us:    -29     2047    
1200.9000us:   -660     1938    
1201.0000us:  -1226     1638    
1201.1000us:  -1673     1179    
1201.2000us:  -1956      604    
1201.3000us:  -2047      -29    
1201.4000us:  -1938     -660    
1201.5000us:  -1638    -1226    
1201.6000us:  -1179    -1673    
1201.7000us:   -604    -1956    
1201.8000us:     29    -2047    
1201.9000us:    660    -1938    
1202.0000us:   1226    -1638    
1202.1000us:   1673    -1179    
1202.2000us:   1956     -604    
1202.3000us:   2047       29    
1202.4000us:   1938      660    
1202.5000us:   1638     1226    
1202.6000us:   1179     1673    
1202.7000us:    604     1956    
1202.8000us:    -29     2047    
1202.9000us:   -660     1938    
1203.0000us:  -1226     1638    
1203.1000us:  -1673     1179    
1203.2000us:  -1956      604    
1203.3000us:  -2047      -29    
1203.4000us:  -1938     -660    
1203.5000us:  -1638    -1226    
1203.6000us:  -1178    -1673    
1203.7000us:   -604    -1956    
1203.8000us:     29    -2047    
1203.9000us:    660    -1938    
1204.0000us:   1226    -1638    
1204.1000us:   1673    -1178    
1204.2000us:   1956     -604    
1204.3000us:   2047       29    
1204.4000us:   1938      660    
1204.5000us:   1638     1226    
1204.6000us:   1178     1673    
1204.7000us:    604     1956    
1204.8000us:    -29     2047    
1204.9000us:   -660     1938    
1205.0000us:  -1226     1638    
1205.1000us:  -1673     1178    
1205.2000us:  -1956      604    
1205.3000us:  -2047      -29    
1205.4000us:  -1938     -660    
1205.5000us:  -1638    -1226    
1205.6000us:  -1178    -1673    
1205.7000us:   -604    -1956    
1205.8000us:     29    -2047    
1205.9000us:    660    -1938    
1206.0000us:   1226    -1638    
1206.1000us:   1673    -1178    
1206.2000us:   1956     -604    
1206.3000us:   2047       29    
1206.4000us:   1938      660    
1206.5000us:   1638     1226    
1206.6000us:   1178     1673    
1206.7000us:    604     1956    
1206.8000us:    -29     2047    
1206.9000us:   -660     1938    
1207.0000us:  -1226     1638    
1207.1000us:  -1673     1178    
1207.2000us:  -1956      604    
1207.3000us:  -2047      -29    
1207.4000us:  -1938     -660    
1207.5000us:  -1638    -1226    
1207.6000us:  -1178    -1673    
1207.7000us:   -604    -1956    
1207.8000us:     29    -2047    
1207.9000us:    660    -1938    
1208.0000us:   1226    -1638    
1208.1000us:   1673    -1178    
1208.2000us:   1956     -604    
1208.3000us:   2047       29    
1208.4000us:   1938      660    
1208.5000us:   1638     1226    
1208.6000us:   1178     1673    
1208.7000us:    604     1956    
1208.8000us:    -29     2047    
1208.9000us:   -660     1938    
1209.0000us:  -1226     1638    
1209.1000us:  -1673     1178    
1209.2000us:  -1956      604    
1209.3000us:  -2047      -29    
1209.4000us:  -1938     -660    
1209.5000us:  -1638    -1226    
1209.6000us:  -1178    -1673    
1209.7000us:   -604    -1956    
1209.8000us:     29    -2047    
1209.9000us:    660    -1938    
1210.0000us:   1227    -1638    
1210.1000us:   1673    -1178    
1210.2000us:   1956     -604    
1210.3000us:   2047       29    
1210.4000us:   1938      660    
1210.5000us:   1638     1227    
1210.6000us:   1178     1673    
1210.7000us:    604     1956    
1210.8000us:    -29     2047    
1210.9000us:   -660     1938    
1211.0000us:  -1227     1638    
1211.1000us:  -1673     1178    
1211.2000us:  -1956      604    
1211.3000us:  -2047      -29    
1211.4000us:  -1938     -660    
1211.5000us:  -1638    -1227    
1211.6000us:  -1178    -1673    
1211.7000us:   -604    -1956    
1211.8000us:     29    -2047    
1211.9000us:    660    -1938    
1212.0000us:   1227    -1638    
1212.1000us:   1673    -1178    
1212.2000us:   1956     -604    
1212.3000us:   2047       29    
1212.4000us:   1938      660    
1212.5000us:   1638     1227    
1212.6000us:   1178     1673    
1212.7000us:    604     1956    
1212.8000us:    -29     2047    
1212.9000us:   -660     1938    
1213.0000us:  -1227     1638    
1213.1000us:  -1673     1178    
1213.2000us:  -1956      604    
1213.3000us:  -2047      -29    
1213.4000us:  -1938     -660    
1213.5000us:  -1638    -1227    
1213.6000us:  -1178    -1673    
1213.7000us:   -604    -1956    
1213.8000us:     29    -2047    
1213.9000us:    660    -1938    
1214.0000us:   1227    -1638    
1214.1000us:   1673    -1178    
1214.2000us:   1956     -604    
1214.3000us:   2047       29    
1214.4000us:   1938      660    
1214.5000us:   1638     1227    
1214.6000us:   1178     1673    
1214.7000us:    604     1956    
1214.8000us:    -29     2047    
1214.9000us:   -660     1938    
1215.0000us:  -1227     1638    
1215.1000us:  -1673     1178    
1215.2000us:  -1956      604    
1215.3000us:  -2047      -29    
1215.4000us:  -1938     -660    
1215.5000us:  -1638    -1227    
1215.6000us:  -1178    -1673    
1215.7000us:   -604    -1956    
1215.8000us:     29    -2047    
1215.9000us:    660    -1938    
1216.0000us:   1227    -1638    
1216.1000us:   1673    -1178    
1216.2000us:   1956     -604    
1216.3000us:   2047       29    
1216.4000us:   1937      661    
1216.5000us:   1638     1227    
1216.6000us:   1178     1673    
1216.7000us:    604     1956    
1216.8000us:    -29     2047    
1216.9000us:   -661     1937    
1217.0000us:  -1227     1638    
1217.1000us:  -1673     1178    
1217.2000us:  -1956      604    
1217.3000us:  -2047      -29    
1217.4000us:  -1937     -661    
1217.5000us:  -1638    -1227    
1217.6000us:  -1178    -1673    
1217.7000us:   -604    -1956    
1217.8000us:     29    -2047    
1217.9000us:    661    -1937    
1218.0000us:   1227    -1638    
1218.1000us:   1673    -1178    
1218.2000us:   1956     -604    
1218.3000us:   2047       29    
1218.4000us:   1937      661    
1218.5000us:   1638     1227    
1218.6000us:   1178     1673    
1218.7000us:    604     1956    
1218.8000us:    -29     2047    
1218.9000us:   -661     1937    
1219.0000us:  -1227     1638    
1219.1000us:  -1673     1178    
1219.2000us:  -1956      604    
1219.3000us:  -2047      -29    
1219.4000us:  -1937     -661    
1219.5000us:  -1638    -1227    
1219.6000us:  -1178    -1673    
1219.7000us:   -604    -1956    
1219.8000us:     29    -2047    
1219.9000us:    661    -1937    
1220.0000us:   1227    -1638    
1220.1000us:   1673    -1178    
1220.2000us:   1956     -604    
1220.3000us:   2047       29    
1220.4000us:   1937      661    
1220.5000us:   1638     1227    
1220.6000us:   1178     1673    
1220.7000us:    604     1956    
1220.8000us:    -29     2047    
1220.9000us:   -661     1937    
1221.0000us:  -1227     1638    
1221.1000us:  -1673     1178    
1221.2000us:  -1956      604    
1221.3000us:  -2047      -29    
1221.4000us:  -1937     -661    
1221.5000us:  -1638    -1227    
1221.6000us:  -1178    -1673    
1221.7000us:   -604    -1956    
1221.8000us:     29    -2047    
1221.9000us:    661    -1937    
1222.0000us:   1227    -1638    
1222.1000us:   1673    -1178    
1222.2000us:   1956     -604    
1222.3000us:   2047       29    
1222.4000us:   1937      661    
1222.5000us:   1638     1227    
1222.6000us:   1178     1673    
1222.7000us:    604     1956    
1222.8000us:    -30     2047    
1222.9000us:   -661     1937    
1223.0000us:  -1227     1638    
1223.1000us:  -1673     1178    
1223.2000us:  -1956      604    
1223.3000us:  -2047      -30    
1223.4000us:  -1937     -661    
1223.5000us:  -1638    -1227    
1223.6000us:  -1178    -1673    
1223.7000us:   -604    -1956    
1223.8000us:     30    -2047    
1223.9000us:    661    -1937    
1224.0000us:   1227    -1638    
1224.1000us:   1673    -1178    
1224.2000us:   1956     -604    
1224.3000us:   2047       30    
1224.4000us:   1937      661    
1224.5000us:   1638     1227    
1224.6000us:   1178     1673    
1224.7000us:    604     1956    
1224.8000us:    -30     2047    
1224.9000us:   -661     1937    
1225.0000us:  -1227     1638    
1225.1000us:  -1673     1178    
1225.2000us:  -1956      604    
1225.3000us:  -2047      -30    
1225.4000us:  -1937     -661    
1225.5000us:  -1638    -1227    
1225.6000us:  -1178    -1673    
1225.7000us:   -604    -1956    
1225.8000us:     30    -2047    
1225.9000us:    661    -1937    
1226.0000us:   1227    -1638    
1226.1000us:   1673    -1178    
1226.2000us:   1956     -604    
1226.3000us:   2047       30    
1226.4000us:   1937      661    
1226.5000us:   1638     1227    
1226.6000us:   1178     1673    
1226.7000us:    604     1956    
1226.8000us:    -30     2047    
1226.9000us:   -661     1937    
1227.0000us:  -1227     1638    
1227.1000us:  -1673     1178    
1227.2000us:  -1956      604    
1227.3000us:  -2047      -30    
1227.4000us:  -1937     -661    
1227.5000us:  -1638    -1227    
1227.6000us:  -1178    -1673    
1227.7000us:   -604    -1956    
1227.8000us:     30    -2047    
1227.9000us:    661    -1937    
1228.0000us:   1227    -1638    
1228.1000us:   1673    -1178    
1228.2000us:   1956     -604    
1228.3000us:   2047       30    
1228.4000us:   1937      661    
1228.5000us:   1638     1227    
1228.6000us:   1178     1673    
1228.7000us:    604     1956    
1228.8000us:    -30     2047    
1228.9000us:   -661     1937    
1229.0000us:  -1227     1638    
1229.1000us:  -1673     1178    
1229.2000us:  -1956      603    
1229.3000us:  -2047      -30    
1229.4000us:  -1937     -661    
1229.5000us:  -1638    -1227    
1229.6000us:  -1178    -1673    
1229.7000us:   -603    -1956    
1229.8000us:     30    -2047    
1229.9000us:    661    -1937    
1230.0000us:   1227    -1638    
1230.1000us:   1673    -1178    
1230.2000us:   1956     -603    
1230.3000us:   2047       30    
1230.4000us:   1937      661    
1230.5000us:   1638     1227    
1230.6000us:   1178     1673    
1230.7000us:    603     1956    
1230.8000us:    -30     2047    
1230.9000us:   -661     1937    
1231.0000us:  -1227     1638    
1231.1000us:  -1673     1178    
1231.2000us:  -1956      603    
1231.3000us:  -2047      -30    
1231.4000us:  -1937     -661    
1231.5000us:  -1638    -1227    
1231.6000us:  -1178    -1673    
1231.7000us:   -603    -1956    
1231.8000us:     30    -2047    
1231.9000us:    661    -1937    
1232.0000us:   1227    -1638    
1232.1000us:   1673    -1178    
1232.2000us:   1956     -603    
1232.3000us:   2047       30    
1232.4000us:   1937      661    
1232.5000us:   1638     1227    
1232.6000us:   1178     1673    
1232.7000us:    603     1956    
1232.8000us:    -30     2047    
1232.9000us:   -661     1937    
1233.0000us:  -1227     1638    
1233.1000us:  -1673     1178    
1233.2000us:  -1956      603    
1233.3000us:  -2047      -30    
1233.4000us:  -1937     -661    
1233.5000us:  -1638    -1227    
1233.6000us:  -1178    -1673    
1233.7000us:   -603    -1956    
1233.8000us:     30    -2047    
1233.9000us:    661    -1937    
1234.0000us:   1227    -1638    
1234.1000us:   1673    -1178    
1234.2000us:   1956     -603    
1234.3000us:   2047       30    
1234.4000us:   1937      661    
1234.5000us:   1638     1227    
1234.6000us:   1178     1673    
1234.7000us:    603     1956    
1234.8000us:    -30     2047    
1234.9000us:   -661     1937    
1235.0000us:  -1227     1638    
1235.1000us:  -1673     1178    
1235.2000us:  -1956      603    
1235.3000us:  -2047      -30    
1235.4000us:  -1937     -661    
1235.5000us:  -1638    -1227    
1235.6000us:  -1178    -1673    
1235.7000us:   -603    -1956    
1235.8000us:     30    -2047    
1235.9000us:    661    -1937    
1236.0000us:   1227    -1638    
1236.1000us:   1673    -1178    
1236.2000us:   1956     -603    
1236.3000us:   2047       30    
1236.4000us:   1937      661    
1236.5000us:   1638     1227    
1236.6000us:   1178     1673    
1236.7000us:    603     1956    
1236.8000us:    -30     2047    
1236.9000us:   -661     1937    
1237.0000us:  -1227     1638    
1237.1000us:  -1673     1178    
1237.2000us:  -1956      603    
1237.3000us:  -2047      -30    
1237.4000us:  -1937     -661    
1237.5000us:  -1638    -1227    
1237.6000us:  -1178    -1673    
1237.7000us:   -603    -1956    
1237.8000us:     30    -2047    
1237.9000us:    661    -1937    
1238.0000us:   1227    -1638    
1238.1000us:   1673    -1178    
1238.2000us:   1956     -603    
1238.3000us:   2047       30    
1238.4000us:   1937      661    
1238.5000us:   1638     1227    
1238.6000us:   1178     1673    
1238.7000us:    603     1956    
1238.8000us:    -30     2047    
1238.9000us:   -661     1937    
1239.0000us:  -1227     1638    
1239.1000us:  -1673     1178    
1239.2000us:  -1956      603    
1239.3000us:  -2047      -30    
1239.4000us:  -1937     -661    
1239.5000us:  -1638    -1227    
1239.6000us:  -1178    -1673    
1239.7000us:   -603    -1956    
1239.8000us:     30    -2047    
1239.9000us:    661    -1937    
1240.0000us:   1227    -1638    
1240.1000us:   1673    -1178    
1240.2000us:   1956     -603    
1240.3000us:   2047       30    
1240.4000us:   1937      661    
1240.5000us:   1638     1227    
1240.6000us:   1178     1673    
1240.7000us:    603     1956    
1240.8000us:    -30     2047    
1240.9000us:   -661     1937    
1241.0000us:  -1227     1638    
1241.1000us:  -1673     1178    
1241.2000us:  -1956      603    
1241.3000us:  -2047      -30    
1241.4000us:  -1937     -661    
1241.5000us:  -1638    -1227    
1241.6000us:  -1178    -1673    
1241.7000us:   -603    -1956    
1241.8000us:     30    -2047    
1241.9000us:    661    -1937    
1242.0000us:   1228    -1637    
1242.1000us:   1673    -1178    
1242.2000us:   1956     -603    
1242.3000us:   2047       30    
1242.4000us:   1937      661    
1242.5000us:   1637     1228    
1242.6000us:   1178     1673    
1242.7000us:    603     1956    
1242.8000us:    -30     2047    
1242.9000us:   -661     1937    
1243.0000us:  -1228     1637    
1243.1000us:  -1673     1178    
1243.2000us:  -1956      603    
1243.3000us:  -2047      -30    
1243.4000us:  -1937     -661    
1243.5000us:  -1637    -1228    
1243.6000us:  -1178    -1673    
1243.7000us:   -603    -1956    
1243.8000us:     30    -2047    
1243.9000us:    661    -1937    
1244.0000us:   1228    -1637    
1244.1000us:   1673    -1178    
1244.2000us:   1956     -603    
1244.3000us:   2047       30    
1244.4000us:   1937      661    
1244.5000us:   1637     1228    
1244.6000us:   1178     1673    
1244.7000us:    603     1956    
1244.8000us:    -30     2047    
1244.9000us:   -661     1937    
1245.0000us:  -1228     1637    
1245.1000us:  -1673     1178    
1245.2000us:  -1956      603    
1245.3000us:  -2047      -30    
1245.4000us:  -1937     -661    
1245.5000us:  -1637    -1228    
1245.6000us:  -1178    -1673    
1245.7000us:   -603    -1956    
1245.8000us:     30    -2047    
1245.9000us:    661    -1937    
1246.0000us:   1228    -1637    
1246.1000us:   1673    -1178    
1246.2000us:   1956     -603    
1246.3000us:   2047       30    
1246.4000us:   1937      661    
1246.5000us:   1637     1228    
1246.6000us:   1178     1673    
1246.7000us:    603     1956    
1246.8000us:    -30     2047    
1246.9000us:   -661     1937    
1247.0000us:  -1228     1637    
1247.1000us:  -1673     1178    
1247.2000us:  -1956      603    
1247.3000us:  -2047      -30    
1247.4000us:  -1937     -661    
1247.5000us:  -1637    -1228    
1247.6000us:  -1178    -1673    
1247.7000us:   -603    -1956    
1247.8000us:     30    -2047    
1247.9000us:    661    -1937    
1248.0000us:   1228    -1637    
1248.1000us:   1673    -1178    
1248.2000us:   1956     -603    
1248.3000us:   2047       30    
1248.4000us:   1937      662    
1248.5000us:   1637     1228    
1248.6000us:   1178     1673    
1248.7000us:    603     1956    
1248.8000us:    -30     2047    
1248.9000us:   -662     1937    
1249.0000us:  -1228     1637    
1249.1000us:  -1673     1178    
1249.2000us:  -1956      603    
1249.3000us:  -2047      -30    
1249.4000us:  -1937     -662    
1249.5000us:  -1637    -1228    
1249.6000us:  -1178    -1673    
1249.7000us:   -603    -1956    
1249.8000us:     30    -2047    
1249.9000us:    662    -1937    
1250.0000us:   1228    -1637    
1250.1000us:   1673    -1178    
1250.2000us:   1956     -603    
1250.3000us:   2047       30    
1250.4000us:   1937      662    
1250.5000us:   1637     1228    
1250.6000us:   1178     1673    
1250.7000us:    603     1956    
1250.8000us:    -30     2047    
1250.9000us:   -662     1937    
1251.0000us:  -1228     1637    
1251.1000us:  -1673     1178    
1251.2000us:  -1956      603    
1251.3000us:  -2047      -30    
1251.4000us:  -1937     -662    
1251.5000us:  -1637    -1228    
1251.6000us:  -1178    -1673    
1251.7000us:   -603    -1956    
1251.8000us:     30    -2047    
1251.9000us:    662    -1937    
1252.0000us:   1228    -1637    
1252.1000us:   1673    -1178    
1252.2000us:   1956     -603    
1252.3000us:   2047       30    
1252.4000us:   1937      662    
1252.5000us:   1637     1228    
1252.6000us:   1178     1673    
1252.7000us:    603     1956    
1252.8000us:    -30     2047    
1252.9000us:   -662     1937    
1253.0000us:  -1228     1637    
1253.1000us:  -1673     1178    
1253.2000us:  -1956      603    
1253.3000us:  -2047      -30    
1253.4000us:  -1937     -662    
1253.5000us:  -1637    -1228    
1253.6000us:  -1178    -1673    
1253.7000us:   -603    -1956    
1253.8000us:     30    -2047    
1253.9000us:    662    -1937    
1254.0000us:   1228    -1637    
1254.1000us:   1673    -1178    
1254.2000us:   1956     -603    
1254.3000us:   2047       30    
1254.4000us:   1937      662    
1254.5000us:   1637     1228    
1254.6000us:   1178     1673    
1254.7000us:    603     1956    
1254.8000us:    -31     2047    
1254.9000us:   -662     1937    
1255.0000us:  -1228     1637    
1255.1000us:  -1673     1178    
1255.2000us:  -1956      603    
1255.3000us:  -2047      -31    
1255.4000us:  -1937     -662    
1255.5000us:  -1637    -1228    
1255.6000us:  -1178    -1673    
1255.7000us:   -603    -1956    
1255.8000us:     31    -2047    
1255.9000us:    662    -1937    
1256.0000us:   1228    -1637    
1256.1000us:   1673    -1178    
1256.2000us:   1956     -603    
1256.3000us:   2047       31    
1256.4000us:   1937      662    
1256.5000us:   1637     1228    
1256.6000us:   1178     1673    
1256.7000us:    603     1956    
1256.8000us:    -31     2047    
1256.9000us:   -662     1937    
1257.0000us:  -1228     1637    
1257.1000us:  -1673     1178    
1257.2000us:  -1956      603    
1257.3000us:  -2047      -31    
1257.4000us:  -1937     -662    
1257.5000us:  -1637    -1228    
1257.6000us:  -1178    -1673    
1257.7000us:   -603    -1956    
1257.8000us:     31    -2047    
1257.9000us:    662    -1937    
1258.0000us:   1228    -1637    
1258.1000us:   1673    -1178    
1258.2000us:   1956     -603    
1258.3000us:   2047       31    
1258.4000us:   1937      662    
1258.5000us:   1637     1228    
1258.6000us:   1178     1673    
1258.7000us:    603     1956    
1258.8000us:    -31     2047    
1258.9000us:   -662     1937    
1259.0000us:  -1228     1637    
1259.1000us:  -1673     1178    
1259.2000us:  -1956      603    
1259.3000us:  -2047      -31    
1259.4000us:  -1937     -662    
1259.5000us:  -1637    -1228    
1259.6000us:  -1178    -1673    
1259.7000us:   -603    -1956    
1259.8000us:     31    -2047    
1259.9000us:    662    -1937    
1260.0000us:   1228    -1637    
1260.1000us:   1673    -1178    
1260.2000us:   1956     -603    
1260.3000us:   2047       31    
1260.4000us:   1937      662    
1260.5000us:   1637     1228    
1260.6000us:   1178     1673    
1260.7000us:    603     1956    
1260.8000us:    -31     2047    
1260.9000us:   -662     1937    
1261.0000us:  -1228     1637    
1261.1000us:  -1673     1178    
1261.2000us:  -1957      603    
1261.3000us:  -2047      -31    
1261.4000us:  -1937     -662    
1261.5000us:  -1637    -1228    
1261.6000us:  -1178    -1673    
1261.7000us:   -603    -1957    
1261.8000us:     31    -2047    
1261.9000us:    662    -1937    
1262.0000us:   1228    -1637    
1262.1000us:   1673    -1178    
1262.2000us:   1957     -603    
1262.3000us:   2047       31    
1262.4000us:   1937      662    
1262.5000us:   1637     1228    
1262.6000us:   1178     1673    
1262.7000us:    603     1957    
1262.8000us:    -31     2047    
1262.9000us:   -662     1937    
1263.0000us:  -1228     1637    
1263.1000us:  -1673     1178    
1263.2000us:  -1957      603    
1263.3000us:  -2047      -31    
1263.4000us:  -1937     -662    
1263.5000us:  -1637    -1228    
1263.6000us:  -1178    -1673    
1263.7000us:   -603    -1957    
1263.8000us:     31    -2047    
1263.9000us:    662    -1937    
1264.0000us:   1228    -1637    
1264.1000us:   1673    -1178    
1264.2000us:   1957     -603    
1264.3000us:   2047       31    
1264.4000us:   1937      662    
1264.5000us:   1637     1228    
1264.6000us:   1178     1673    
1264.7000us:    603     1957    
1264.8000us:    -31     2047    
1264.9000us:   -662     1937    
1265.0000us:  -1228     1637    
1265.1000us:  -1673     1178    
1265.2000us:  -1957      603    
1265.3000us:  -2047      -31    
1265.4000us:  -1937     -662    
1265.5000us:  -1637    -1228    
1265.6000us:  -1178    -1673    
1265.7000us:   -603    -1957    
1265.8000us:     31    -2047    
1265.9000us:    662    -1937    
1266.0000us:   1228    -1637    
1266.1000us:   1673    -1178    
1266.2000us:   1957     -603    
1266.3000us:   2047       31    
1266.4000us:   1937      662    
1266.5000us:   1637     1228    
1266.6000us:   1178     1673    
1266.7000us:    603     1957    
1266.8000us:    -31     2047    
1266.9000us:   -662     1937    
1267.0000us:  -1228     1637    
1267.1000us:  -1673     1178    
1267.2000us:  -1957      603    
1267.3000us:  -2047      -31    
1267.4000us:  -1937     -662    
1267.5000us:  -1637    -1228    
1267.6000us:  -1177    -1674    
1267.7000us:   -603    -1957    
1267.8000us:     31    -2047    
1267.9000us:    662    -1937    
1268.0000us:   1228    -1637    
1268.1000us:   1674    -1177    
1268.2000us:   1957     -603    
1268.3000us:   2047       31    
1268.4000us:   1937      662    
1268.5000us:   1637     1228    
1268.6000us:   1177     1674    
1268.7000us:    603     1957    
1268.8000us:    -31     2047    
1268.9000us:   -662     1937    
1269.0000us:  -1228     1637    
1269.1000us:  -1674     1177    
1269.2000us:  -1957      603    
1269.3000us:  -2047      -31    
1269.4000us:  -1937     -662    
1269.5000us:  -1637    -1228    
1269.6000us:  -1177    -1674    
1269.7000us:   -603    -1957    
1269.8000us:     31    -2047    
1269.9000us:    662    -1937    
1270.0000us:   1228    -1637    
1270.1000us:   1674    -1177    
1270.2000us:   1957     -603    
1270.3000us:   2047       31    
1270.4000us:   1937      662    
1270.5000us:   1637     1228    
1270.6000us:   1177     1674    
1270.7000us:    603     1957    
1270.8000us:    -31     2047    
1270.9000us:   -662     1937    
1271.0000us:  -1228     1637    
1271.1000us:  -1674     1177    
1271.2000us:  -1957      603    
1271.3000us:  -2047      -31    
1271.4000us:  -1937     -662    
1271.5000us:  -1637    -1228    
1271.6000us:  -1177    -1674    
1271.7000us:   -603    -1957    
1271.8000us:     31    -2047    
1271.9000us:    662    -1937    
1272.0000us:   1228    -1637    
1272.1000us:   1674    -1177    
1272.2000us:   1957     -603    
1272.3000us:   2047       31    
1272.4000us:   1937      662    
1272.5000us:   1637     1228    
1272.6000us:   1177     1674    
1272.7000us:    603     1957    
1272.8000us:    -31     2047    
1272.9000us:   -662     1937    
1273.0000us:  -1228     1637    
1273.1000us:  -1674     1177    
1273.2000us:  -1957      603    
1273.3000us:  -2047      -31    
1273.4000us:  -1937     -662    
1273.5000us:  -1637    -1228    
1273.6000us:  -1177    -1674    
1273.7000us:   -603    -1957    
1273.8000us:     31    -2047    
1273.9000us:    662    -1937    
1274.0000us:   1228    -1637    
1274.1000us:   1674    -1177    
1274.2000us:   1957     -603    
1274.3000us:   2047       31    
1274.4000us:   1937      662    
1274.5000us:   1637     1228    
1274.6000us:   1177     1674    
1274.7000us:    603     1957    
1274.8000us:    -31     2047    
1274.9000us:   -662     1937    
1275.0000us:  -1228     1637    
1275.1000us:  -1674     1177    
1275.2000us:  -1957      603    
1275.3000us:  -2047      -31    
1275.4000us:  -1937     -662    
1275.5000us:  -1637    -1228    
1275.6000us:  -1177    -1674    
1275.7000us:   -603    -1957    
1275.8000us:     31    -2047    
1275.9000us:    662    -1937    
1276.0000us:   1228    -1637    
1276.1000us:   1674    -1177    
1276.2000us:   1957     -603    
1276.3000us:   2047       31    
1276.4000us:   1937      662    
1276.5000us:   1637     1228    
1276.6000us:   1177     1674    
1276.7000us:    603     1957    
1276.8000us:    -31     2047    
1276.9000us:   -662     1937    
1277.0000us:  -1228     1637    
1277.1000us:  -1674     1177    
1277.2000us:  -1957      603    
1277.3000us:  -2047      -31    
1277.4000us:  -1937     -662    
1277.5000us:  -1637    -1228    
1277.6000us:  -1177    -1674    
1277.7000us:   -603    -1957    
1277.8000us:     31    -2047    
1277.9000us:    662    -1937    
1278.0000us:   1228    -1637    
1278.1000us:   1674    -1177    
1278.2000us:   1957     -603    
1278.3000us:   2047       31    
1278.4000us:   1937      662    
1278.5000us:   1637     1228    
1278.6000us:   1177     1674    
1278.7000us:    603     1957    
1278.8000us:    -31     2047    
1278.9000us:   -662     1937    
1279.0000us:  -1228     1637    
1279.1000us:  -1674     1177    
1279.2000us:  -1957      603    
1279.3000us:  -2047      -31    
1279.4000us:  -1937     -662    
1279.5000us:  -1637    -1228    
1279.6000us:  -1177    -1674    
1279.7000us:   -603    -1957    
1279.8000us:     31    -2047    
1279.9000us:    662    -1937    
1280.0000us:   1228    -1637    
1280.1000us:   1674    -1177    
1280.2000us:   1957     -603    
1280.3000us:   2047       31    
1280.4000us:   1937      663    
1280.5000us:   1637     1228    
1280.6000us:   1177     1674    
1280.7000us:    603     1957    
1280.8000us:    -31     2047    
1280.9000us:   -663     1937    
1281.0000us:  -1228     1637    
1281.1000us:  -1674     1177    
1281.2000us:  -1957      603    
1281.3000us:  -2047      -31    
1281.4000us:  -1937     -663    
1281.5000us:  -1637    -1228    
1281.6000us:  -1177    -1674    
1281.7000us:   -603    -1957    
1281.8000us:     31    -2047    
1281.9000us:    663    -1937    
1282.0000us:   1228    -1637    
1282.1000us:   1674    -1177    
1282.2000us:   1957     -603    
1282.3000us:   2047       31    
1282.4000us:   1937      663    
1282.5000us:   1637     1228    
1282.6000us:   1177     1674    
1282.7000us:    603     1957    
1282.8000us:    -31     2047    
1282.9000us:   -663     1937    
1283.0000us:  -1228     1637    
1283.1000us:  -1674     1177    
1283.2000us:  -1957      603    
1283.3000us:  -2047      -31    
1283.4000us:  -1937     -663    
1283.5000us:  -1637    -1228    
1283.6000us:  -1177    -1674    
1283.7000us:   -603    -1957    
1283.8000us:     31    -2047    
1283.9000us:    663    -1937    
1284.0000us:   1228    -1637    
1284.1000us:   1674    -1177    
1284.2000us:   1957     -603    
1284.3000us:   2047       31    
1284.4000us:   1937      663    
1284.5000us:   1637     1228    
1284.6000us:   1177     1674    
1284.7000us:    603     1957    
1284.8000us:    -31     2047    
1284.9000us:   -663     1937    
1285.0000us:  -1228     1637    
1285.1000us:  -1674     1177    
1285.2000us:  -1957      603    
1285.3000us:  -2047      -31    
1285.4000us:  -1937     -663    
1285.5000us:  -1637    -1228    
1285.6000us:  -1177    -1674    
1285.7000us:   -603    -1957    
1285.8000us:     31    -2047    
1285.9000us:    663    -1937    
1286.0000us:   1228    -1637    
1286.1000us:   1674    -1177    
1286.2000us:   1957     -603    
1286.3000us:   2047       31    
1286.4000us:   1937      663    
1286.5000us:   1637     1228    
1286.6000us:   1177     1674    
1286.7000us:    603     1957    
1286.8000us:    -32     2047    
1286.9000us:   -663     1937    
1287.0000us:  -1228     1637    
1287.1000us:  -1674     1177    
1287.2000us:  -1957      603    
1287.3000us:  -2047      -32    
1287.4000us:  -1937     -663    
1287.5000us:  -1637    -1228    
1287.6000us:  -1177    -1674    
1287.7000us:   -603    -1957    
1287.8000us:     32    -2047    
1287.9000us:    663    -1937    
1288.0000us:   1228    -1637    
1288.1000us:   1674    -1177    
1288.2000us:   1957     -603    
1288.3000us:   2047       32    
1288.4000us:   1937      663    
1288.5000us:   1637     1228    
1288.6000us:   1177     1674    
1288.7000us:    603     1957    
1288.8000us:    -32     2047    
1288.9000us:   -663     1937    
1289.0000us:  -1228     1637    
1289.1000us:  -1674     1177    
1289.2000us:  -1957      603    
1289.3000us:  -2047      -32    
1289.4000us:  -1937     -663    
1289.5000us:  -1637    -1228    
1289.6000us:  -1177    -1674    
1289.7000us:   -603    -1957    
1289.8000us:     32    -2047    
1289.9000us:    663    -1937    
1290.0000us:   1228    -1637    
1290.1000us:   1674    -1177    
1290.2000us:   1957     -603    
1290.3000us:   2047       32    
1290.4000us:   1937      663    
1290.5000us:   1637     1228    
1290.6000us:   1177     1674    
1290.7000us:    603     1957    
1290.8000us:    -32     2047    
1290.9000us:   -663     1937    
1291.0000us:  -1228     1637    
1291.1000us:  -1674     1177    
1291.2000us:  -1957      603    
1291.3000us:  -2047      -32    
1291.4000us:  -1937     -663    
1291.5000us:  -1637    -1228    
1291.6000us:  -1177    -1674    
1291.7000us:   -603    -1957    
1291.8000us:     32    -2047    
1291.9000us:    663    -1937    
1292.0000us:   1228    -1637    
1292.1000us:   1674    -1177    
1292.2000us:   1957     -603    
1292.3000us:   2047       32    
1292.4000us:   1937      663    
1292.5000us:   1637     1228    
1292.6000us:   1177     1674    
1292.7000us:    603     1957    
1292.8000us:    -32     2047    
1292.9000us:   -663     1937    
1293.0000us:  -1228     1637    
1293.1000us:  -1674     1177    
1293.2000us:  -1957      602    
1293.3000us:  -2047      -32    
1293.4000us:  -1937     -663    
1293.5000us:  -1637    -1228    
1293.6000us:  -1177    -1674    
1293.7000us:   -602    -1957    
1293.8000us:     32    -2047    
1293.9000us:    663    -1937    
1294.0000us:   1228    -1637    
1294.1000us:   1674    -1177    
1294.2000us:   1957     -602    
1294.3000us:   2047       32    
1294.4000us:   1937      663    
1294.5000us:   1637     1228    
1294.6000us:   1177     1674    
1294.7000us:    602     1957    
1294.8000us:    -32     2047    
1294.9000us:   -663     1937    
1295.0000us:  -1228     1637    
1295.1000us:  -1674     1177    
1295.2000us:  -1957      602    
1295.3000us:  -2047      -32    
1295.4000us:  -1937     -663    
1295.5000us:  -1637    -1228    
1295.6000us:  -1177    -1674    
1295.7000us:   -602    -1957    
1295.8000us:     32    -2047    
1295.9000us:    663    -1937    
1296.0000us:   1228    -1637    
1296.1000us:   1674    -1177    
1296.2000us:   1957     -602    
1296.3000us:   2047       32    
1296.4000us:   1937      663    
1296.5000us:   1637     1228    
1296.6000us:   1177     1674    
1296.7000us:    602     1957    
1296.8000us:    -32     2047    
1296.9000us:   -663     1937    
1297.0000us:  -1228     1637    
1297.1000us:  -1674     1177    
1297.2000us:  -1957      602    
1297.3000us:  -2047      -32    
1297.4000us:  -1937     -663    
1297.5000us:  -1637    -1228    
1297.6000us:  -1177    -1674    
1297.7000us:   -602    -1957    
1297.8000us:     32    -2047    
1297.9000us:    663    -1937    
1298.0000us:   1228    -1637    
1298.1000us:   1674    -1177    
1298.2000us:   1957     -602    
1298.3000us:   2047       32    
1298.4000us:   1937      663    
1298.5000us:   1637     1228    
1298.6000us:   1177     1674    
1298.7000us:    602     1957    
1298.8000us:    -32     2047    
1298.9000us:   -663     1937    
1299.0000us:  -1228     1637    
1299.1000us:  -1674     1177    
1299.2000us:  -1957      602    
1299.3000us:  -2047      -32    
1299.4000us:  -1937     -663    
1299.5000us:  -1637    -1228    
1299.6000us:  -1177    -1674    
1299.7000us:   -602    -1957    
1299.8000us:     32    -2047    
1299.9000us:    663    -1937    
1300.0000us:   1228    -1637    
1300.1000us:   1674    -1177    
1300.2000us:   1957     -602    
1300.3000us:   2047       32    
1300.4000us:   1937      663    
1300.5000us:   1637     1228    
1300.6000us:   1177     1674    
1300.7000us:    602     1957    
1300.8000us:    -32     2047    
1300.9000us:   -663     1937    
1301.0000us:  -1228     1637    
1301.1000us:  -1674     1177    
1301.2000us:  -1957      602    
1301.3000us:  -2047      -32    
1301.4000us:  -1937     -663    
1301.5000us:  -1637    -1228    
1301.6000us:  -1177    -1674    
1301.7000us:   -602    -1957    
1301.8000us:     32    -2047    
1301.9000us:    663    -1937    
1302.0000us:   1228    -1637    
1302.1000us:   1674    -1177    
1302.2000us:   1957     -602    
1302.3000us:   2047       32    
1302.4000us:   1937      663    
1302.5000us:   1637     1228    
1302.6000us:   1177     1674    
1302.7000us:    602     1957    
1302.8000us:    -32     2047    
1302.9000us:   -663     1937    
1303.0000us:  -1228     1637    
1303.1000us:  -1674     1177    
1303.2000us:  -1957      602    
1303.3000us:  -2047      -32    
1303.4000us:  -1937     -663    
1303.5000us:  -1637    -1228    
1303.6000us:  -1177    -1674    
1303.7000us:   -602    -1957    
1303.8000us:     32    -2047    
1303.9000us:    663    -1937    
1304.0000us:   1228    -1637    
1304.1000us:   1674    -1177    
1304.2000us:   1957     -602    
1304.3000us:   2047       32    
1304.4000us:   1937      663    
1304.5000us:   1637     1228    
1304.6000us:   1177     1674    
1304.7000us:    602     1957    
1304.8000us:    -32     2047    
1304.9000us:   -663     1937    
1305.0000us:  -1228     1637    
1305.1000us:  -1674     1177    
1305.2000us:  -1957      602    
1305.3000us:  -2047      -32    
1305.4000us:  -1937     -663    
1305.5000us:  -1637    -1228    
1305.6000us:  -1177    -1674    
1305.7000us:   -602    -1957    
1305.8000us:     32    -2047    
1305.9000us:    663    -1937    
1306.0000us:   1229    -1636    
1306.1000us:   1674    -1177    
1306.2000us:   1957     -602    
1306.3000us:   2047       32    
1306.4000us:   1937      663    
1306.5000us:   1636     1229    
1306.6000us:   1177     1674    
1306.7000us:    602     1957    
1306.8000us:    -32     2047    
1306.9000us:   -663     1937    
1307.0000us:  -1229     1636    
1307.1000us:  -1674     1177    
1307.2000us:  -1957      602    
1307.3000us:  -2047      -32    
1307.4000us:  -1937     -663    
1307.5000us:  -1636    -1229    
1307.6000us:  -1177    -1674    
1307.7000us:   -602    -1957    
1307.8000us:     32    -2047    
1307.9000us:    663    -1937    
1308.0000us:   1229    -1636    
1308.1000us:   1674    -1177    
1308.2000us:   1957     -602    
1308.3000us:   2047       32    
1308.4000us:   1937      663    
1308.5000us:   1636     1229    
1308.6000us:   1177     1674    
1308.7000us:    602     1957    
1308.8000us:    -32     2047    
1308.9000us:   -663     1937    
1309.0000us:  -1229     1636    
1309.1000us:  -1674     1177    
1309.2000us:  -1957      602    
1309.3000us:  -2047      -32    
1309.4000us:  -1937     -663    
1309.5000us:  -1636    -1229    
1309.6000us:  -1177    -1674    
1309.7000us:   -602    -1957    
1309.8000us:     32    -2047    
1309.9000us:    663    -1937    
1310.0000us:   1229    -1636    
1310.1000us:   1674    -1177    
1310.2000us:   1957     -602    
1310.3000us:   2047       32    
1310.4000us:   1937      663    
1310.5000us:   1636     1229    
1310.6000us:   1177     1674    
1310.7000us:    602     1957    
1310.8000us:    -32     2047    
1310.9000us:   -663     1937    
1311.0000us:  -1229     1636    
1311.1000us:  -1674     1177    
1311.2000us:  -1957      602    
1311.3000us:  -2047      -32    
1311.4000us:  -1937     -663    
1311.5000us:  -1636    -1229    
1311.6000us:  -1177    -1674    
1311.7000us:   -602    -1957    
1311.8000us:     32    -2047    
1311.9000us:    663    -1937    
1312.0000us:   1229    -1636    
1312.1000us:   1674    -1177    
1312.2000us:   1957     -602    
1312.3000us:   2047       32    
1312.4000us:   1936      663    
1312.5000us:   1636     1229    
1312.6000us:   1177     1674    
1312.7000us:    602     1957    
1312.8000us:    -32     2047    
1312.9000us:   -663     1936    
1313.0000us:  -1229     1636    
1313.1000us:  -1674     1177    
1313.2000us:  -1957      602    
1313.3000us:  -2047      -32    
1313.4000us:  -1936     -663    
1313.5000us:  -1636    -1229    
1313.6000us:  -1177    -1674    
1313.7000us:   -602    -1957    
1313.8000us:     32    -2047    
1313.9000us:    663    -1936    
1314.0000us:   1229    -1636    
1314.1000us:   1674    -1177    
1314.2000us:   1957     -602    
1314.3000us:   2047       32    
1314.4000us:   1936      663    
1314.5000us:   1636     1229    
1314.6000us:   1177     1674    
1314.7000us:    602     1957    
1314.8000us:    -32     2047    
1314.9000us:   -663     1936    
1315.0000us:  -1229     1636    
1315.1000us:  -1674     1177    
1315.2000us:  -1957      602    
1315.3000us:  -2047      -32    
1315.4000us:  -1936     -663    
1315.5000us:  -1636    -1229    
1315.6000us:  -1177    -1674    
1315.7000us:   -602    -1957    
1315.8000us:     32    -2047    
1315.9000us:    663    -1936    
1316.0000us:   1229    -1636    
1316.1000us:   1674    -1177    
1316.2000us:   1957     -602    
1316.3000us:   2047       32    
1316.4000us:   1936      663    
1316.5000us:   1636     1229    
1316.6000us:   1177     1674    
1316.7000us:    602     1957    
1316.8000us:    -32     2047    
1316.9000us:   -663     1936    
1317.0000us:  -1229     1636    
1317.1000us:  -1674     1177    
1317.2000us:  -1957      602    
1317.3000us:  -2047      -32    
1317.4000us:  -1936     -663    
1317.5000us:  -1636    -1229    
1317.6000us:  -1177    -1674    
1317.7000us:   -602    -1957    
1317.8000us:     32    -2047    
1317.9000us:    663    -1936    
1318.0000us:   1229    -1636    
1318.1000us:   1674    -1177    
1318.2000us:   1957     -602    
1318.3000us:   2047       32    
1318.4000us:   1936      663    
1318.5000us:   1636     1229    
1318.6000us:   1177     1674    
1318.7000us:    602     1957    
1318.8000us:    -33     2047    
1318.9000us:   -663     1936    
1319.0000us:  -1229     1636    
1319.1000us:  -1674     1177    
1319.2000us:  -1957      602    
1319.3000us:  -2047      -33    
1319.4000us:  -1936     -663    
1319.5000us:  -1636    -1229    
1319.6000us:  -1177    -1674    
1319.7000us:   -602    -1957    
1319.8000us:     33    -2047    
1319.9000us:    663    -1936    
1320.0000us:   1229    -1636    
1320.1000us:   1674    -1177    
1320.2000us:   1957     -602    
1320.3000us:   2047       33    
1320.4000us:   1936      663    
1320.5000us:   1636     1229    
1320.6000us:   1177     1674    
1320.7000us:    602     1957    
1320.8000us:    -33     2047    
1320.9000us:   -663     1936    
1321.0000us:  -1229     1636    
1321.1000us:  -1674     1177    
1321.2000us:  -1957      602    
1321.3000us:  -2047      -33    
1321.4000us:  -1936     -663    
1321.5000us:  -1636    -1229    
1321.6000us:  -1177    -1674    
1321.7000us:   -602    -1957    
1321.8000us:     33    -2047    
1321.9000us:    663    -1936    
1322.0000us:   1229    -1636    
1322.1000us:   1674    -1177    
1322.2000us:   1957     -602    
1322.3000us:   2047       33    
1322.4000us:   1936      663    
1322.5000us:   1636     1229    
1322.6000us:   1177     1674    
1322.7000us:    602     1957    
1322.8000us:    -33     2047    
1322.9000us:   -663     1936    
1323.0000us:  -1229     1636    
1323.1000us:  -1674     1177    
1323.2000us:  -1957      602    
1323.3000us:  -2047      -33    
1323.4000us:  -1936     -663    
1323.5000us:  -1636    -1229    
1323.6000us:  -1177    -1674    
1323.7000us:   -602    -1957    
1323.8000us:     33    -2047    
1323.9000us:    663    -1936    
1324.0000us:   1229    -1636    
1324.1000us:   1674    -1177    
1324.2000us:   1957     -602    
1324.3000us:   2047       33    
1324.4000us:   1936      663    
1324.5000us:   1636     1229    
1324.6000us:   1177     1674    
1324.7000us:    602     1957    
1324.8000us:    -33     2047    
1324.9000us:   -663     1936    
1325.0000us:  -1229     1636    
1325.1000us:  -1674     1177    
1325.2000us:  -1957      601    
1325.3000us:  -2047      -33    
1325.4000us:  -1936     -663    
1325.5000us:  -1636    -1229    
1325.6000us:  -1177    -1674    
1325.7000us:   -601    -1957    
1325.8000us:     33    -2047    
1325.9000us:    663    -1936    
1326.0000us:   1229    -1636    
1326.1000us:   1674    -1177    
1326.2000us:   1957     -601    
1326.3000us:   2047       33    
1326.4000us:   1936      663    
1326.5000us:   1636     1229    
1326.6000us:   1177     1674    
1326.7000us:    601     1957    
1326.8000us:    -33     2047    
1326.9000us:   -663     1936    
1327.0000us:  -1229     1636    
1327.1000us:  -1674     1177    
1327.2000us:  -1957      601    
1327.3000us:  -2047      -33    
1327.4000us:  -1936     -663    
1327.5000us:  -1636    -1229    
1327.6000us:  -1177    -1674    
1327.7000us:   -601    -1957    
1327.8000us:     33    -2047    
1327.9000us:    663    -1936    
1328.0000us:   1229    -1636    
1328.1000us:   1674    -1177    
1328.2000us:   1957     -601    
1328.3000us:   2047       33    
1328.4000us:   1936      663    
1328.5000us:   1636     1229    
1328.6000us:   1177     1674    
1328.7000us:    601     1957    
1328.8000us:    -33     2047    
1328.9000us:   -663     1936    
1329.0000us:  -1229     1636    
1329.1000us:  -1674     1177    
1329.2000us:  -1957      601    
1329.3000us:  -2047      -33    
1329.4000us:  -1936     -663    
1329.5000us:  -1636    -1229    
1329.6000us:  -1177    -1674    
1329.7000us:   -601    -1957    
1329.8000us:     33    -2047    
1329.9000us:    663    -1936    
1330.0000us:   1229    -1636    
1330.1000us:   1674    -1177    
1330.2000us:   1957     -601    
1330.3000us:   2047       33    
1330.4000us:   1936      663    
1330.5000us:   1636     1229    
1330.6000us:   1177     1674    
1330.7000us:    601     1957    
1330.8000us:    -33     2047    
1330.9000us:   -663     1936    
1331.0000us:  -1229     1636    
1331.1000us:  -1674     1177    
1331.2000us:  -1957      601    
1331.3000us:  -2047      -33    
1331.4000us:  -1936     -663    
1331.5000us:  -1636    -1229    
1331.6000us:  -1176    -1675    
1331.7000us:   -601    -1957    
1331.8000us:     33    -2047    
1331.9000us:    663    -1936    
1332.0000us:   1229    -1636    
1332.1000us:   1675    -1176    
1332.2000us:   1957     -601    
1332.3000us:   2047       33    
1332.4000us:   1936      663    
1332.5000us:   1636     1229    
1332.6000us:   1176     1675    
1332.7000us:    601     1957    
1332.8000us:    -33     2047    
1332.9000us:   -663     1936    
1333.0000us:  -1229     1636    
1333.1000us:  -1675     1176    
1333.2000us:  -1957      601    
1333.3000us:  -2047      -33    
1333.4000us:  -1936     -663    
1333.5000us:  -1636    -1229    
1333.6000us:  -1176    -1675    
1333.7000us:   -601    -1957    
1333.8000us:     33    -2047    
1333.9000us:    663    -1936    
1334.0000us:   1229    -1636    
1334.1000us:   1675    -1176    
1334.2000us:   1957     -601    
1334.3000us:   2047       33    
1334.4000us:   1936      663    
1334.5000us:   1636     1229    
1334.6000us:   1176     1675    
1334.7000us:    601     1957    
1334.8000us:    -33     2047    
1334.9000us:   -663     1936    
1335.0000us:  -1229     1636    
1335.1000us:  -1675     1176    
1335.2000us:  -1957      601    
1335.3000us:  -2047      -33    
1335.4000us:  -1936     -663    
1335.5000us:  -1636    -1229    
1335.6000us:  -1176    -1675    
1335.7000us:   -601    -1957    
1335.8000us:     33    -2047    
1335.9000us:    663    -1936    
1336.0000us:   1229    -1636    
1336.1000us:   1675    -1176    
1336.2000us:   1957     -601    
1336.3000us:   2047       33    
1336.4000us:   1936      663    
1336.5000us:   1636     1229    
1336.6000us:   1176     1675    
1336.7000us:    601     1957    
1336.8000us:    -33     2047    
1336.9000us:   -663     1936    
1337.0000us:  -1229     1636    
1337.1000us:  -1675     1176    
1337.2000us:  -1957      601    
1337.3000us:  -2047      -33    
1337.4000us:  -1936     -663    
1337.5000us:  -1636    -1229    
1337.6000us:  -1176    -1675    
1337.7000us:   -601    -1957    
1337.8000us:     33    -2047    
1337.9000us:    663    -1936    
1338.0000us:   1229    -1636    
1338.1000us:   1675    -1176    
1338.2000us:   1957     -601    
1338.3000us:   2047       33    
1338.4000us:   1936      663    
1338.5000us:   1636     1229    
1338.6000us:   1176     1675    
1338.7000us:    601     1957    
1338.8000us:    -33     2047    
1338.9000us:   -663     1936    
1339.0000us:  -1229     1636    
1339.1000us:  -1675     1176    
1339.2000us:  -1957      601    
1339.3000us:  -2047      -33    
1339.4000us:  -1936     -663    
1339.5000us:  -1636    -1229    
1339.6000us:  -1176    -1675    
1339.7000us:   -601    -1957    
1339.8000us:     33    -2047    
1339.9000us:    663    -1936    
1340.0000us:   1229    -1636    
1340.1000us:   1675    -1176    
1340.2000us:   1957     -601    
1340.3000us:   2047       33    
1340.4000us:   1936      663    
1340.5000us:   1636     1229    
1340.6000us:   1176     1675    
1340.7000us:    601     1957    
1340.8000us:    -33     2047    
1340.9000us:   -663     1936    
1341.0000us:  -1229     1636    
1341.1000us:  -1675     1176    
1341.2000us:  -1957      601    
1341.3000us:  -2047      -33    
1341.4000us:  -1936     -663    
1341.5000us:  -1636    -1229    
1341.6000us:  -1176    -1675    
1341.7000us:   -601    -1957    
1341.8000us:     33    -2047    
1341.9000us:    663    -1936    
1342.0000us:   1229    -1636    
1342.1000us:   1675    -1176    
1342.2000us:   1957     -601    
1342.3000us:   2047       33    
1342.4000us:   1936      663    
1342.5000us:   1636     1229    
1342.6000us:   1176     1675    
1342.7000us:    601     1957    
1342.8000us:    -33     2047    
1342.9000us:   -663     1936    
1343.0000us:  -1229     1636    
1343.1000us:  -1675     1176    
1343.2000us:  -1957      601    
1343.3000us:  -2047      -33    
1343.4000us:  -1936     -663    
1343.5000us:  -1636    -1229    
1343.6000us:  -1176    -1675    
1343.7000us:   -601    -1957    
1343.8000us:     33    -2047    
1343.9000us:    663    -1936    
1344.0000us:   1229    -1636    
1344.1000us:   1675    -1176    
1344.2000us:   1957     -601    
1344.3000us:   2047       33    
1344.4000us:   1936      664    
1344.5000us:   1636     1229    
1344.6000us:   1176     1675    
1344.7000us:    601     1957    
1344.8000us:    -33     2047    
1344.9000us:   -664     1936    
1345.0000us:  -1229     1636    
1345.1000us:  -1675     1176    
1345.2000us:  -1957      601    
1345.3000us:  -2047      -33    
1345.4000us:  -1936     -664    
1345.5000us:  -1636    -1229    
1345.6000us:  -1176    -1675    
1345.7000us:   -601    -1957    
1345.8000us:     33    -2047    
1345.9000us:    664    -1936    
1346.0000us:   1229    -1636    
1346.1000us:   1675    -1176    
1346.2000us:   1957     -601    
1346.3000us:   2047       33    
1346.4000us:   1936      664    
1346.5000us:   1636     1229    
1346.6000us:   1176     1675    
1346.7000us:    601     1957    
1346.8000us:    -33     2047    
1346.9000us:   -664     1936    
1347.0000us:  -1229     1636    
1347.1000us:  -1675     1176    
1347.2000us:  -1957      601    
1347.3000us:  -2047      -33    
1347.4000us:  -1936     -664    
1347.5000us:  -1636    -1229    
1347.6000us:  -1176    -1675    
1347.7000us:   -601    -1957    
1347.8000us:     33    -2047    
1347.9000us:    664    -1936    
1348.0000us:   1229    -1636    
1348.1000us:   1675    -1176    
1348.2000us:   1957     -601    
1348.3000us:   2047       33    
1348.4000us:   1936      664    
1348.5000us:   1636     1229    
1348.6000us:   1176     1675    
1348.7000us:    601     1957    
1348.8000us:    -33     2047    
1348.9000us:   -664     1936    
1349.0000us:  -1229     1636    
1349.1000us:  -1675     1176    
1349.2000us:  -1957      601    
1349.3000us:  -2047      -33    
1349.4000us:  -1936     -664    
1349.5000us:  -1636    -1229    
1349.6000us:  -1176    -1675    
1349.7000us:   -601    -1957    
1349.8000us:     33    -2047    
1349.9000us:    664    -1936    
1350.0000us:   1229    -1636    
1350.1000us:   1675    -1176    
1350.2000us:   1957     -601    
1350.3000us:   2047       33    
1350.4000us:   1936      664    
1350.5000us:   1636     1229    
1350.6000us:   1176     1675    
1350.7000us:    601     1957    
1350.8000us:    -33     2047    
1350.9000us:   -664     1936    
1351.0000us:  -1229     1636    
1351.1000us:  -1675     1176    
1351.2000us:  -1957      601    
1351.3000us:  -2047      -33    
1351.4000us:  -1936     -664    
1351.5000us:  -1636    -1229    
1351.6000us:  -1176    -1675    
1351.7000us:   -601    -1957    
1351.8000us:     33    -2047    
1351.9000us:    664    -1936    
1352.0000us:   1229    -1636    
1352.1000us:   1675    -1176    
1352.2000us:   1957     -601    
1352.3000us:   2047       33    
1352.4000us:   1936      664    
1352.5000us:   1636     1229    
1352.6000us:   1176     1675    
1352.7000us:    601     1957    
1352.8000us:    -33     2047    
1352.9000us:   -664     1936    
1353.0000us:  -1229     1636    
1353.1000us:  -1675     1176    
1353.2000us:  -1957      601    
1353.3000us:  -2047      -33    
1353.4000us:  -1936     -664    
1353.5000us:  -1636    -1229    
1353.6000us:  -1176    -1675    
1353.7000us:   -601    -1957    
1353.8000us:     33    -2047    
1353.9000us:    664    -1936    
1354.0000us:   1229    -1636    
1354.1000us:   1675    -1176    
1354.2000us:   1957     -601    
1354.3000us:   2047       33    
1354.4000us:   1936      664    
1354.5000us:   1636     1229    
1354.6000us:   1176     1675    
1354.7000us:    601     1957    
1354.8000us:    -33     2047    
1354.9000us:   -664     1936    
1355.0000us:  -1229     1636    
1355.1000us:  -1675     1176    
1355.2000us:  -1957      601    
1355.3000us:  -2047      -33    
1355.4000us:  -1936     -664    
1355.5000us:  -1636    -1229    
1355.6000us:  -1176    -1675    
1355.7000us:   -601    -1957    
1355.8000us:     33    -2047    
1355.9000us:    664    -1936    
1356.0000us:   1229    -1636    
1356.1000us:   1675    -1176    
1356.2000us:   1957     -601    
1356.3000us:   2047       33    
1356.4000us:   1936      664    
1356.5000us:   1636     1229    
1356.6000us:   1176     1675    
1356.7000us:    601     1957    
1356.8000us:    -33     2047    
1356.9000us:   -664     1936    
1357.0000us:  -1229     1636    
1357.1000us:  -1675     1176    
1357.2000us:  -1958      600    
1357.3000us:  -2047      -33    
1357.4000us:  -1936     -664    
1357.5000us:  -1636    -1229    
1357.6000us:  -1176    -1675    
1357.7000us:   -600    -1958    
1357.8000us:     33    -2047    
1357.9000us:    664    -1936    
1358.0000us:   1229    -1636    
1358.1000us:   1675    -1176    
1358.2000us:   1958     -600    
1358.3000us:   2047       33    
1358.4000us:   1936      664    
1358.5000us:   1636     1229    
1358.6000us:   1176     1675    
1358.7000us:    600     1958    
1358.8000us:    -33     2047    
1358.9000us:   -664     1936    
1359.0000us:  -1229     1636    
1359.1000us:  -1675     1176    
1359.2000us:  -1958      600    
1359.3000us:  -2047      -33    
1359.4000us:  -1936     -664    
1359.5000us:  -1636    -1229    
1359.6000us:  -1176    -1675    
1359.7000us:   -600    -1958    
1359.8000us:     33    -2047    
1359.9000us:    664    -1936    
1360.0000us:   1229    -1636    
1360.1000us:   1675    -1176    
1360.2000us:   1958     -600    
1360.3000us:   2047       33    
1360.4000us:   1936      664    
1360.5000us:   1636     1229    
1360.6000us:   1176     1675    
1360.7000us:    600     1958    
1360.8000us:    -33     2047    
1360.9000us:   -664     1936    
1361.0000us:  -1229     1636    
1361.1000us:  -1675     1176    
1361.2000us:  -1958      600    
1361.3000us:  -2047      -33    
1361.4000us:  -1936     -664    
1361.5000us:  -1636    -1229    
1361.6000us:  -1176    -1675    
1361.7000us:   -600    -1958    
1361.8000us:     33    -2047    
1361.9000us:    664    -1936    
1362.0000us:   1229    -1636    
1362.1000us:   1675    -1176    
1362.2000us:   1958     -600    
1362.3000us:   2047       33    
1362.4000us:   1936      664    
1362.5000us:   1636     1229    
1362.6000us:   1176     1675    
1362.7000us:    600     1958    
1362.8000us:    -33     2047    
1362.9000us:   -664     1936    
1363.0000us:  -1229     1636    
1363.1000us:  -1675     1176    
1363.2000us:  -1958      600    
1363.3000us:  -2047      -33    
1363.4000us:  -1936     -664    
1363.5000us:  -1636    -1229    
1363.6000us:  -1175    -1675    
1363.7000us:   -600    -1958    
1363.8000us:     33    -2047    
1363.9000us:    664    -1936    
1364.0000us:   1229    -1636    
1364.1000us:   1675    -1175    
1364.2000us:   1958     -600    
1364.3000us:   2047       33    
1364.4000us:   1936      664    
1364.5000us:   1636     1229    
1364.6000us:   1175     1675    
1364.7000us:    600     1958    
1364.8000us:    -33     2047    
1364.9000us:   -664     1936    
1365.0000us:  -1229     1636    
1365.1000us:  -1675     1175    
1365.2000us:  -1958      600    
1365.3000us:  -2047      -33    
1365.4000us:  -1936     -664    
1365.5000us:  -1636    -1229    
1365.6000us:  -1175    -1675    
1365.7000us:   -600    -1958    
1365.8000us:     33    -2047    
1365.9000us:    664    -1936    
1366.0000us:   1229    -1636    
1366.1000us:   1675    -1175    
1366.2000us:   1958     -600    
1366.3000us:   2047       33    
1366.4000us:   1936      664    
1366.5000us:   1636     1229    
1366.6000us:   1175     1675    
1366.7000us:    600     1958    
1366.8000us:    -33     2047    
1366.9000us:   -664     1936    
1367.0000us:  -1229     1636    
1367.1000us:  -1675     1175    
1367.2000us:  -1958      600    
1367.3000us:  -2047      -33    
1367.4000us:  -1936     -664    
1367.5000us:  -1636    -1229    
1367.6000us:  -1175    -1675    
1367.7000us:   -600    -1958    
1367.8000us:     33    -2047    
1367.9000us:    664    -1936    
1368.0000us:   1229    -1636    
1368.1000us:   1675    -1175    
1368.2000us:   1958     -600    
1368.3000us:   2047       33    
1368.4000us:   1936      664    
1368.5000us:   1636     1229    
1368.6000us:   1175     1675    
1368.7000us:    600     1958    
1368.8000us:    -33     2047    
1368.9000us:   -664     1936    
1369.0000us:  -1229     1636    
1369.1000us:  -1675     1175    
1369.2000us:  -1958      600    
1369.3000us:  -2047      -33    
1369.4000us:  -1936     -664    
1369.5000us:  -1636    -1229    
1369.6000us:  -1175    -1675    
1369.7000us:   -600    -1958    
1369.8000us:     33    -2047    
1369.9000us:    664    -1936    
1370.0000us:   1230    -1636    
1370.1000us:   1675    -1175    
1370.2000us:   1958     -600    
1370.3000us:   2047       33    
1370.4000us:   1936      664    
1370.5000us:   1636     1230    
1370.6000us:   1175     1675    
1370.7000us:    600     1958    
1370.8000us:    -33     2047    
1370.9000us:   -664     1936    
1371.0000us:  -1230     1636    
1371.1000us:  -1675     1175    
1371.2000us:  -1958      600    
1371.3000us:  -2047      -33    
1371.4000us:  -1936     -664    
1371.5000us:  -1636    -1230    
1371.6000us:  -1175    -1675    
1371.7000us:   -600    -1958    
1371.8000us:     33    -2047    
1371.9000us:    664    -1936    
1372.0000us:   1230    -1636    
1372.1000us:   1675    -1175    
1372.2000us:   1958     -600    
1372.3000us:   2047       33    
1372.4000us:   1936      664    
1372.5000us:   1636     1230    
1372.6000us:   1175     1675    
1372.7000us:    600     1958    
1372.8000us:    -33     2047    
1372.9000us:   -664     1936    
1373.0000us:  -1230     1636    
1373.1000us:  -1675     1175    
1373.2000us:  -1958      600    
1373.3000us:  -2047      -33    
1373.4000us:  -1936     -664    
1373.5000us:  -1636    -1230    
1373.6000us:  -1175    -1675    
1373.7000us:   -600    -1958    
1373.8000us:     33    -2047    
1373.9000us:    664    -1936    
1374.0000us:   1230    -1636    
1374.1000us:   1675    -1175    
1374.2000us:   1958     -600    
1374.3000us:   2047       33    
1374.4000us:   1936      664    
1374.5000us:   1636     1230    
1374.6000us:   1175     1675    
1374.7000us:    600     1958    
1374.8000us:    -33     2047    
1374.9000us:   -664     1936    
1375.0000us:  -1230     1636    
1375.1000us:  -1675     1175    
1375.2000us:  -1958      600    
1375.3000us:  -2047      -33    
1375.4000us:  -1936     -664    
1375.5000us:  -1636    -1230    
1375.6000us:  -1175    -1675    
1375.7000us:   -600    -1958    
1375.8000us:     33    -2047    
1375.9000us:    664    -1936    
1376.0000us:   1230    -1636    
1376.1000us:   1675    -1175    
1376.2000us:   1958     -600    
1376.3000us:   2047       33    
1376.4000us:   1936      665    
1376.5000us:   1636     1230    
1376.6000us:   1175     1675    
1376.7000us:    600     1958    
1376.8000us:    -33     2047    
1376.9000us:   -665     1936    
1377.0000us:  -1230     1636    
1377.1000us:  -1675     1175    
1377.2000us:  -1958      600    
1377.3000us:  -2047      -33    
1377.4000us:  -1936     -665    
1377.5000us:  -1636    -1230    
1377.6000us:  -1175    -1675    
1377.7000us:   -600    -1958    
1377.8000us:     33    -2047    
1377.9000us:    665    -1936    
1378.0000us:   1230    -1636    
1378.1000us:   1675    -1175    
1378.2000us:   1958     -600    
1378.3000us:   2047       33    
1378.4000us:   1936      665    
1378.5000us:   1636     1230    
1378.6000us:   1175     1675    
1378.7000us:    600     1958    
1378.8000us:    -33     2047    
1378.9000us:   -665     1936    
1379.0000us:  -1230     1636    
1379.1000us:  -1675     1175    
1379.2000us:  -1958      600    
1379.3000us:  -2047      -33    
1379.4000us:  -1936     -665    
1379.5000us:  -1636    -1230    
1379.6000us:  -1175    -1675    
1379.7000us:   -600    -1958    
1379.8000us:     33    -2047    
1379.9000us:    665    -1936    
1380.0000us:   1230    -1636    
1380.1000us:   1675    -1175    
1380.2000us:   1958     -600    
1380.3000us:   2047       33    
1380.4000us:   1936      665    
1380.5000us:   1636     1230    
1380.6000us:   1175     1675    
1380.7000us:    600     1958    
1380.8000us:    -33     2047    
1380.9000us:   -665     1936    
1381.0000us:  -1230     1636    
1381.1000us:  -1675     1175    
1381.2000us:  -1958      600    
1381.3000us:  -2047      -33    
1381.4000us:  -1936     -665    
1381.5000us:  -1636    -1230    
1381.6000us:  -1175    -1675    
1381.7000us:   -600    -1958    
1381.8000us:     33    -2047    
1381.9000us:    665    -1936    
1382.0000us:   1230    -1636    
1382.1000us:   1675    -1175    
1382.2000us:   1958     -600    
1382.3000us:   2047       33    
1382.4000us:   1936      665    
1382.5000us:   1636     1230    
1382.6000us:   1175     1675    
1382.7000us:    600     1958    
1382.8000us:    -34     2047    
1382.9000us:   -665     1936    
1383.0000us:  -1230     1636    
1383.1000us:  -1675     1175    
1383.2000us:  -1958      600    
1383.3000us:  -2047      -34    
1383.4000us:  -1936     -665    
1383.5000us:  -1636    -1230    
1383.6000us:  -1175    -1675    
1383.7000us:   -600    -1958    
1383.8000us:     34    -2047    
1383.9000us:    665    -1936    
1384.0000us:   1230    -1636    
1384.1000us:   1675    -1175    
1384.2000us:   1958     -600    
1384.3000us:   2047       34    
1384.4000us:   1936      665    
1384.5000us:   1636     1230    
1384.6000us:   1175     1675    
1384.7000us:    600     1958    
1384.8000us:    -34     2047    
1384.9000us:   -665     1936    
1385.0000us:  -1230     1636    
1385.1000us:  -1675     1175    
1385.2000us:  -1958      600    
1385.3000us:  -2047      -34    
1385.4000us:  -1936     -665    
1385.5000us:  -1636    -1230    
1385.6000us:  -1175    -1675    
1385.7000us:   -600    -1958    
1385.8000us:     34    -2047    
1385.9000us:    665    -1936    
1386.0000us:   1230    -1636    
1386.1000us:   1675    -1175    
1386.2000us:   1958     -600    
1386.3000us:   2047       34    
1386.4000us:   1936      665    
1386.5000us:   1636     1230    
1386.6000us:   1175     1675    
1386.7000us:    600     1958    
1386.8000us:    -34     2047    
1386.9000us:   -665     1936    
1387.0000us:  -1230     1636    
1387.1000us:  -1675     1175    
1387.2000us:  -1958      600    
1387.3000us:  -2047      -34    
1387.4000us:  -1936     -665    
1387.5000us:  -1636    -1230    
1387.6000us:  -1175    -1675    
1387.7000us:   -600    -1958    
1387.8000us:     34    -2047    
1387.9000us:    665    -1936    
1388.0000us:   1230    -1636    
1388.1000us:   1675    -1175    
1388.2000us:   1958     -600    
1388.3000us:   2047       34    
1388.4000us:   1936      665    
1388.5000us:   1636     1230    
1388.6000us:   1175     1675    
1388.7000us:    600     1958    
1388.8000us:    -34     2047    
1388.9000us:   -665     1936    
1389.0000us:  -1230     1636    
1389.1000us:  -1675     1175    
1389.2000us:  -1958      600    
1389.3000us:  -2047      -34    
1389.4000us:  -1936     -665    
1389.5000us:  -1636    -1230    
1389.6000us:  -1175    -1675    
1389.7000us:   -600    -1958    
1389.8000us:     34    -2047    
1389.9000us:    665    -1936    
1390.0000us:   1230    -1636    
1390.1000us:   1675    -1175    
1390.2000us:   1958     -600    
1390.3000us:   2047       34    
1390.4000us:   1936      665    
1390.5000us:   1636     1230    
1390.6000us:   1175     1675    
1390.7000us:    600     1958    
1390.8000us:    -34     2047    
1390.9000us:   -665     1936    
1391.0000us:  -1230     1636    
1391.1000us:  -1675     1175    
1391.2000us:  -1958      600    
1391.3000us:  -2047      -34    
1391.4000us:  -1936     -665    
1391.5000us:  -1636    -1230    
1391.6000us:  -1175    -1675    
1391.7000us:   -600    -1958    
1391.8000us:     34    -2047    
1391.9000us:    665    -1936    
1392.0000us:   1230    -1636    
1392.1000us:   1675    -1175    
1392.2000us:   1958     -600    
1392.3000us:   2047       34    
1392.4000us:   1936      665    
1392.5000us:   1636     1230    
1392.6000us:   1175     1675    
1392.7000us:    600     1958    
1392.8000us:    -34     2047    
1392.9000us:   -665     1936    
1393.0000us:  -1230     1636    
1393.1000us:  -1675     1175    
1393.2000us:  -1958      600    
1393.3000us:  -2047      -34    
1393.4000us:  -1936     -665    
1393.5000us:  -1636    -1230    
1393.6000us:  -1175    -1675    
1393.7000us:   -600    -1958    
1393.8000us:     34    -2047    
1393.9000us:    665    -1936    
1394.0000us:   1230    -1636    
1394.1000us:   1675    -1175    
1394.2000us:   1958     -600    
1394.3000us:   2047       34    
1394.4000us:   1936      665    
1394.5000us:   1636     1230    
1394.6000us:   1175     1675    
1394.7000us:    600     1958    
1394.8000us:    -34     2047    
1394.9000us:   -665     1936    
1395.0000us:  -1230     1636    
1395.1000us:  -1675     1175    
1395.2000us:  -1958      600    
1395.3000us:  -2047      -34    
1395.4000us:  -1936     -665    
1395.5000us:  -1636    -1230    
1395.6000us:  -1175    -1676    
1395.7000us:   -600    -1958    
1395.8000us:     34    -2047    
1395.9000us:    665    -1936    
1396.0000us:   1230    -1636    
1396.1000us:   1676    -1175    
1396.2000us:   1958     -600    
1396.3000us:   2047       34    
1396.4000us:   1936      665    
1396.5000us:   1636     1230    
1396.6000us:   1175     1676    
1396.7000us:    600     1958    
1396.8000us:    -34     2047    
1396.9000us:   -665     1936    
1397.0000us:  -1230     1636    
1397.1000us:  -1676     1175    
1397.2000us:  -1958      600    
1397.3000us:  -2047      -34    
1397.4000us:  -1936     -665    
1397.5000us:  -1636    -1230    
1397.6000us:  -1175    -1676    
1397.7000us:   -600    -1958    
1397.8000us:     34    -2047    
1397.9000us:    665    -1936    
1398.0000us:   1230    -1636    
1398.1000us:   1676    -1175    
1398.2000us:   1958     -600    
1398.3000us:   2047       34    
1398.4000us:   1936      665    
1398.5000us:   1636     1230    
1398.6000us:   1175     1676    
1398.7000us:    600     1958    
1398.8000us:    -34     2047    
1398.9000us:   -665     1936    
1399.0000us:  -1230     1636    
1399.1000us:  -1676     1175    
1399.2000us:  -1958      600    
1399.3000us:  -2047      -34    
1399.4000us:  -1936     -665    
1399.5000us:  -1636    -1230    
1399.6000us:  -1175    -1676    
1399.7000us:   -600    -1958    
1399.8000us:     34    -2047    
1399.9000us:    665    -1936    
1400.0000us:   1230    -1636    
1400.1000us:   1676    -1175    
1400.2000us:   1958     -600    
1400.3000us:   2047       34    
1400.4000us:   1936      665    
1400.5000us:   1636     1230    
1400.6000us:   1175     1676    
1400.7000us:    600     1958    
1400.8000us:    -34     2047    
1400.9000us:   -665     1936    
1401.0000us:  -1230     1636    
1401.1000us:  -1676     1175    
1401.2000us:  -1958      600    
1401.3000us:  -2047      -34    
1401.4000us:  -1936     -665    
1401.5000us:  -1636    -1230    
1401.6000us:  -1175    -1676    
1401.7000us:   -600    -1958    
1401.8000us:     34    -2047    
1401.9000us:    665    -1936    
1402.0000us:   1231    -1636    
1402.1000us:   1676    -1175    
1402.2000us:   1958     -600    
1402.3000us:   2047       34    
1402.4000us:   1936      665    
1402.5000us:   1636     1231    
1402.6000us:   1175     1676    
1402.7000us:    600     1958    
1402.8000us:    -34     2047    
1402.9000us:   -665     1936    
1403.0000us:  -1231     1636    
1403.1000us:  -1676     1175    
1403.2000us:  -1958      600    
1403.3000us:  -2047      -34    
1403.4000us:  -1936     -665    
1403.5000us:  -1636    -1231    
1403.6000us:  -1175    -1676    
1403.7000us:   -600    -1958    
1403.8000us:     34    -2047    
1403.9000us:    665    -1936    
1404.0000us:   1231    -1636    
1404.1000us:   1676    -1175    
1404.2000us:   1958     -600    
1404.3000us:   2047       34    
1404.4000us:   1936      665    
1404.5000us:   1636     1231    
1404.6000us:   1175     1676    
1404.7000us:    600     1958    
1404.8000us:    -34     2047    
1404.9000us:   -665     1936    
1405.0000us:  -1231     1636    
1405.1000us:  -1676     1175    
1405.2000us:  -1958      600    
1405.3000us:  -2047      -34    
1405.4000us:  -1936     -665    
1405.5000us:  -1636    -1231    
1405.6000us:  -1175    -1676    
1405.7000us:   -600    -1958    
1405.8000us:     34    -2047    
1405.9000us:    665    -1936    
1406.0000us:   1231    -1636    
1406.1000us:   1676    -1175    
1406.2000us:   1958     -600    
1406.3000us:   2047       34    
1406.4000us:   1936      665    
1406.5000us:   1636     1231    
1406.6000us:   1175     1676    
1406.7000us:    600     1958    
1406.8000us:    -34     2047    
1406.9000us:   -665     1936    
1407.0000us:  -1231     1636    
1407.1000us:  -1676     1175    
1407.2000us:  -1958      600    
1407.3000us:  -2047      -34    
1407.4000us:  -1936     -665    
1407.5000us:  -1636    -1231    
1407.6000us:  -1175    -1676    
1407.7000us:   -600    -1958    
1407.8000us:     34    -2047    
1407.9000us:    665    -1936    
1408.0000us:   1231    -1636    
1408.1000us:   1676    -1175    
1408.2000us:   1958     -600    
1408.3000us:   2047       34    
1408.4000us:   1935      666    
1408.5000us:   1636     1231    
1408.6000us:   1175     1676    
1408.7000us:    600     1958    
1408.8000us:    -34     2047    
1408.9000us:   -666     1935    
1409.0000us:  -1231     1636    
1409.1000us:  -1676     1175    
1409.2000us:  -1958      600    
1409.3000us:  -2047      -34    
1409.4000us:  -1935     -666    
1409.5000us:  -1636    -1231    
1409.6000us:  -1175    -1676    
1409.7000us:   -600    -1958    
1409.8000us:     34    -2047    
1409.9000us:    666    -1935    
1410.0000us:   1231    -1636    
1410.1000us:   1676    -1175    
1410.2000us:   1958     -600    
1410.3000us:   2047       34    
1410.4000us:   1935      666    
1410.5000us:   1636     1231    
1410.6000us:   1175     1676    
1410.7000us:    600     1958    
1410.8000us:    -34     2047    
1410.9000us:   -666     1935    
1411.0000us:  -1231     1636    
1411.1000us:  -1676     1175    
1411.2000us:  -1958      600    
1411.3000us:  -2047      -34    
1411.4000us:  -1935     -666    
1411.5000us:  -1636    -1231    
1411.6000us:  -1175    -1676    
1411.7000us:   -600    -1958    
1411.8000us:     34    -2047    
1411.9000us:    666    -1935    
1412.0000us:   1231    -1636    
1412.1000us:   1676    -1175    
1412.2000us:   1958     -600    
1412.3000us:   2047       34    
1412.4000us:   1935      666    
1412.5000us:   1636     1231    
1412.6000us:   1175     1676    
1412.7000us:    600     1958    
1412.8000us:    -34     2047    
1412.9000us:   -666     1935    
1413.0000us:  -1231     1636    
1413.1000us:  -1676     1175    
1413.2000us:  -1958      600    
1413.3000us:  -2047      -34    
1413.4000us:  -1935     -666    
1413.5000us:  -1636    -1231    
1413.6000us:  -1175    -1676    
1413.7000us:   -600    -1958    
1413.8000us:     34    -2047    
1413.9000us:    666    -1935    
1414.0000us:   1231    -1636    
1414.1000us:   1676    -1175    
1414.2000us:   1958     -600    
1414.3000us:   2047       34    
1414.4000us:   1935      666    
1414.5000us:   1636     1231    
1414.6000us:   1175     1676    
1414.7000us:    600     1958    
1414.8000us:    -35     2047    
1414.9000us:   -666     1935    
1415.0000us:  -1231     1636    
1415.1000us:  -1676     1175    
1415.2000us:  -1958      600    
1415.3000us:  -2047      -35    
1415.4000us:  -1935     -666    
1415.5000us:  -1636    -1231    
1415.6000us:  -1175    -1676    
1415.7000us:   -600    -1958    
1415.8000us:     35    -2047    
1415.9000us:    666    -1935    
1416.0000us:   1231    -1636    
1416.1000us:   1676    -1175    
1416.2000us:   1958     -600    
1416.3000us:   2047       35    
1416.4000us:   1935      666    
1416.5000us:   1636     1231    
1416.6000us:   1175     1676    
1416.7000us:    600     1958    
1416.8000us:    -35     2047    
1416.9000us:   -666     1935    
1417.0000us:  -1231     1636    
1417.1000us:  -1676     1175    
1417.2000us:  -1958      600    
1417.3000us:  -2047      -35    
1417.4000us:  -1935     -666    
1417.5000us:  -1636    -1231    
1417.6000us:  -1175    -1676    
1417.7000us:   -600    -1958    
1417.8000us:     35    -2047    
1417.9000us:    666    -1935    
1418.0000us:   1231    -1636    
1418.1000us:   1676    -1175    
1418.2000us:   1958     -600    
1418.3000us:   2047       35    
1418.4000us:   1935      666    
1418.5000us:   1636     1231    
1418.6000us:   1175     1676    
1418.7000us:    600     1958    
1418.8000us:    -35     2047    
1418.9000us:   -666     1935    
1419.0000us:  -1231     1636    
1419.1000us:  -1676     1175    
1419.2000us:  -1958      600    
1419.3000us:  -2047      -35    
1419.4000us:  -1935     -666    
1419.5000us:  -1636    -1231    
1419.6000us:  -1175    -1676    
1419.7000us:   -600    -1958    
1419.8000us:     35    -2047    
1419.9000us:    666    -1935    
1420.0000us:   1231    -1636    
1420.1000us:   1676    -1175    
1420.2000us:   1958     -600    
1420.3000us:   2047       35    
1420.4000us:   1935      666    
1420.5000us:   1636     1231    
1420.6000us:   1175     1676    
1420.7000us:    600     1958    
1420.8000us:    -35     2047    
1420.9000us:   -666     1935    
1421.0000us:  -1231     1636    
1421.1000us:  -1676     1175    
1421.2000us:  -1958      599    
1421.3000us:  -2047      -35    
1421.4000us:  -1935     -666    
1421.5000us:  -1636    -1231    
1421.6000us:  -1175    -1676    
1421.7000us:   -599    -1958    
1421.8000us:     35    -2047    
1421.9000us:    666    -1935    
1422.0000us:   1231    -1636    
1422.1000us:   1676    -1175    
1422.2000us:   1958     -599    
1422.3000us:   2047       35    
1422.4000us:   1935      666    
1422.5000us:   1636     1231    
1422.6000us:   1175     1676    
1422.7000us:    599     1958    
1422.8000us:    -35     2047    
1422.9000us:   -666     1935    
1423.0000us:  -1231     1636    
1423.1000us:  -1676     1175    
1423.2000us:  -1958      599    
1423.3000us:  -2047      -35    
1423.4000us:  -1935     -666    
1423.5000us:  -1636    -1231    
1423.6000us:  -1175    -1676    
1423.7000us:   -599    -1958    
1423.8000us:     35    -2047    
1423.9000us:    666    -1935    
1424.0000us:   1231    -1636    
1424.1000us:   1676    -1175    
1424.2000us:   1958     -599    
1424.3000us:   2047       35    
1424.4000us:   1935      666    
1424.5000us:   1636     1231    
1424.6000us:   1175     1676    
1424.7000us:    599     1958    
1424.8000us:    -35     2047    
1424.9000us:   -666     1935    
1425.0000us:  -1231     1636    
1425.1000us:  -1676     1175    
1425.2000us:  -1958      599    
1425.3000us:  -2047      -35    
1425.4000us:  -1935     -666    
1425.5000us:  -1636    -1231    
1425.6000us:  -1175    -1676    
1425.7000us:   -599    -1958    
1425.8000us:     35    -2047    
1425.9000us:    666    -1935    
1426.0000us:   1231    -1636    
1426.1000us:   1676    -1175    
1426.2000us:   1958     -599    
1426.3000us:   2047       35    
1426.4000us:   1935      666    
1426.5000us:   1636     1231    
1426.6000us:   1175     1676    
1426.7000us:    599     1958    
1426.8000us:    -35     2047    
1426.9000us:   -666     1935    
1427.0000us:  -1231     1636    
1427.1000us:  -1676     1175    
1427.2000us:  -1958      599    
1427.3000us:  -2047      -35    
1427.4000us:  -1935     -666    
1427.5000us:  -1636    -1231    
1427.6000us:  -1174    -1676    
1427.7000us:   -599    -1958    
1427.8000us:     35    -2047    
1427.9000us:    666    -1935    
1428.0000us:   1231    -1636    
1428.1000us:   1676    -1174    
1428.2000us:   1958     -599    
1428.3000us:   2047       35    
1428.4000us:   1935      666    
1428.5000us:   1636     1231    
1428.6000us:   1174     1676    
1428.7000us:    599     1958    
1428.8000us:    -35     2047    
1428.9000us:   -666     1935    
1429.0000us:  -1231     1636    
1429.1000us:  -1676     1174    
1429.2000us:  -1958      599    
1429.3000us:  -2047      -35    
1429.4000us:  -1935     -666    
1429.5000us:  -1636    -1231    
1429.6000us:  -1174    -1676    
1429.7000us:   -599    -1958    
1429.8000us:     35    -2047    
1429.9000us:    666    -1935    
1430.0000us:   1231    -1636    
1430.1000us:   1676    -1174    
1430.2000us:   1958     -599    
1430.3000us:   2047       35    
1430.4000us:   1935      666    
1430.5000us:   1636     1231    
1430.6000us:   1174     1676    
1430.7000us:    599     1958    
1430.8000us:    -35     2047    
1430.9000us:   -666     1935    
1431.0000us:  -1231     1636    
1431.1000us:  -1676     1174    
1431.2000us:  -1958      599    
1431.3000us:  -2047      -35    
1431.4000us:  -1935     -666    
1431.5000us:  -1636    -1231    
1431.6000us:  -1174    -1676    
1431.7000us:   -599    -1958    
1431.8000us:     35    -2047    
1431.9000us:    666    -1935    
1432.0000us:   1231    -1636    
1432.1000us:   1676    -1174    
1432.2000us:   1958     -599    
1432.3000us:   2047       35    
1432.4000us:   1935      666    
1432.5000us:   1636     1231    
1432.6000us:   1174     1676    
1432.7000us:    599     1958    
1432.8000us:    -35     2047    
1432.9000us:   -666     1935    
1433.0000us:  -1231     1636    
1433.1000us:  -1676     1174    
1433.2000us:  -1958      599    
1433.3000us:  -2047      -35    
1433.4000us:  -1935     -666    
1433.5000us:  -1636    -1231    
1433.6000us:  -1174    -1676    
1433.7000us:   -599    -1958    
1433.8000us:     35    -2047    
1433.9000us:    666    -1935    
1434.0000us:   1231    -1635    
1434.1000us:   1676    -1174    
1434.2000us:   1958     -599    
1434.3000us:   2047       35    
1434.4000us:   1935      666    
1434.5000us:   1635     1231    
1434.6000us:   1174     1676    
1434.7000us:    599     1958    
1434.8000us:    -35     2047    
1434.9000us:   -666     1935    
1435.0000us:  -1231     1635    
1435.1000us:  -1676     1174    
1435.2000us:  -1958      599    
1435.3000us:  -2047      -35    
1435.4000us:  -1935     -666    
1435.5000us:  -1635    -1231    
1435.6000us:  -1174    -1676    
1435.7000us:   -599    -1958    
1435.8000us:     35    -2047    
1435.9000us:    666    -1935    
1436.0000us:   1231    -1635    
1436.1000us:   1676    -1174    
1436.2000us:   1958     -599    
1436.3000us:   2047       35    
1436.4000us:   1935      666    
1436.5000us:   1635     1231    
1436.6000us:   1174     1676    
1436.7000us:    599     1958    
1436.8000us:    -35     2047    
1436.9000us:   -666     1935    
1437.0000us:  -1231     1635    
1437.1000us:  -1676     1174    
1437.2000us:  -1958      599    
1437.3000us:  -2047      -35    
1437.4000us:  -1935     -666    
1437.5000us:  -1635    -1231    
1437.6000us:  -1174    -1676    
1437.7000us:   -599    -1958    
1437.8000us:     35    -2047    
1437.9000us:    666    -1935    
1438.0000us:   1231    -1635    
1438.1000us:   1676    -1174    
1438.2000us:   1958     -599    
1438.3000us:   2047       35    
1438.4000us:   1935      666    
1438.5000us:   1635     1231    
1438.6000us:   1174     1676    
1438.7000us:    599     1958    
1438.8000us:    -35     2047    
1438.9000us:   -666     1935    
1439.0000us:  -1231     1635    
1439.1000us:  -1676     1174    
1439.2000us:  -1958      599    
1439.3000us:  -2047      -35    
1439.4000us:  -1935     -666    
1439.5000us:  -1635    -1231    
1439.6000us:  -1174    -1676    
1439.7000us:   -599    -1958    
1439.8000us:     35    -2047    
1439.9000us:    666    -1935    
1440.0000us:   1231    -1635    
1440.1000us:   1676    -1174    
1440.2000us:   1958     -599    
1440.3000us:   2047       35    
1440.4000us:   1936      666    
1440.5000us:   1635     1231    
1440.6000us:   1174     1676    
1440.7000us:    599     1958    
1440.8000us:    -35     2047    
1440.9000us:   -666     1936    
1441.0000us:  -1231     1635    
1441.1000us:  -1676     1174    
1441.2000us:  -1958      599    
1441.3000us:  -2047      -35    
1441.4000us:  -1936     -666    
1441.5000us:  -1635    -1231    
1441.6000us:  -1174    -1676    
1441.7000us:   -599    -1958    
1441.8000us:     35    -2047    
1441.9000us:    666    -1936    
1442.0000us:   1231    -1635    
1442.1000us:   1676    -1174    
1442.2000us:   1958     -599    
1442.3000us:   2047       35    
1442.4000us:   1936      666    
1442.5000us:   1635     1231    
1442.6000us:   1174     1676    
1442.7000us:    599     1958    
1442.8000us:    -35     2047    
1442.9000us:   -666     1936    
1443.0000us:  -1231     1635    
1443.1000us:  -1676     1174    
1443.2000us:  -1958      599    
1443.3000us:  -2047      -35    
1443.4000us:  -1936     -666    
1443.5000us:  -1635    -1231    
1443.6000us:  -1174    -1676    
1443.7000us:   -599    -1958    
1443.8000us:     35    -2047    
1443.9000us:    666    -1936    
1444.0000us:   1231    -1635    
1444.1000us:   1676    -1174    
1444.2000us:   1958     -599    
1444.3000us:   2047       35    
1444.4000us:   1936      666    
1444.5000us:   1635     1231    
1444.6000us:   1174     1676    
1444.7000us:    599     1958    
1444.8000us:    -35     2047    
1444.9000us:   -666     1936    
1445.0000us:  -1231     1635    
1445.1000us:  -1676     1174    
1445.2000us:  -1958      599    
1445.3000us:  -2047      -35    
1445.4000us:  -1936     -666    
1445.5000us:  -1635    -1231    
1445.6000us:  -1174    -1676    
1445.7000us:   -599    -1958    
1445.8000us:     35    -2047    
1445.9000us:    666    -1936    
1446.0000us:   1231    -1635    
1446.1000us:   1676    -1174    
1446.2000us:   1958     -599    
1446.3000us:   2047       35    
1446.4000us:   1936      666    
1446.5000us:   1635     1231    
1446.6000us:   1174     1676    
1446.7000us:    599     1958    
1446.8000us:    -36     2047    
1446.9000us:   -666     1936    
1447.0000us:  -1231     1635    
1447.1000us:  -1676     1174    
1447.2000us:  -1958      599    
1447.3000us:  -2047      -36    
1447.4000us:  -1936     -666    
1447.5000us:  -1635    -1231    
1447.6000us:  -1174    -1676    
1447.7000us:   -599    -1958    
1447.8000us:     36    -2047    
1447.9000us:    666    -1936    
1448.0000us:   1231    -1635    
1448.1000us:   1676    -1174    
1448.2000us:   1958     -599    
1448.3000us:   2047       36    
1448.4000us:   1936      666    
1448.5000us:   1635     1231    
1448.6000us:   1174     1676    
1448.7000us:    599     1958    
1448.8000us:    -36     2047    
1448.9000us:   -666     1936    
1449.0000us:  -1231     1635    
1449.1000us:  -1676     1174    
1449.2000us:  -1958      599    
1449.3000us:  -2047      -36    
1449.4000us:  -1936     -666    
1449.5000us:  -1635    -1231    
1449.6000us:  -1174    -1676    
1449.7000us:   -599    -1958    
1449.8000us:     36    -2047    
1449.9000us:    666    -1936    
1450.0000us:   1231    -1635    
1450.1000us:   1676    -1174    
1450.2000us:   1958     -599    
1450.3000us:   2047       36    
1450.4000us:   1936      666    
1450.5000us:   1635     1231    
1450.6000us:   1174     1676    
1450.7000us:    599     1958    
1450.8000us:    -36     2047    
1450.9000us:   -666     1936    
1451.0000us:  -1231     1635    
1451.1000us:  -1676     1174    
1451.2000us:  -1958      599    
1451.3000us:  -2047      -36    
1451.4000us:  -1936     -666    
1451.5000us:  -1635    -1231    
1451.6000us:  -1174    -1676    
1451.7000us:   -599    -1958    
1451.8000us:     36    -2047    
1451.9000us:    666    -1936    
1452.0000us:   1231    -1635    
1452.1000us:   1676    -1174    
1452.2000us:   1958     -599    
1452.3000us:   2047       36    
1452.4000us:   1936      666    
1452.5000us:   1635     1231    
1452.6000us:   1174     1676    
1452.7000us:    599     1958    
1452.8000us:    -36     2047    
1452.9000us:   -666     1936    
1453.0000us:  -1231     1635    
1453.1000us:  -1676     1174    
1453.2000us:  -1958      598    
1453.3000us:  -2047      -36    
1453.4000us:  -1936     -666    
1453.5000us:  -1635    -1231    
1453.6000us:  -1174    -1676    
1453.7000us:   -598    -1958    
1453.8000us:     36    -2047    
1453.9000us:    666    -1936    
1454.0000us:   1231    -1635    
1454.1000us:   1676    -1174    
1454.2000us:   1958     -598    
1454.3000us:   2047       36    
1454.4000us:   1936      666    
1454.5000us:   1635     1231    
1454.6000us:   1174     1676    
1454.7000us:    598     1958    
1454.8000us:    -36     2047    
1454.9000us:   -666     1936    
1455.0000us:  -1231     1635    
1455.1000us:  -1676     1174    
1455.2000us:  -1958      598    
1455.3000us:  -2047      -36    
1455.4000us:  -1936     -666    
1455.5000us:  -1635    -1231    
1455.6000us:  -1174    -1676    
1455.7000us:   -598    -1958    
1455.8000us:     36    -2047    
1455.9000us:    666    -1936    
1456.0000us:   1231    -1635    
1456.1000us:   1676    -1174    
1456.2000us:   1958     -598    
1456.3000us:   2047       36    
1456.4000us:   1936      666    
1456.5000us:   1635     1231    
1456.6000us:   1174     1676    
1456.7000us:    598     1958    
1456.8000us:    -36     2047    
1456.9000us:   -666     1936    
1457.0000us:  -1231     1635    
1457.1000us:  -1676     1174    
1457.2000us:  -1958      598    
1457.3000us:  -2047      -36    
1457.4000us:  -1936     -666    
1457.5000us:  -1635    -1231    
1457.6000us:  -1174    -1676    
1457.7000us:   -598    -1958    
1457.8000us:     36    -2047    
1457.9000us:    666    -1936    
1458.0000us:   1231    -1635    
1458.1000us:   1676    -1174    
1458.2000us:   1958     -598    
1458.3000us:   2047       36    
1458.4000us:   1936      666    
1458.5000us:   1635     1231    
1458.6000us:   1174     1676    
1458.7000us:    598     1958    
1458.8000us:    -36     2047    
1458.9000us:   -666     1936    
1459.0000us:  -1231     1635    
1459.1000us:  -1676     1174    
1459.2000us:  -1958      598    
1459.3000us:  -2047      -36    
1459.4000us:  -1936     -666    
1459.5000us:  -1635    -1231    
1459.6000us:  -1174    -1677    
1459.7000us:   -598    -1958    
1459.8000us:     36    -2047    
1459.9000us:    666    -1936    
1460.0000us:   1231    -1635    
1460.1000us:   1677    -1174    
1460.2000us:   1958     -598    
1460.3000us:   2047       36    
1460.4000us:   1936      666    
1460.5000us:   1635     1231    
1460.6000us:   1174     1677    
1460.7000us:    598     1958    
1460.8000us:    -36     2047    
1460.9000us:   -666     1936    
1461.0000us:  -1231     1635    
1461.1000us:  -1677     1174    
1461.2000us:  -1958      598    
1461.3000us:  -2047      -36    
1461.4000us:  -1936     -666    
1461.5000us:  -1635    -1231    
1461.6000us:  -1174    -1677    
1461.7000us:   -598    -1958    
1461.8000us:     36    -2047    
1461.9000us:    666    -1936    
1462.0000us:   1231    -1635    
1462.1000us:   1677    -1174    
1462.2000us:   1958     -598    
1462.3000us:   2047       36    
1462.4000us:   1936      666    
1462.5000us:   1635     1231    
1462.6000us:   1174     1677    
1462.7000us:    598     1958    
1462.8000us:    -36     2047    
1462.9000us:   -666     1936    
1463.0000us:  -1231     1635    
1463.1000us:  -1677     1174    
1463.2000us:  -1958      598    
1463.3000us:  -2047      -36    
1463.4000us:  -1936     -666    
1463.5000us:  -1635    -1231    
1463.6000us:  -1174    -1677    
1463.7000us:   -598    -1958    
1463.8000us:     36    -2047    
1463.9000us:    666    -1936    
1464.0000us:   1231    -1635    
1464.1000us:   1677    -1174    
1464.2000us:   1958     -598    
1464.3000us:   2047       36    
1464.4000us:   1936      666    
1464.5000us:   1635     1231    
1464.6000us:   1174     1677    
1464.7000us:    598     1958    
1464.8000us:    -36     2047    
1464.9000us:   -666     1936    
1465.0000us:  -1231     1635    
1465.1000us:  -1677     1174    
1465.2000us:  -1958      598    
1465.3000us:  -2047      -36    
1465.4000us:  -1936     -666    
1465.5000us:  -1635    -1231    
1465.6000us:  -1174    -1677    
1465.7000us:   -598    -1958    
1465.8000us:     36    -2047    
1465.9000us:    666    -1936    
1466.0000us:   1232    -1635    
1466.1000us:   1677    -1174    
1466.2000us:   1958     -598    
1466.3000us:   2047       36    
1466.4000us:   1936      666    
1466.5000us:   1635     1232    
1466.6000us:   1174     1677    
1466.7000us:    598     1958    
1466.8000us:    -36     2047    
1466.9000us:   -666     1936    
1467.0000us:  -1232     1635    
1467.1000us:  -1677     1174    
1467.2000us:  -1958      598    
1467.3000us:  -2047      -36    
1467.4000us:  -1936     -666    
1467.5000us:  -1635    -1232    
1467.6000us:  -1174    -1677    
1467.7000us:   -598    -1958    
1467.8000us:     36    -2047    
1467.9000us:    666    -1936    
1468.0000us:   1232    -1635    
1468.1000us:   1677    -1174    
1468.2000us:   1958     -598    
1468.3000us:   2047       36    
1468.4000us:   1936      666    
1468.5000us:   1635     1232    
1468.6000us:   1174     1677    
1468.7000us:    598     1958    
1468.8000us:    -36     2047    
1468.9000us:   -666     1936    
1469.0000us:  -1232     1635    
1469.1000us:  -1677     1174    
1469.2000us:  -1958      598    
1469.3000us:  -2047      -36    
1469.4000us:  -1936     -666    
1469.5000us:  -1635    -1232    
1469.6000us:  -1174    -1677    
1469.7000us:   -598    -1958    
1469.8000us:     36    -2047    
1469.9000us:    666    -1936    
1470.0000us:   1232    -1635    
1470.1000us:   1677    -1174    
1470.2000us:   1958     -598    
1470.3000us:   2047       36    
1470.4000us:   1936      666    
1470.5000us:   1635     1232    
1470.6000us:   1174     1677    
1470.7000us:    598     1958    
1470.8000us:    -36     2047    
1470.9000us:   -666     1936    
1471.0000us:  -1232     1635    
1471.1000us:  -1677     1174    
1471.2000us:  -1958      598    
1471.3000us:  -2047      -36    
1471.4000us:  -1936     -666    
1471.5000us:  -1635    -1232    
1471.6000us:  -1174    -1677    
1471.7000us:   -598    -1958    
1471.8000us:     36    -2047    
1471.9000us:    666    -1936    
1472.0000us:   1232    -1635    
1472.1000us:   1677    -1174    
1472.2000us:   1958     -598    
1472.3000us:   2047       36    
1472.4000us:   1935      666    
1472.5000us:   1635     1232    
1472.6000us:   1174     1677    
1472.7000us:    598     1958    
1472.8000us:    -36     2047    
1472.9000us:   -666     1935    
1473.0000us:  -1232     1635    
1473.1000us:  -1677     1174    
1473.2000us:  -1958      598    
1473.3000us:  -2047      -36    
1473.4000us:  -1935     -666    
1473.5000us:  -1635    -1232    
1473.6000us:  -1174    -1677    
1473.7000us:   -598    -1958    
1473.8000us:     36    -2047    
1473.9000us:    666    -1935    
1474.0000us:   1232    -1635    
1474.1000us:   1677    -1174    
1474.2000us:   1958     -598    
1474.3000us:   2047       36    
1474.4000us:   1935      666    
1474.5000us:   1635     1232    
1474.6000us:   1174     1677    
1474.7000us:    598     1958    
1474.8000us:    -36     2047    
1474.9000us:   -666     1935    
1475.0000us:  -1232     1635    
1475.1000us:  -1677     1174    
1475.2000us:  -1958      598    
1475.3000us:  -2047      -36    
1475.4000us:  -1935     -666    
1475.5000us:  -1635    -1232    
1475.6000us:  -1174    -1677    
1475.7000us:   -598    -1958    
1475.8000us:     36    -2047    
1475.9000us:    666    -1935    
1476.0000us:   1232    -1635    
1476.1000us:   1677    -1174    
1476.2000us:   1958     -598    
1476.3000us:   2047       36    
1476.4000us:   1935      666    
1476.5000us:   1635     1232    
1476.6000us:   1174     1677    
1476.7000us:    598     1958    
1476.8000us:    -36     2047    
1476.9000us:   -666     1935    
1477.0000us:  -1232     1635    
1477.1000us:  -1677     1174    
1477.2000us:  -1958      598    
1477.3000us:  -2047      -36    
1477.4000us:  -1935     -666    
1477.5000us:  -1635    -1232    
1477.6000us:  -1174    -1677    
1477.7000us:   -598    -1958    
1477.8000us:     36    -2047    
1477.9000us:    666    -1935    
1478.0000us:   1232    -1635    
1478.1000us:   1677    -1174    
1478.2000us:   1958     -598    
1478.3000us:   2047       36    
1478.4000us:   1935      666    
1478.5000us:   1635     1232    
1478.6000us:   1174     1677    
1478.7000us:    598     1958    
1478.8000us:    -36     2047    
1478.9000us:   -666     1935    
1479.0000us:  -1232     1635    
1479.1000us:  -1677     1174    
1479.2000us:  -1958      598    
1479.3000us:  -2047      -36    
1479.4000us:  -1935     -666    
1479.5000us:  -1635    -1232    
1479.6000us:  -1174    -1677    
1479.7000us:   -598    -1958    
1479.8000us:     36    -2047    
1479.9000us:    666    -1935    
1480.0000us:   1232    -1635    
1480.1000us:   1677    -1174    
1480.2000us:   1958     -598    
1480.3000us:   2047       36    
1480.4000us:   1935      666    
1480.5000us:   1635     1232    
1480.6000us:   1174     1677    
1480.7000us:    598     1958    
1480.8000us:    -36     2047    
1480.9000us:   -666     1935    
1481.0000us:  -1232     1635    
1481.1000us:  -1677     1174    
1481.2000us:  -1958      598    
1481.3000us:  -2047      -36    
1481.4000us:  -1935     -666    
1481.5000us:  -1635    -1232    
1481.6000us:  -1174    -1677    
1481.7000us:   -598    -1958    
1481.8000us:     36    -2047    
1481.9000us:    666    -1935    
1482.0000us:   1232    -1635    
1482.1000us:   1677    -1174    
1482.2000us:   1958     -598    
1482.3000us:   2047       36    
1482.4000us:   1935      666    
1482.5000us:   1635     1232    
1482.6000us:   1174     1677    
1482.7000us:    598     1958    
1482.8000us:    -36     2047    
1482.9000us:   -666     1935    
1483.0000us:  -1232     1635    
1483.1000us:  -1677     1174    
1483.2000us:  -1958      598    
1483.3000us:  -2047      -36    
1483.4000us:  -1935     -666    
1483.5000us:  -1635    -1232    
1483.6000us:  -1174    -1677    
1483.7000us:   -598    -1958    
1483.8000us:     36    -2047    
1483.9000us:    666    -1935    
1484.0000us:   1232    -1635    
1484.1000us:   1677    -1174    
1484.2000us:   1958     -598    
1484.3000us:   2047       36    
1484.4000us:   1935      666    
1484.5000us:   1635     1232    
1484.6000us:   1174     1677    
1484.7000us:    598     1958    
1484.8000us:    -36     2047    
1484.9000us:   -666     1935    
1485.0000us:  -1232     1635    
1485.1000us:  -1677     1174    
1485.2000us:  -1959      597    
1485.3000us:  -2047      -36    
1485.4000us:  -1935     -666    
1485.5000us:  -1635    -1232    
1485.6000us:  -1174    -1677    
1485.7000us:   -597    -1959    
1485.8000us:     36    -2047    
1485.9000us:    666    -1935    
1486.0000us:   1232    -1635    
1486.1000us:   1677    -1174    
1486.2000us:   1959     -597    
1486.3000us:   2047       36    
1486.4000us:   1935      666    
1486.5000us:   1635     1232    
1486.6000us:   1174     1677    
1486.7000us:    597     1959    
1486.8000us:    -36     2047    
1486.9000us:   -666     1935    
1487.0000us:  -1232     1635    
1487.1000us:  -1677     1174    
1487.2000us:  -1959      597    
1487.3000us:  -2047      -36    
1487.4000us:  -1935     -666    
1487.5000us:  -1635    -1232    
1487.6000us:  -1174    -1677    
1487.7000us:   -597    -1959    
1487.8000us:     36    -2047    
1487.9000us:    666    -1935    
1488.0000us:   1232    -1635    
1488.1000us:   1677    -1174    
1488.2000us:   1959     -597    
1488.3000us:   2047       36    
1488.4000us:   1935      666    
1488.5000us:   1635     1232    
1488.6000us:   1174     1677    
1488.7000us:    597     1959    
1488.8000us:    -36     2047    
1488.9000us:   -666     1935    
1489.0000us:  -1232     1635    
1489.1000us:  -1677     1174    
1489.2000us:  -1959      597    
1489.3000us:  -2047      -36    
1489.4000us:  -1935     -666    
1489.5000us:  -1635    -1232    
1489.6000us:  -1174    -1677    
1489.7000us:   -597    -1959    
1489.8000us:     36    -2047    
1489.9000us:    666    -1935    
1490.0000us:   1232    -1635    
1490.1000us:   1677    -1174    
1490.2000us:   1959     -597    
1490.3000us:   2047       36    
1490.4000us:   1935      666    
1490.5000us:   1635     1232    
1490.6000us:   1174     1677    
1490.7000us:    597     1959    
1490.8000us:    -36     2047    
1490.9000us:   -666     1935    
1491.0000us:  -1232     1635    
1491.1000us:  -1677     1174    
1491.2000us:  -1959      597    
1491.3000us:  -2047      -36    
1491.4000us:  -1935     -666    
1491.5000us:  -1635    -1232    
1491.6000us:  -1173    -1677    
1491.7000us:   -597    -1959    
1491.8000us:     36    -2047    
1491.9000us:    666    -1935    
1492.0000us:   1232    -1635    
1492.1000us:   1677    -1173    
1492.2000us:   1959     -597    
1492.3000us:   2047       36    
1492.4000us:   1935      666    
1492.5000us:   1635     1232    
1492.6000us:   1173     1677    
1492.7000us:    597     1959    
1492.8000us:    -36     2047    
1492.9000us:   -666     1935    
1493.0000us:  -1232     1635    
1493.1000us:  -1677     1173    
1493.2000us:  -1959      597    
1493.3000us:  -2047      -36    
1493.4000us:  -1935     -666    
1493.5000us:  -1635    -1232    
1493.6000us:  -1173    -1677    
1493.7000us:   -597    -1959    
1493.8000us:     36    -2047    
1493.9000us:    666    -1935    
1494.0000us:   1232    -1635    
1494.1000us:   1677    -1173    
1494.2000us:   1959     -597    
1494.3000us:   2047       36    
1494.4000us:   1935      666    
1494.5000us:   1635     1232    
1494.6000us:   1173     1677    
1494.7000us:    597     1959    
1494.8000us:    -36     2047    
1494.9000us:   -666     1935    
1495.0000us:  -1232     1635    
1495.1000us:  -1677     1173    
1495.2000us:  -1959      597    
1495.3000us:  -2047      -36    
1495.4000us:  -1935     -666    
1495.5000us:  -1635    -1232    
1495.6000us:  -1173    -1677    
1495.7000us:   -597    -1959    
1495.8000us:     36    -2047    
1495.9000us:    666    -1935    
1496.0000us:   1232    -1635    
1496.1000us:   1677    -1173    
1496.2000us:   1959     -597    
1496.3000us:   2047       36    
1496.4000us:   1935      666    
1496.5000us:   1635     1232    
1496.6000us:   1173     1677    
1496.7000us:    597     1959    
1496.8000us:    -36     2047    
1496.9000us:   -666     1935    
1497.0000us:  -1232     1635    
1497.1000us:  -1677     1173    
1497.2000us:  -1959      597    
1497.3000us:  -2047      -36    
1497.4000us:  -1935     -666    
1497.5000us:  -1635    -1232    
1497.6000us:  -1173    -1677    
1497.7000us:   -597    -1959    
1497.8000us:     36    -2047    
1497.9000us:    666    -1935    
1498.0000us:   1233    -1634    
1498.1000us:   1677    -1173    
1498.2000us:   1959     -597    
1498.3000us:   2047       36    
1498.4000us:   1935      666    
1498.5000us:   1634     1233    
1498.6000us:   1173     1677    
1498.7000us:    597     1959    
1498.8000us:    -36     2047    
1498.9000us:   -666     1935    
1499.0000us:  -1233     1634    
1499.1000us:  -1677     1173    
1499.2000us:  -1959      597    
1499.3000us:  -2047      -36    
1499.4000us:  -1935     -666    
1499.5000us:  -1634    -1233    
1499.6000us:  -1173    -1677    
1499.7000us:   -597    -1959    
1499.8000us:     36    -2047    
1499.9000us:    666    -1935    
1500.0000us:   1233    -1634    
1500.1000us:   1677    -1173    
1500.2000us:   1959     -597    
1500.3000us:   2047       36    
1500.4000us:   1935      666    
1500.5000us:   1634     1233    
1500.6000us:   1173     1677    
1500.7000us:    597     1959    
1500.8000us:    -36     2047    
1500.9000us:   -666     1935    
1501.0000us:  -1233     1634    
1501.1000us:  -1677     1173    
1501.2000us:  -1959      597    
1501.3000us:  -2047      -36    
1501.4000us:  -1935     -666    
1501.5000us:  -1634    -1233    
1501.6000us:  -1173    -1677    
1501.7000us:   -597    -1959    
1501.8000us:     36    -2047    
1501.9000us:    666    -1935    
1502.0000us:   1233    -1634    
1502.1000us:   1677    -1173    
1502.2000us:   1959     -597    
1502.3000us:   2047       36    
1502.4000us:   1935      666    
1502.5000us:   1634     1233    
1502.6000us:   1173     1677    
1502.7000us:    597     1959    
1502.8000us:    -36     2047    
1502.9000us:   -666     1935    
1503.0000us:  -1233     1634    
1503.1000us:  -1677     1173    
1503.2000us:  -1959      597    
1503.3000us:  -2047      -36    
1503.4000us:  -1935     -666    
1503.5000us:  -1634    -1233    
1503.6000us:  -1173    -1677    
1503.7000us:   -597    -1959    
1503.8000us:     36    -2047    
1503.9000us:    666    -1935    
1504.0000us:   1233    -1634    
1504.1000us:   1677    -1173    
1504.2000us:   1959     -597    
1504.3000us:   2047       36    
1504.4000us:   1935      667    
1504.5000us:   1634     1233    
1504.6000us:   1173     1677    
1504.7000us:    597     1959    
1504.8000us:    -36     2047    
1504.9000us:   -667     1935    
1505.0000us:  -1233     1634    
1505.1000us:  -1677     1173    
1505.2000us:  -1959      597    
1505.3000us:  -2047      -36    
1505.4000us:  -1935     -667    
1505.5000us:  -1634    -1233    
1505.6000us:  -1173    -1677    
1505.7000us:   -597    -1959    
1505.8000us:     36    -2047    
1505.9000us:    667    -1935    
1506.0000us:   1233    -1634    
1506.1000us:   1677    -1173    
1506.2000us:   1959     -597    
1506.3000us:   2047       36    
1506.4000us:   1935      667    
1506.5000us:   1634     1233    
1506.6000us:   1173     1677    
1506.7000us:    597     1959    
1506.8000us:    -36     2047    
1506.9000us:   -667     1935    
1507.0000us:  -1233     1634    
1507.1000us:  -1677     1173    
1507.2000us:  -1959      597    
1507.3000us:  -2047      -36    
1507.4000us:  -1935     -667    
1507.5000us:  -1634    -1233    
1507.6000us:  -1173    -1677    
1507.7000us:   -597    -1959    
1507.8000us:     36    -2047    
1507.9000us:    667    -1935    
1508.0000us:   1233    -1634    
1508.1000us:   1677    -1173    
1508.2000us:   1959     -597    
1508.3000us:   2047       36    
1508.4000us:   1935      667    
1508.5000us:   1634     1233    
1508.6000us:   1173     1677    
1508.7000us:    597     1959    
1508.8000us:    -36     2047    
1508.9000us:   -667     1935    
1509.0000us:  -1233     1634    
1509.1000us:  -1677     1173    
1509.2000us:  -1959      597    
1509.3000us:  -2047      -36    
1509.4000us:  -1935     -667    
1509.5000us:  -1634    -1233    
1509.6000us:  -1173    -1677    
1509.7000us:   -597    -1959    
1509.8000us:     36    -2047    
1509.9000us:    667    -1935    
1510.0000us:   1233    -1634    
1510.1000us:   1677    -1173    
1510.2000us:   1959     -597    
1510.3000us:   2047       36    
1510.4000us:   1935      667    
1510.5000us:   1634     1233    
1510.6000us:   1173     1677    
1510.7000us:    597     1959    
1510.8000us:    -37     2047    
1510.9000us:   -667     1935    
1511.0000us:  -1233     1634    
1511.1000us:  -1677     1173    
1511.2000us:  -1959      597    
1511.3000us:  -2047      -37    
1511.4000us:  -1935     -667    
1511.5000us:  -1634    -1233    
1511.6000us:  -1173    -1677    
1511.7000us:   -597    -1959    
1511.8000us:     37    -2047    
1511.9000us:    667    -1935    
1512.0000us:   1233    -1634    
1512.1000us:   1677    -1173    
1512.2000us:   1959     -597    
1512.3000us:   2047       37    
1512.4000us:   1935      667    
1512.5000us:   1634     1233    
1512.6000us:   1173     1677    
1512.7000us:    597     1959    
1512.8000us:    -37     2047    
1512.9000us:   -667     1935    
1513.0000us:  -1233     1634    
1513.1000us:  -1677     1173    
1513.2000us:  -1959      597    
1513.3000us:  -2047      -37    
1513.4000us:  -1935     -667    
1513.5000us:  -1634    -1233    
1513.6000us:  -1173    -1677    
1513.7000us:   -597    -1959    
1513.8000us:     37    -2047    
1513.9000us:    667    -1935    
1514.0000us:   1233    -1634    
1514.1000us:   1677    -1173    
1514.2000us:   1959     -597    
1514.3000us:   2047       37    
1514.4000us:   1935      667    
1514.5000us:   1634     1233    
1514.6000us:   1173     1677    
1514.7000us:    597     1959    
1514.8000us:    -37     2047    
1514.9000us:   -667     1935    
1515.0000us:  -1233     1634    
1515.1000us:  -1677     1173    
1515.2000us:  -1959      597    
1515.3000us:  -2047      -37    
1515.4000us:  -1935     -667    
1515.5000us:  -1634    -1233    
1515.6000us:  -1173    -1677    
1515.7000us:   -597    -1959    
1515.8000us:     37    -2047    
1515.9000us:    667    -1935    
1516.0000us:   1233    -1634    
1516.1000us:   1677    -1173    
1516.2000us:   1959     -597    
1516.3000us:   2047       37    
1516.4000us:   1935      667    
1516.5000us:   1634     1233    
1516.6000us:   1173     1677    
1516.7000us:    597     1959    
1516.8000us:    -37     2047    
1516.9000us:   -667     1935    
1517.0000us:  -1233     1634    
1517.1000us:  -1677     1173    
1517.2000us:  -1959      597    
1517.3000us:  -2047      -37    
1517.4000us:  -1935     -667    
1517.5000us:  -1634    -1233    
1517.6000us:  -1173    -1677    
1517.7000us:   -597    -1959    
1517.8000us:     37    -2047    
1517.9000us:    667    -1935    
1518.0000us:   1233    -1634    
1518.1000us:   1677    -1173    
1518.2000us:   1959     -597    
1518.3000us:   2047       37    
1518.4000us:   1935      667    
1518.5000us:   1634     1233    
1518.6000us:   1173     1677    
1518.7000us:    597     1959    
1518.8000us:    -37     2047    
1518.9000us:   -667     1935    
1519.0000us:  -1233     1634    
1519.1000us:  -1677     1173    
1519.2000us:  -1959      597    
1519.3000us:  -2047      -37    
1519.4000us:  -1935     -667    
1519.5000us:  -1634    -1233    
1519.6000us:  -1173    -1677    
1519.7000us:   -597    -1959    
1519.8000us:     37    -2047    
1519.9000us:    667    -1935    
1520.0000us:   1233    -1634    
1520.1000us:   1677    -1173    
1520.2000us:   1959     -597    
1520.3000us:   2047       37    
1520.4000us:   1935      667    
1520.5000us:   1634     1233    
1520.6000us:   1173     1677    
1520.7000us:    597     1959    
1520.8000us:    -37     2047    
1520.9000us:   -667     1935    
1521.0000us:  -1233     1634    
1521.1000us:  -1677     1173    
1521.2000us:  -1959      597    
1521.3000us:  -2047      -37    
1521.4000us:  -1935     -667    
1521.5000us:  -1634    -1233    
1521.6000us:  -1173    -1677    
1521.7000us:   -597    -1959    
1521.8000us:     37    -2047    
1521.9000us:    667    -1935    
1522.0000us:   1233    -1634    
1522.1000us:   1677    -1173    
1522.2000us:   1959     -597    
1522.3000us:   2047       37    
1522.4000us:   1935      667    
1522.5000us:   1634     1233    
1522.6000us:   1173     1677    
1522.7000us:    597     1959    
1522.8000us:    -37     2047    
1522.9000us:   -667     1935    
1523.0000us:  -1233     1634    
1523.1000us:  -1677     1173    
1523.2000us:  -1959      597    
1523.3000us:  -2047      -37    
1523.4000us:  -1935     -667    
1523.5000us:  -1634    -1233    
1523.6000us:  -1172    -1678    
1523.7000us:   -597    -1959    
1523.8000us:     37    -2047    
1523.9000us:    667    -1935    
1524.0000us:   1233    -1634    
1524.1000us:   1678    -1172    
1524.2000us:   1959     -597    
1524.3000us:   2047       37    
1524.4000us:   1935      667    
1524.5000us:   1634     1233    
1524.6000us:   1172     1678    
1524.7000us:    597     1959    
1524.8000us:    -37     2047    
1524.9000us:   -667     1935    
1525.0000us:  -1233     1634    
1525.1000us:  -1678     1172    
1525.2000us:  -1959      597    
1525.3000us:  -2047      -37    
1525.4000us:  -1935     -667    
1525.5000us:  -1634    -1233    
1525.6000us:  -1172    -1678    
1525.7000us:   -597    -1959    
1525.8000us:     37    -2047    
1525.9000us:    667    -1935    
1526.0000us:   1233    -1634    
1526.1000us:   1678    -1172    
1526.2000us:   1959     -597    
1526.3000us:   2047       37    
1526.4000us:   1935      667    
1526.5000us:   1634     1233    
1526.6000us:   1172     1678    
1526.7000us:    597     1959    
1526.8000us:    -37     2047    
1526.9000us:   -667     1935    
1527.0000us:  -1233     1634    
1527.1000us:  -1678     1172    
1527.2000us:  -1959      597    
1527.3000us:  -2047      -37    
1527.4000us:  -1935     -667    
1527.5000us:  -1634    -1233    
1527.6000us:  -1172    -1678    
1527.7000us:   -597    -1959    
1527.8000us:     37    -2047    
1527.9000us:    667    -1935    
1528.0000us:   1233    -1634    
1528.1000us:   1678    -1172    
1528.2000us:   1959     -597    
1528.3000us:   2047       37    
1528.4000us:   1935      667    
1528.5000us:   1634     1233    
1528.6000us:   1172     1678    
1528.7000us:    597     1959    
1528.8000us:    -37     2047    
1528.9000us:   -667     1935    
1529.0000us:  -1233     1634    
1529.1000us:  -1678     1172    
1529.2000us:  -1959      597    
1529.3000us:  -2047      -37    
1529.4000us:  -1935     -667    
1529.5000us:  -1634    -1233    
1529.6000us:  -1172    -1678    
1529.7000us:   -597    -1959    
1529.8000us:     37    -2047    
1529.9000us:    667    -1935    
1530.0000us:   1233    -1634    
1530.1000us:   1678    -1172    
1530.2000us:   1959     -597    
1530.3000us:   2047       37    
1530.4000us:   1935      667    
1530.5000us:   1634     1233    
1530.6000us:   1172     1678    
1530.7000us:    597     1959    
1530.8000us:    -37     2047    
1530.9000us:   -667     1935    
1531.0000us:  -1233     1634    
1531.1000us:  -1678     1172    
1531.2000us:  -1959      597    
1531.3000us:  -2047      -37    
1531.4000us:  -1935     -667    
1531.5000us:  -1634    -1233    
1531.6000us:  -1172    -1678    
1531.7000us:   -597    -1959    
1531.8000us:     37    -2047    
1531.9000us:    667    -1935    
1532.0000us:   1233    -1634    
1532.1000us:   1678    -1172    
1532.2000us:   1959     -597    
1532.3000us:   2047       37    
1532.4000us:   1935      667    
1532.5000us:   1634     1233    
1532.6000us:   1172     1678    
1532.7000us:    597     1959    
1532.8000us:    -37     2047    
1532.9000us:   -667     1935    
1533.0000us:  -1233     1634    
1533.1000us:  -1678     1172    
1533.2000us:  -1959      597    
1533.3000us:  -2047      -37    
1533.4000us:  -1935     -667    
1533.5000us:  -1634    -1233    
1533.6000us:  -1172    -1678    
1533.7000us:   -597    -1959    
1533.8000us:     37    -2047    
1533.9000us:    667    -1935    
1534.0000us:   1233    -1634    
1534.1000us:   1678    -1172    
1534.2000us:   1959     -597    
1534.3000us:   2047       37    
1534.4000us:   1935      667    
1534.5000us:   1634     1233    
1534.6000us:   1172     1678    
1534.7000us:    597     1959    
1534.8000us:    -37     2047    
1534.9000us:   -667     1935    
1535.0000us:  -1233     1634    
1535.1000us:  -1678     1172    
1535.2000us:  -1959      597    
1535.3000us:  -2047      -37    
1535.4000us:  -1935     -667    
1535.5000us:  -1634    -1233    
1535.6000us:  -1172    -1678    
1535.7000us:   -597    -1959    
1535.8000us:     37    -2047    
1535.9000us:    667    -1935    
1536.0000us:   1233    -1634    
1536.1000us:   1678    -1172    
1536.2000us:   1959     -597    
1536.3000us:   2047       37    
1536.4000us:   1935      668    
1536.5000us:   1634     1233    
1536.6000us:   1172     1678    
1536.7000us:    597     1959    
1536.8000us:    -37     2047    
1536.9000us:   -668     1935    
1537.0000us:  -1233     1634    
1537.1000us:  -1678     1172    
1537.2000us:  -1959      597    
1537.3000us:  -2047      -37    
1537.4000us:  -1935     -668    
1537.5000us:  -1634    -1233    
1537.6000us:  -1172    -1678    
1537.7000us:   -597    -1959    
1537.8000us:     37    -2047    
1537.9000us:    668    -1935    
1538.0000us:   1233    -1634    
1538.1000us:   1678    -1172    
1538.2000us:   1959     -597    
1538.3000us:   2047       37    
1538.4000us:   1935      668    
1538.5000us:   1634     1233    
1538.6000us:   1172     1678    
1538.7000us:    597     1959    
1538.8000us:    -37     2047    
1538.9000us:   -668     1935    
1539.0000us:  -1233     1634    
1539.1000us:  -1678     1172    
1539.2000us:  -1959      597    
1539.3000us:  -2047      -37    
1539.4000us:  -1935     -668    
1539.5000us:  -1634    -1233    
1539.6000us:  -1172    -1678    
1539.7000us:   -597    -1959    
1539.8000us:     37    -2047    
1539.9000us:    668    -1935    
1540.0000us:   1233    -1634    
1540.1000us:   1678    -1172    
1540.2000us:   1959     -597    
1540.3000us:   2047       37    
1540.4000us:   1935      668    
1540.5000us:   1634     1233    
1540.6000us:   1172     1678    
1540.7000us:    597     1959    
1540.8000us:    -37     2047    
1540.9000us:   -668     1935    
1541.0000us:  -1233     1634    
1541.1000us:  -1678     1172    
1541.2000us:  -1959      597    
1541.3000us:  -2047      -37    
1541.4000us:  -1935     -668    
1541.5000us:  -1634    -1233    
1541.6000us:  -1172    -1678    
1541.7000us:   -597    -1959    
1541.8000us:     37    -2047    
1541.9000us:    668    -1935    
1542.0000us:   1233    -1634    
1542.1000us:   1678    -1172    
1542.2000us:   1959     -597    
1542.3000us:   2047       37    
1542.4000us:   1935      668    
1542.5000us:   1634     1233    
1542.6000us:   1172     1678    
1542.7000us:    597     1959    
1542.8000us:    -37     2047    
1542.9000us:   -668     1935    
1543.0000us:  -1233     1634    
1543.1000us:  -1678     1172    
1543.2000us:  -1959      597    
1543.3000us:  -2047      -37    
1543.4000us:  -1935     -668    
1543.5000us:  -1634    -1233    
1543.6000us:  -1172    -1678    
1543.7000us:   -597    -1959    
1543.8000us:     37    -2047    
1543.9000us:    668    -1935    
1544.0000us:   1233    -1634    
1544.1000us:   1678    -1172    
1544.2000us:   1959     -597    
1544.3000us:   2047       37    
1544.4000us:   1935      668    
1544.5000us:   1634     1233    
1544.6000us:   1172     1678    
1544.7000us:    597     1959    
1544.8000us:    -37     2047    
1544.9000us:   -668     1935    
1545.0000us:  -1233     1634    
1545.1000us:  -1678     1172    
1545.2000us:  -1959      597    
1545.3000us:  -2047      -37    
1545.4000us:  -1935     -668    
1545.5000us:  -1634    -1233    
1545.6000us:  -1172    -1678    
1545.7000us:   -597    -1959    
1545.8000us:     37    -2047    
1545.9000us:    668    -1935    
1546.0000us:   1233    -1634    
1546.1000us:   1678    -1172    
1546.2000us:   1959     -597    
1546.3000us:   2047       37    
1546.4000us:   1935      668    
1546.5000us:   1634     1233    
1546.6000us:   1172     1678    
1546.7000us:    597     1959    
1546.8000us:    -37     2047    
1546.9000us:   -668     1935    
1547.0000us:  -1233     1634    
1547.1000us:  -1678     1172    
1547.2000us:  -1959      597    
1547.3000us:  -2047      -37    
1547.4000us:  -1935     -668    
1547.5000us:  -1634    -1233    
1547.6000us:  -1172    -1678    
1547.7000us:   -597    -1959    
1547.8000us:     37    -2047    
1547.9000us:    668    -1935    
1548.0000us:   1233    -1634    
1548.1000us:   1678    -1172    
1548.2000us:   1959     -597    
1548.3000us:   2047       37    
1548.4000us:   1935      668    
1548.5000us:   1634     1233    
1548.6000us:   1172     1678    
1548.7000us:    597     1959    
1548.8000us:    -37     2047    
1548.9000us:   -668     1935    
1549.0000us:  -1233     1634    
1549.1000us:  -1678     1172    
1549.2000us:  -1959      596    
1549.3000us:  -2047      -37    
1549.4000us:  -1935     -668    
1549.5000us:  -1634    -1233    
1549.6000us:  -1172    -1678    
1549.7000us:   -596    -1959    
1549.8000us:     37    -2047    
1549.9000us:    668    -1935    
1550.0000us:   1233    -1634    
1550.1000us:   1678    -1172    
1550.2000us:   1959     -596    
1550.3000us:   2047       37    
1550.4000us:   1935      668    
1550.5000us:   1634     1233    
1550.6000us:   1172     1678    
1550.7000us:    596     1959    
1550.8000us:    -37     2047    
1550.9000us:   -668     1935    
1551.0000us:  -1233     1634    
1551.1000us:  -1678     1172    
1551.2000us:  -1959      596    
1551.3000us:  -2047      -37    
1551.4000us:  -1935     -668    
1551.5000us:  -1634    -1233    
1551.6000us:  -1172    -1678    
1551.7000us:   -596    -1959    
1551.8000us:     37    -2047    
1551.9000us:    668    -1935    
1552.0000us:   1233    -1634    
1552.1000us:   1678    -1172    
1552.2000us:   1959     -596    
1552.3000us:   2047       37    
1552.4000us:   1935      668    
1552.5000us:   1634     1233    
1552.6000us:   1172     1678    
1552.7000us:    596     1959    
1552.8000us:    -37     2047    
1552.9000us:   -668     1935    
1553.0000us:  -1233     1634    
1553.1000us:  -1678     1172    
1553.2000us:  -1959      596    
1553.3000us:  -2047      -37    
1553.4000us:  -1935     -668    
1553.5000us:  -1634    -1233    
1553.6000us:  -1172    -1678    
1553.7000us:   -596    -1959    
1553.8000us:     37    -2047    
1553.9000us:    668    -1935    
1554.0000us:   1233    -1634    
1554.1000us:   1678    -1172    
1554.2000us:   1959     -596    
1554.3000us:   2047       37    
1554.4000us:   1935      668    
1554.5000us:   1634     1233    
1554.6000us:   1172     1678    
1554.7000us:    596     1959    
1554.8000us:    -37     2047    
1554.9000us:   -668     1935    
1555.0000us:  -1233     1634    
1555.1000us:  -1678     1172    
1555.2000us:  -1959      596    
1555.3000us:  -2047      -37    
1555.4000us:  -1935     -668    
1555.5000us:  -1634    -1233    
1555.6000us:  -1172    -1678    
1555.7000us:   -596    -1959    
1555.8000us:     37    -2047    
1555.9000us:    668    -1935    
1556.0000us:   1233    -1634    
1556.1000us:   1678    -1172    
1556.2000us:   1959     -596    
1556.3000us:   2047       37    
1556.4000us:   1935      668    
1556.5000us:   1634     1233    
1556.6000us:   1172     1678    
1556.7000us:    596     1959    
1556.8000us:    -37     2047    
1556.9000us:   -668     1935    
1557.0000us:  -1233     1634    
1557.1000us:  -1678     1172    
1557.2000us:  -1959      596    
1557.3000us:  -2047      -37    
1557.4000us:  -1935     -668    
1557.5000us:  -1634    -1233    
1557.6000us:  -1172    -1678    
1557.7000us:   -596    -1959    
1557.8000us:     37    -2047    
1557.9000us:    668    -1935    
1558.0000us:   1233    -1634    
1558.1000us:   1678    -1172    
1558.2000us:   1959     -596    
1558.3000us:   2047       37    
1558.4000us:   1935      668    
1558.5000us:   1634     1233    
1558.6000us:   1172     1678    
1558.7000us:    596     1959    
1558.8000us:    -37     2047    
1558.9000us:   -668     1935    
1559.0000us:  -1233     1634    
1559.1000us:  -1678     1172    
1559.2000us:  -1959      596    
1559.3000us:  -2047      -37    
1559.4000us:  -1935     -668    
1559.5000us:  -1634    -1233    
1559.6000us:  -1172    -1678    
1559.7000us:   -596    -1959    
1559.8000us:     37    -2047    
1559.9000us:    668    -1935    
1560.0000us:   1233    -1634    
1560.1000us:   1678    -1172    
1560.2000us:   1959     -596    
1560.3000us:   2047       37    
1560.4000us:   1935      668    
1560.5000us:   1634     1233    
1560.6000us:   1172     1678    
1560.7000us:    596     1959    
1560.8000us:    -37     2047    
1560.9000us:   -668     1935    
1561.0000us:  -1233     1634    
1561.1000us:  -1678     1172    
1561.2000us:  -1959      596    
1561.3000us:  -2047      -37    
1561.4000us:  -1935     -668    
1561.5000us:  -1634    -1233    
1561.6000us:  -1172    -1678    
1561.7000us:   -596    -1959    
1561.8000us:     37    -2047    
1561.9000us:    668    -1935    
1562.0000us:   1234    -1633    
1562.1000us:   1678    -1172    
1562.2000us:   1959     -596    
1562.3000us:   2047       37    
1562.4000us:   1935      668    
1562.5000us:   1633     1234    
1562.6000us:   1172     1678    
1562.7000us:    596     1959    
1562.8000us:    -37     2047    
1562.9000us:   -668     1935    
1563.0000us:  -1234     1633    
1563.1000us:  -1678     1172    
1563.2000us:  -1959      596    
1563.3000us:  -2047      -37    
1563.4000us:  -1935     -668    
1563.5000us:  -1633    -1234    
1563.6000us:  -1172    -1678    
1563.7000us:   -596    -1959    
1563.8000us:     37    -2047    
1563.9000us:    668    -1935    
1564.0000us:   1234    -1633    
1564.1000us:   1678    -1172    
1564.2000us:   1959     -596    
1564.3000us:   2047       37    
1564.4000us:   1935      668    
1564.5000us:   1633     1234    
1564.6000us:   1172     1678    
1564.7000us:    596     1959    
1564.8000us:    -37     2047    
1564.9000us:   -668     1935    
1565.0000us:  -1234     1633    
1565.1000us:  -1678     1172    
1565.2000us:  -1959      596    
1565.3000us:  -2047      -37    
1565.4000us:  -1935     -668    
1565.5000us:  -1633    -1234    
1565.6000us:  -1172    -1678    
1565.7000us:   -596    -1959    
1565.8000us:     37    -2047    
1565.9000us:    668    -1935    
1566.0000us:   1234    -1633    
1566.1000us:   1678    -1172    
1566.2000us:   1959     -596    
1566.3000us:   2047       37    
1566.4000us:   1935      668    
1566.5000us:   1633     1234    
1566.6000us:   1172     1678    
1566.7000us:    596     1959    
1566.8000us:    -37     2047    
1566.9000us:   -668     1935    
1567.0000us:  -1234     1633    
1567.1000us:  -1678     1172    
1567.2000us:  -1959      596    
1567.3000us:  -2047      -37    
1567.4000us:  -1935     -668    
1567.5000us:  -1633    -1234    
1567.6000us:  -1172    -1678    
1567.7000us:   -596    -1959    
1567.8000us:     37    -2047    
1567.9000us:    668    -1935    
1568.0000us:   1234    -1633    
1568.1000us:   1678    -1172    
1568.2000us:   1959     -596    
1568.3000us:   2047       37    
1568.4000us:   1935      668    
1568.5000us:   1633     1234    
1568.6000us:   1172     1678    
1568.7000us:    596     1959    
1568.8000us:    -37     2047    
1568.9000us:   -668     1935    
1569.0000us:  -1234     1633    
1569.1000us:  -1678     1172    
1569.2000us:  -1959      596    
1569.3000us:  -2047      -37    
1569.4000us:  -1935     -668    
1569.5000us:  -1633    -1234    
1569.6000us:  -1172    -1678    
1569.7000us:   -596    -1959    
1569.8000us:     37    -2047    
1569.9000us:    668    -1935    
1570.0000us:   1234    -1633    
1570.1000us:   1678    -1172    
1570.2000us:   1959     -596    
1570.3000us:   2047       37    
1570.4000us:   1935      668    
1570.5000us:   1633     1234    
1570.6000us:   1172     1678    
1570.7000us:    596     1959    
1570.8000us:    -37     2047    
1570.9000us:   -668     1935    
1571.0000us:  -1234     1633    
1571.1000us:  -1678     1172    
1571.2000us:  -1959      596    
1571.3000us:  -2047      -37    
1571.4000us:  -1935     -668    
1571.5000us:  -1633    -1234    
1571.6000us:  -1172    -1678    
1571.7000us:   -596    -1959    
1571.8000us:     37    -2047    
1571.9000us:    668    -1935    
1572.0000us:   1234    -1633    
1572.1000us:   1678    -1172    
1572.2000us:   1959     -596    
1572.3000us:   2047       37    
1572.4000us:   1935      668    
1572.5000us:   1633     1234    
1572.6000us:   1172     1678    
1572.7000us:    596     1959    
1572.8000us:    -37     2047    
1572.9000us:   -668     1935    
1573.0000us:  -1234     1633    
1573.1000us:  -1678     1172    
1573.2000us:  -1959      596    
1573.3000us:  -2047      -37    
1573.4000us:  -1935     -668    
1573.5000us:  -1633    -1234    
1573.6000us:  -1172    -1678    
1573.7000us:   -596    -1959    
1573.8000us:     37    -2047    
1573.9000us:    668    -1935    
1574.0000us:   1234    -1633    
1574.1000us:   1678    -1172    
1574.2000us:   1959     -596    
1574.3000us:   2047       37    
1574.4000us:   1935      668    
1574.5000us:   1633     1234    
1574.6000us:   1172     1678    
1574.7000us:    596     1959    
1574.8000us:    -38     2047    
1574.9000us:   -668     1935    
1575.0000us:  -1234     1633    
1575.1000us:  -1678     1172    
1575.2000us:  -1959      596    
1575.3000us:  -2047      -38    
1575.4000us:  -1935     -668    
1575.5000us:  -1633    -1234    
1575.6000us:  -1172    -1678    
1575.7000us:   -596    -1959    
1575.8000us:     38    -2047    
1575.9000us:    668    -1935    
1576.0000us:   1234    -1633    
1576.1000us:   1678    -1172    
1576.2000us:   1959     -596    
1576.3000us:   2047       38    
1576.4000us:   1935      668    
1576.5000us:   1633     1234    
1576.6000us:   1172     1678    
1576.7000us:    596     1959    
1576.8000us:    -38     2047    
1576.9000us:   -668     1935    
1577.0000us:  -1234     1633    
1577.1000us:  -1678     1172    
1577.2000us:  -1959      596    
1577.3000us:  -2047      -38    
1577.4000us:  -1935     -668    
1577.5000us:  -1633    -1234    
1577.6000us:  -1172    -1678    
1577.7000us:   -596    -1959    
1577.8000us:     38    -2047    
1577.9000us:    668    -1935    
1578.0000us:   1234    -1633    
1578.1000us:   1678    -1172    
1578.2000us:   1959     -596    
1578.3000us:   2047       38    
1578.4000us:   1935      668    
1578.5000us:   1633     1234    
1578.6000us:   1172     1678    
1578.7000us:    596     1959    
1578.8000us:    -38     2047    
1578.9000us:   -668     1935    
1579.0000us:  -1234     1633    
1579.1000us:  -1678     1172    
1579.2000us:  -1959      596    
1579.3000us:  -2047      -38    
1579.4000us:  -1935     -668    
1579.5000us:  -1633    -1234    
1579.6000us:  -1172    -1678    
1579.7000us:   -596    -1959    
1579.8000us:     38    -2047    
1579.9000us:    668    -1935    
1580.0000us:   1234    -1633    
1580.1000us:   1678    -1172    
1580.2000us:   1959     -596    
1580.3000us:   2047       38    
1580.4000us:   1935      668    
1580.5000us:   1633     1234    
1580.6000us:   1172     1678    
1580.7000us:    596     1959    
1580.8000us:    -38     2047    
1580.9000us:   -668     1935    
1581.0000us:  -1234     1633    
1581.1000us:  -1678     1172    
1581.2000us:  -1959      595    
1581.3000us:  -2047      -38    
1581.4000us:  -1935     -668    
1581.5000us:  -1633    -1234    
1581.6000us:  -1172    -1678    
1581.7000us:   -595    -1959    
1581.8000us:     38    -2047    
1581.9000us:    668    -1935    
1582.0000us:   1234    -1633    
1582.1000us:   1678    -1172    
1582.2000us:   1959     -595    
1582.3000us:   2047       38    
1582.4000us:   1935      668    
1582.5000us:   1633     1234    
1582.6000us:   1172     1678    
1582.7000us:    595     1959    
1582.8000us:    -38     2047    
1582.9000us:   -668     1935    
1583.0000us:  -1234     1633    
1583.1000us:  -1678     1172    
1583.2000us:  -1959      595    
1583.3000us:  -2047      -38    
1583.4000us:  -1935     -668    
1583.5000us:  -1633    -1234    
1583.6000us:  -1172    -1678    
1583.7000us:   -595    -1959    
1583.8000us:     38    -2047    
1583.9000us:    668    -1935    
1584.0000us:   1234    -1633    
1584.1000us:   1678    -1172    
1584.2000us:   1959     -595    
1584.3000us:   2047       38    
1584.4000us:   1935      668    
1584.5000us:   1633     1234    
1584.6000us:   1172     1678    
1584.7000us:    595     1959    
1584.8000us:    -38     2047    
1584.9000us:   -668     1935    
1585.0000us:  -1234     1633    
1585.1000us:  -1678     1172    
1585.2000us:  -1959      595    
1585.3000us:  -2047      -38    
1585.4000us:  -1935     -668    
1585.5000us:  -1633    -1234    
1585.6000us:  -1172    -1678    
1585.7000us:   -595    -1959    
1585.8000us:     38    -2047    
1585.9000us:    668    -1935    
1586.0000us:   1234    -1633    
1586.1000us:   1678    -1172    
1586.2000us:   1959     -595    
1586.3000us:   2047       38    
1586.4000us:   1935      668    
1586.5000us:   1633     1234    
1586.6000us:   1172     1678    
1586.7000us:    595     1959    
1586.8000us:    -38     2047    
1586.9000us:   -668     1935    
1587.0000us:  -1234     1633    
1587.1000us:  -1678     1172    
1587.2000us:  -1959      595    
1587.3000us:  -2047      -38    
1587.4000us:  -1935     -668    
1587.5000us:  -1633    -1234    
1587.6000us:  -1171    -1679    
1587.7000us:   -595    -1959    
1587.8000us:     38    -2047    
1587.9000us:    668    -1935    
1588.0000us:   1234    -1633    
1588.1000us:   1679    -1171    
1588.2000us:   1959     -595    
1588.3000us:   2047       38    
1588.4000us:   1935      668    
1588.5000us:   1633     1234    
1588.6000us:   1171     1679    
1588.7000us:    595     1959    
1588.8000us:    -38     2047    
1588.9000us:   -668     1935    
1589.0000us:  -1234     1633    
1589.1000us:  -1679     1171    
1589.2000us:  -1959      595    
1589.3000us:  -2047      -38    
1589.4000us:  -1935     -668    
1589.5000us:  -1633    -1234    
1589.6000us:  -1171    -1679    
1589.7000us:   -595    -1959    
1589.8000us:     38    -2047    
1589.9000us:    668    -1935    
1590.0000us:   1234    -1633    
1590.1000us:   1679    -1171    
1590.2000us:   1959     -595    
1590.3000us:   2047       38    
1590.4000us:   1935      668    
1590.5000us:   1633     1234    
1590.6000us:   1171     1679    
1590.7000us:    595     1959    
1590.8000us:    -38     2047    
1590.9000us:   -668     1935    
1591.0000us:  -1234     1633    
1591.1000us:  -1679     1171    
1591.2000us:  -1959      595    
1591.3000us:  -2047      -38    
1591.4000us:  -1935     -668    
1591.5000us:  -1633    -1234    
1591.6000us:  -1171    -1679    
1591.7000us:   -595    -1959    
1591.8000us:     38    -2047    
1591.9000us:    668    -1935    
1592.0000us:   1234    -1633    
1592.1000us:   1679    -1171    
1592.2000us:   1959     -595    
1592.3000us:   2047       38    
1592.4000us:   1935      668    
1592.5000us:   1633     1234    
1592.6000us:   1171     1679    
1592.7000us:    595     1959    
1592.8000us:    -38     2047    
1592.9000us:   -668     1935    
1593.0000us:  -1234     1633    
1593.1000us:  -1679     1171    
1593.2000us:  -1959      595    
1593.3000us:  -2047      -38    
1593.4000us:  -1935     -668    
1593.5000us:  -1633    -1234    
1593.6000us:  -1171    -1679    
1593.7000us:   -595    -1959    
1593.8000us:     38    -2047    
1593.9000us:    668    -1935    
1594.0000us:   1235    -1633    
1594.1000us:   1679    -1171    
1594.2000us:   1959     -595    
1594.3000us:   2047       38    
1594.4000us:   1935      668    
1594.5000us:   1633     1235    
1594.6000us:   1171     1679    
1594.7000us:    595     1959    
1594.8000us:    -38     2047    
1594.9000us:   -668     1935    
1595.0000us:  -1235     1633    
1595.1000us:  -1679     1171    
1595.2000us:  -1959      595    
1595.3000us:  -2047      -38    
1595.4000us:  -1935     -668    
1595.5000us:  -1633    -1235    
1595.6000us:  -1171    -1679    
1595.7000us:   -595    -1959    
1595.8000us:     38    -2047    
1595.9000us:    668    -1935    
1596.0000us:   1235    -1633    
1596.1000us:   1679    -1171    
1596.2000us:   1959     -595    
1596.3000us:   2047       38    
1596.4000us:   1935      668    
1596.5000us:   1633     1235    
1596.6000us:   1171     1679    
1596.7000us:    595     1959    
1596.8000us:    -38     2047    
1596.9000us:   -668     1935    
1597.0000us:  -1235     1633    
1597.1000us:  -1679     1171    
1597.2000us:  -1959      595    
1597.3000us:  -2047      -38    
1597.4000us:  -1935     -668    
1597.5000us:  -1633    -1235    
1597.6000us:  -1171    -1679    
1597.7000us:   -595    -1959    
1597.8000us:     38    -2047    
1597.9000us:    668    -1935    
1598.0000us:   1235    -1633    
1598.1000us:   1679    -1171    
1598.2000us:   1959     -595    
1598.3000us:   2047       38    
1598.4000us:   1935      668    
1598.5000us:   1633     1235    
1598.6000us:   1171     1679    
1598.7000us:    595     1959    
1598.8000us:    -38     2047    
1598.9000us:   -668     1935    
1599.0000us:  -1235     1633    
1599.1000us:  -1679     1171    
1599.2000us:  -1959      595    
1599.3000us:  -2047      -38    
1599.4000us:  -1935     -668    
1599.5000us:  -1633    -1235    
1599.6000us:  -1171    -1679    
1599.7000us:   -595    -1959    
1599.8000us:     38    -2047    
1599.9000us:    668    -1935    
1600.0000us:   1235    -1633    
1600.1000us:   1679    -1171    
1600.2000us:   1959     -595    
1600.3000us:   2047       38    
1600.4000us:   1934      669    
1600.5000us:   1633     1235    
1600.6000us:   1171     1679    
1600.7000us:    595     1959    
1600.8000us:    -38     2047    
1600.9000us:   -669     1934    
1601.0000us:  -1235     1633    
1601.1000us:  -1679     1171    
1601.2000us:  -1959      595    
1601.3000us:  -2047      -38    
1601.4000us:  -1934     -669    
1601.5000us:  -1633    -1235    
1601.6000us:  -1171    -1679    
1601.7000us:   -595    -1959    
1601.8000us:     38    -2047    
1601.9000us:    669    -1934    
1602.0000us:   1235    -1633    
1602.1000us:   1679    -1171    
1602.2000us:   1959     -595    
1602.3000us:   2047       38    
1602.4000us:   1934      669    
1602.5000us:   1633     1235    
1602.6000us:   1171     1679    
1602.7000us:    595     1959    
1602.8000us:    -38     2047    
1602.9000us:   -669     1934    
1603.0000us:  -1235     1633    
1603.1000us:  -1679     1171    
1603.2000us:  -1959      595    
1603.3000us:  -2047      -38    
1603.4000us:  -1934     -669    
1603.5000us:  -1633    -1235    
1603.6000us:  -1171    -1679    
1603.7000us:   -595    -1959    
1603.8000us:     38    -2047    
1603.9000us:    669    -1934    
1604.0000us:   1235    -1633    
1604.1000us:   1679    -1171    
1604.2000us:   1959     -595    
1604.3000us:   2047       38    
1604.4000us:   1934      669    
1604.5000us:   1633     1235    
1604.6000us:   1171     1679    
1604.7000us:    595     1959    
1604.8000us:    -38     2047    
1604.9000us:   -669     1934    
1605.0000us:  -1235     1633    
1605.1000us:  -1679     1171    
1605.2000us:  -1959      595    
1605.3000us:  -2047      -38    
1605.4000us:  -1934     -669    
1605.5000us:  -1633    -1235    
1605.6000us:  -1171    -1679    
1605.7000us:   -595    -1959    
1605.8000us:     38    -2047    
1605.9000us:    669    -1934    
1606.0000us:   1235    -1633    
1606.1000us:   1679    -1171    
1606.2000us:   1959     -595    
1606.3000us:   2047       38    
1606.4000us:   1934      669    
1606.5000us:   1633     1235    
1606.6000us:   1171     1679    
1606.7000us:    595     1959    
1606.8000us:    -39     2047    
1606.9000us:   -669     1934    
1607.0000us:  -1235     1633    
1607.1000us:  -1679     1171    
1607.2000us:  -1959      595    
1607.3000us:  -2047      -39    
1607.4000us:  -1934     -669    
1607.5000us:  -1633    -1235    
1607.6000us:  -1171    -1679    
1607.7000us:   -595    -1959    
1607.8000us:     39    -2047    
1607.9000us:    669    -1934    
1608.0000us:   1235    -1633    
1608.1000us:   1679    -1171    
1608.2000us:   1959     -595    
1608.3000us:   2047       39    
1608.4000us:   1934      669    
1608.5000us:   1633     1235    
1608.6000us:   1171     1679    
1608.7000us:    595     1959    
1608.8000us:    -39     2047    
1608.9000us:   -669     1934    
1609.0000us:  -1235     1633    
1609.1000us:  -1679     1171    
1609.2000us:  -1959      595    
1609.3000us:  -2047      -39    
1609.4000us:  -1934     -669    
1609.5000us:  -1633    -1235    
1609.6000us:  -1171    -1679    
1609.7000us:   -595    -1959    
1609.8000us:     39    -2047    
1609.9000us:    669    -1934    
1610.0000us:   1235    -1633    
1610.1000us:   1679    -1171    
1610.2000us:   1959     -595    
1610.3000us:   2047       39    
1610.4000us:   1934      669    
1610.5000us:   1633     1235    
1610.6000us:   1171     1679    
1610.7000us:    595     1959    
1610.8000us:    -39     2047    
1610.9000us:   -669     1934    
1611.0000us:  -1235     1633    
1611.1000us:  -1679     1171    
1611.2000us:  -1959      595    
1611.3000us:  -2047      -39    
1611.4000us:  -1934     -669    
1611.5000us:  -1633    -1235    
1611.6000us:  -1171    -1679    
1611.7000us:   -595    -1959    
1611.8000us:     39    -2047    
1611.9000us:    669    -1934    
1612.0000us:   1235    -1633    
1612.1000us:   1679    -1171    
1612.2000us:   1959     -595    
1612.3000us:   2047       39    
1612.4000us:   1934      669    
1612.5000us:   1633     1235    
1612.6000us:   1171     1679    
1612.7000us:    595     1959    
1612.8000us:    -39     2047    
1612.9000us:   -669     1934    
1613.0000us:  -1235     1633    
1613.1000us:  -1679     1171    
1613.2000us:  -1960      595    
1613.3000us:  -2047      -39    
1613.4000us:  -1934     -669    
1613.5000us:  -1633    -1235    
1613.6000us:  -1171    -1679    
1613.7000us:   -595    -1960    
1613.8000us:     39    -2047    
1613.9000us:    669    -1934    
1614.0000us:   1235    -1633    
1614.1000us:   1679    -1171    
1614.2000us:   1960     -595    
1614.3000us:   2047       39    
1614.4000us:   1934      669    
1614.5000us:   1633     1235    
1614.6000us:   1171     1679    
1614.7000us:    595     1960    
1614.8000us:    -39     2047    
1614.9000us:   -669     1934    
1615.0000us:  -1235     1633    
1615.1000us:  -1679     1171    
1615.2000us:  -1960      595    
1615.3000us:  -2047      -39    
1615.4000us:  -1934     -669    
1615.5000us:  -1633    -1235    
1615.6000us:  -1171    -1679    
1615.7000us:   -595    -1960    
1615.8000us:     39    -2047    
1615.9000us:    669    -1934    
1616.0000us:   1235    -1633    
1616.1000us:   1679    -1171    
1616.2000us:   1960     -595    
1616.3000us:   2047       39    
1616.4000us:   1934      669    
1616.5000us:   1633     1235    
1616.6000us:   1171     1679    
1616.7000us:    595     1960    
1616.8000us:    -39     2047    
1616.9000us:   -669     1934    
1617.0000us:  -1235     1633    
1617.1000us:  -1679     1171    
1617.2000us:  -1960      595    
1617.3000us:  -2047      -39    
1617.4000us:  -1934     -669    
1617.5000us:  -1633    -1235    
1617.6000us:  -1171    -1679    
1617.7000us:   -595    -1960    
1617.8000us:     39    -2047    
1617.9000us:    669    -1934    
1618.0000us:   1235    -1633    
1618.1000us:   1679    -1171    
1618.2000us:   1960     -595    
1618.3000us:   2047       39    
1618.4000us:   1934      669    
1618.5000us:   1633     1235    
1618.6000us:   1171     1679    
1618.7000us:    595     1960    
1618.8000us:    -39     2047    
1618.9000us:   -669     1934    
1619.0000us:  -1235     1633    
1619.1000us:  -1679     1171    
1619.2000us:  -1960      595    
1619.3000us:  -2047      -39    
1619.4000us:  -1934     -669    
1619.5000us:  -1633    -1235    
1619.6000us:  -1170    -1679    
1619.7000us:   -595    -1960    
1619.8000us:     39    -2047    
1619.9000us:    669    -1934    
1620.0000us:   1235    -1633    
1620.1000us:   1679    -1170    
1620.2000us:   1960     -595    
1620.3000us:   2047       39    
1620.4000us:   1934      669    
1620.5000us:   1633     1235    
1620.6000us:   1170     1679    
1620.7000us:    595     1960    
1620.8000us:    -39     2047    
1620.9000us:   -669     1934    
1621.0000us:  -1235     1633    
1621.1000us:  -1679     1170    
1621.2000us:  -1960      595    
1621.3000us:  -2047      -39    
1621.4000us:  -1934     -669    
1621.5000us:  -1633    -1235    
1621.6000us:  -1170    -1679    
1621.7000us:   -595    -1960    
1621.8000us:     39    -2047    
1621.9000us:    669    -1934    
1622.0000us:   1235    -1633    
1622.1000us:   1679    -1170    
1622.2000us:   1960     -595    
1622.3000us:   2047       39    
1622.4000us:   1934      669    
1622.5000us:   1633     1235    
1622.6000us:   1170     1679    
1622.7000us:    595     1960    
1622.8000us:    -39     2047    
1622.9000us:   -669     1934    
1623.0000us:  -1235     1633    
1623.1000us:  -1679     1170    
1623.2000us:  -1960      595    
1623.3000us:  -2047      -39    
1623.4000us:  -1934     -669    
1623.5000us:  -1633    -1235    
1623.6000us:  -1170    -1679    
1623.7000us:   -595    -1960    
1623.8000us:     39    -2047    
1623.9000us:    669    -1934    
1624.0000us:   1235    -1633    
1624.1000us:   1679    -1170    
1624.2000us:   1960     -595    
1624.3000us:   2047       39    
1624.4000us:   1934      669    
1624.5000us:   1633     1235    
1624.6000us:   1170     1679    
1624.7000us:    595     1960    
1624.8000us:    -39     2047    
1624.9000us:   -669     1934    
1625.0000us:  -1235     1633    
1625.1000us:  -1679     1170    
1625.2000us:  -1960      595    
1625.3000us:  -2047      -39    
1625.4000us:  -1934     -669    
1625.5000us:  -1633    -1235    
1625.6000us:  -1170    -1679    
1625.7000us:   -595    -1960    
1625.8000us:     39    -2047    
1625.9000us:    669    -1934    
1626.0000us:   1235    -1632    
1626.1000us:   1679    -1170    
1626.2000us:   1960     -595    
1626.3000us:   2047       39    
1626.4000us:   1934      669    
1626.5000us:   1632     1235    
1626.6000us:   1170     1679    
1626.7000us:    595     1960    
1626.8000us:    -39     2047    
1626.9000us:   -669     1934    
1627.0000us:  -1235     1632    
1627.1000us:  -1679     1170    
1627.2000us:  -1960      595    
1627.3000us:  -2047      -39    
1627.4000us:  -1934     -669    
1627.5000us:  -1632    -1235    
1627.6000us:  -1170    -1679    
1627.7000us:   -595    -1960    
1627.8000us:     39    -2047    
1627.9000us:    669    -1934    
1628.0000us:   1235    -1632    
1628.1000us:   1679    -1170    
1628.2000us:   1960     -595    
1628.3000us:   2047       39    
1628.4000us:   1934      669    
1628.5000us:   1632     1235    
1628.6000us:   1170     1679    
1628.7000us:    595     1960    
1628.8000us:    -39     2047    
1628.9000us:   -669     1934    
1629.0000us:  -1235     1632    
1629.1000us:  -1679     1170    
1629.2000us:  -1960      595    
1629.3000us:  -2047      -39    
1629.4000us:  -1934     -669    
1629.5000us:  -1632    -1235    
1629.6000us:  -1170    -1679    
1629.7000us:   -595    -1960    
1629.8000us:     39    -2047    
1629.9000us:    669    -1934    
1630.0000us:   1235    -1632    
1630.1000us:   1679    -1170    
1630.2000us:   1960     -595    
1630.3000us:   2047       39    
1630.4000us:   1934      669    
1630.5000us:   1632     1235    
1630.6000us:   1170     1679    
1630.7000us:    595     1960    
1630.8000us:    -39     2047    
1630.9000us:   -669     1934    
1631.0000us:  -1235     1632    
1631.1000us:  -1679     1170    
1631.2000us:  -1960      595    
1631.3000us:  -2047      -39    
1631.4000us:  -1934     -669    
1631.5000us:  -1632    -1235    
1631.6000us:  -1170    -1679    
1631.7000us:   -595    -1960    
1631.8000us:     39    -2047    
1631.9000us:    669    -1934    
1632.0000us:   1235    -1632    
1632.1000us:   1679    -1170    
1632.2000us:   1960     -595    
1632.3000us:   2047       39    
1632.4000us:   1934      670    
1632.5000us:   1632     1235    
1632.6000us:   1170     1679    
1632.7000us:    595     1960    
1632.8000us:    -39     2047    
1632.9000us:   -670     1934    
1633.0000us:  -1235     1632    
1633.1000us:  -1679     1170    
1633.2000us:  -1960      595    
1633.3000us:  -2047      -39    
1633.4000us:  -1934     -670    
1633.5000us:  -1632    -1235    
1633.6000us:  -1170    -1679    
1633.7000us:   -595    -1960    
1633.8000us:     39    -2047    
1633.9000us:    670    -1934    
1634.0000us:   1235    -1632    
1634.1000us:   1679    -1170    
1634.2000us:   1960     -595    
1634.3000us:   2047       39    
1634.4000us:   1934      670    
1634.5000us:   1632     1235    
1634.6000us:   1170     1679    
1634.7000us:    595     1960    
1634.8000us:    -39     2047    
1634.9000us:   -670     1934    
1635.0000us:  -1235     1632    
1635.1000us:  -1679     1170    
1635.2000us:  -1960      595    
1635.3000us:  -2047      -39    
1635.4000us:  -1934     -670    
1635.5000us:  -1632    -1235    
1635.6000us:  -1170    -1679    
1635.7000us:   -595    -1960    
1635.8000us:     39    -2047    
1635.9000us:    670    -1934    
1636.0000us:   1235    -1632    
1636.1000us:   1679    -1170    
1636.2000us:   1960     -595    
1636.3000us:   2047       39    
1636.4000us:   1934      670    
1636.5000us:   1632     1235    
1636.6000us:   1170     1679    
1636.7000us:    595     1960    
1636.8000us:    -39     2047    
1636.9000us:   -670     1934    
1637.0000us:  -1235     1632    
1637.1000us:  -1679     1170    
1637.2000us:  -1960      595    
1637.3000us:  -2047      -39    
1637.4000us:  -1934     -670    
1637.5000us:  -1632    -1235    
1637.6000us:  -1170    -1679    
1637.7000us:   -595    -1960    
1637.8000us:     39    -2047    
1637.9000us:    670    -1934    
1638.0000us:   1235    -1632    
1638.1000us:   1679    -1170    
1638.2000us:   1960     -595    
1638.3000us:   2047       39    
1638.4000us:   1934      670    
1638.5000us:   1632     1235    
1638.6000us:   1170     1679    
1638.7000us:    595     1960    
1638.8000us:    -40     2047    
1638.9000us:   -670     1934    
1639.0000us:  -1235     1632    
1639.1000us:  -1679     1170    
1639.2000us:  -1960      595    
1639.3000us:  -2047      -40    
1639.4000us:  -1934     -670    
1639.5000us:  -1632    -1235    
1639.6000us:  -1170    -1679    
1639.7000us:   -595    -1960    
1639.8000us:     40    -2047    
1639.9000us:    670    -1934    
1640.0000us:   1235    -1632    
1640.1000us:   1679    -1170    
1640.2000us:   1960     -595    
1640.3000us:   2047       40    
1640.4000us:   1934      670    
1640.5000us:   1632     1235    
1640.6000us:   1170     1679    
1640.7000us:    595     1960    
1640.8000us:    -40     2047    
1640.9000us:   -670     1934    
1641.0000us:  -1235     1632    
1641.1000us:  -1679     1170    
1641.2000us:  -1960      595    
1641.3000us:  -2047      -40    
1641.4000us:  -1934     -670    
1641.5000us:  -1632    -1235    
1641.6000us:  -1170    -1679    
1641.7000us:   -595    -1960    
1641.8000us:     40    -2047    
1641.9000us:    670    -1934    
1642.0000us:   1235    -1632    
1642.1000us:   1679    -1170    
1642.2000us:   1960     -595    
1642.3000us:   2047       40    
1642.4000us:   1934      670    
1642.5000us:   1632     1235    
1642.6000us:   1170     1679    
1642.7000us:    595     1960    
1642.8000us:    -40     2047    
1642.9000us:   -670     1934    
1643.0000us:  -1235     1632    
1643.1000us:  -1679     1170    
1643.2000us:  -1960      595    
1643.3000us:  -2047      -40    
1643.4000us:  -1934     -670    
1643.5000us:  -1632    -1235    
1643.6000us:  -1170    -1679    
1643.7000us:   -595    -1960    
1643.8000us:     40    -2047    
1643.9000us:    670    -1934    
1644.0000us:   1235    -1632    
1644.1000us:   1679    -1170    
1644.2000us:   1960     -595    
1644.3000us:   2047       40    
1644.4000us:   1934      670    
1644.5000us:   1632     1235    
1644.6000us:   1170     1679    
1644.7000us:    595     1960    
1644.8000us:    -40     2047    
1644.9000us:   -670     1934    
1645.0000us:  -1235     1632    
1645.1000us:  -1679     1170    
1645.2000us:  -1959      594    
1645.3000us:  -2047      -40    
1645.4000us:  -1934     -670    
1645.5000us:  -1632    -1235    
1645.6000us:  -1170    -1679    
1645.7000us:   -594    -1959    
1645.8000us:     40    -2047    
1645.9000us:    670    -1934    
1646.0000us:   1235    -1632    
1646.1000us:   1679    -1170    
1646.2000us:   1959     -594    
1646.3000us:   2047       40    
1646.4000us:   1934      670    
1646.5000us:   1632     1235    
1646.6000us:   1170     1679    
1646.7000us:    594     1959    
1646.8000us:    -40     2047    
1646.9000us:   -670     1934    
1647.0000us:  -1235     1632    
1647.1000us:  -1679     1170    
1647.2000us:  -1959      594    
1647.3000us:  -2047      -40    
1647.4000us:  -1934     -670    
1647.5000us:  -1632    -1235    
1647.6000us:  -1170    -1679    
1647.7000us:   -594    -1959    
1647.8000us:     40    -2047    
1647.9000us:    670    -1934    
1648.0000us:   1235    -1632    
1648.1000us:   1679    -1170    
1648.2000us:   1959     -594    
1648.3000us:   2047       40    
1648.4000us:   1934      670    
1648.5000us:   1632     1235    
1648.6000us:   1170     1679    
1648.7000us:    594     1959    
1648.8000us:    -40     2047    
1648.9000us:   -670     1934    
1649.0000us:  -1235     1632    
1649.1000us:  -1679     1170    
1649.2000us:  -1959      594    
1649.3000us:  -2047      -40    
1649.4000us:  -1934     -670    
1649.5000us:  -1632    -1235    
1649.6000us:  -1170    -1679    
1649.7000us:   -594    -1959    
1649.8000us:     40    -2047    
1649.9000us:    670    -1934    
1650.0000us:   1235    -1632    
1650.1000us:   1679    -1170    
1650.2000us:   1959     -594    
1650.3000us:   2047       40    
1650.4000us:   1934      670    
1650.5000us:   1632     1235    
1650.6000us:   1170     1679    
1650.7000us:    594     1959    
1650.8000us:    -40     2047    
1650.9000us:   -670     1934    
1651.0000us:  -1235     1632    
1651.1000us:  -1679     1170    
1651.2000us:  -1959      594    
1651.3000us:  -2047      -40    
1651.4000us:  -1934     -670    
1651.5000us:  -1632    -1235    
1651.6000us:  -1170    -1680    
1651.7000us:   -594    -1959    
1651.8000us:     40    -2047    
1651.9000us:    670    -1934    
1652.0000us:   1235    -1632    
1652.1000us:   1680    -1170    
1652.2000us:   1959     -594    
1652.3000us:   2047       40    
1652.4000us:   1934      670    
1652.5000us:   1632     1235    
1652.6000us:   1170     1680    
1652.7000us:    594     1959    
1652.8000us:    -40     2047    
1652.9000us:   -670     1934    
1653.0000us:  -1235     1632    
1653.1000us:  -1680     1170    
1653.2000us:  -1959      594    
1653.3000us:  -2047      -40    
1653.4000us:  -1934     -670    
1653.5000us:  -1632    -1235    
1653.6000us:  -1170    -1680    
1653.7000us:   -594    -1959    
1653.8000us:     40    -2047    
1653.9000us:    670    -1934    
1654.0000us:   1235    -1632    
1654.1000us:   1680    -1170    
1654.2000us:   1959     -594    
1654.3000us:   2047       40    
1654.4000us:   1934      670    
1654.5000us:   1632     1235    
1654.6000us:   1170     1680    
1654.7000us:    594     1959    
1654.8000us:    -40     2047    
1654.9000us:   -670     1934    
1655.0000us:  -1235     1632    
1655.1000us:  -1680     1170    
1655.2000us:  -1959      594    
1655.3000us:  -2047      -40    
1655.4000us:  -1934     -670    
1655.5000us:  -1632    -1235    
1655.6000us:  -1170    -1680    
1655.7000us:   -594    -1959    
1655.8000us:     40    -2047    
1655.9000us:    670    -1934    
1656.0000us:   1235    -1632    
1656.1000us:   1680    -1170    
1656.2000us:   1959     -594    
1656.3000us:   2047       40    
1656.4000us:   1934      670    
1656.5000us:   1632     1235    
1656.6000us:   1170     1680    
1656.7000us:    594     1959    
1656.8000us:    -40     2047    
1656.9000us:   -670     1934    
1657.0000us:  -1235     1632    
1657.1000us:  -1680     1170    
1657.2000us:  -1959      594    
1657.3000us:  -2047      -40    
1657.4000us:  -1934     -670    
1657.5000us:  -1632    -1235    
1657.6000us:  -1170    -1680    
1657.7000us:   -594    -1959    
1657.8000us:     40    -2047    
1657.9000us:    670    -1934    
1658.0000us:   1236    -1632    
1658.1000us:   1680    -1170    
1658.2000us:   1959     -594    
1658.3000us:   2047       40    
1658.4000us:   1934      670    
1658.5000us:   1632     1236    
1658.6000us:   1170     1680    
1658.7000us:    594     1959    
1658.8000us:    -40     2047    
1658.9000us:   -670     1934    
1659.0000us:  -1236     1632    
1659.1000us:  -1680     1170    
1659.2000us:  -1959      594    
1659.3000us:  -2047      -40    
1659.4000us:  -1934     -670    
1659.5000us:  -1632    -1236    
1659.6000us:  -1170    -1680    
1659.7000us:   -594    -1959    
1659.8000us:     40    -2047    
1659.9000us:    670    -1934    
1660.0000us:   1236    -1632    
1660.1000us:   1680    -1170    
1660.2000us:   1959     -594    
1660.3000us:   2047       40    
1660.4000us:   1934      670    
1660.5000us:   1632     1236    
1660.6000us:   1170     1680    
1660.7000us:    594     1959    
1660.8000us:    -40     2047    
1660.9000us:   -670     1934    
1661.0000us:  -1236     1632    
1661.1000us:  -1680     1170    
1661.2000us:  -1959      594    
1661.3000us:  -2047      -40    
1661.4000us:  -1934     -670    
1661.5000us:  -1632    -1236    
1661.6000us:  -1170    -1680    
1661.7000us:   -594    -1959    
1661.8000us:     40    -2047    
1661.9000us:    670    -1934    
1662.0000us:   1236    -1632    
1662.1000us:   1680    -1170    
1662.2000us:   1959     -594    
1662.3000us:   2047       40    
1662.4000us:   1934      670    
1662.5000us:   1632     1236    
1662.6000us:   1170     1680    
1662.7000us:    594     1959    
1662.8000us:    -40     2047    
1662.9000us:   -670     1934    
1663.0000us:  -1236     1632    
1663.1000us:  -1680     1170    
1663.2000us:  -1959      594    
1663.3000us:  -2047      -40    
1663.4000us:  -1934     -670    
1663.5000us:  -1632    -1236    
1663.6000us:  -1170    -1680    
1663.7000us:   -594    -1959    
1663.8000us:     40    -2047    
1663.9000us:    670    -1934    
1664.0000us:   1236    -1632    
1664.1000us:   1680    -1170    
1664.2000us:   1959     -594    
1664.3000us:   2047       40    
1664.4000us:   1934      671    
1664.5000us:   1632     1236    
1664.6000us:   1170     1680    
1664.7000us:    594     1959    
1664.8000us:    -40     2047    
1664.9000us:   -671     1934    
1665.0000us:  -1236     1632    
1665.1000us:  -1680     1170    
1665.2000us:  -1959      594    
1665.3000us:  -2047      -40    
1665.4000us:  -1934     -671    
1665.5000us:  -1632    -1236    
1665.6000us:  -1170    -1680    
1665.7000us:   -594    -1959    
1665.8000us:     40    -2047    
1665.9000us:    671    -1934    
1666.0000us:   1236    -1632    
1666.1000us:   1680    -1170    
1666.2000us:   1959     -594    
1666.3000us:   2047       40    
1666.4000us:   1934      671    
1666.5000us:   1632     1236    
1666.6000us:   1170     1680    
1666.7000us:    594     1959    
1666.8000us:    -40     2047    
1666.9000us:   -671     1934    
1667.0000us:  -1236     1632    
1667.1000us:  -1680     1170    
1667.2000us:  -1959      594    
1667.3000us:  -2047      -40    
1667.4000us:  -1934     -671    
1667.5000us:  -1632    -1236    
1667.6000us:  -1170    -1680    
1667.7000us:   -594    -1959    
1667.8000us:     40    -2047    
1667.9000us:    671    -1934    
1668.0000us:   1236    -1632    
1668.1000us:   1680    -1170    
1668.2000us:   1959     -594    
1668.3000us:   2047       40    
1668.4000us:   1934      671    
1668.5000us:   1632     1236    
1668.6000us:   1170     1680    
1668.7000us:    594     1959    
1668.8000us:    -40     2047    
1668.9000us:   -671     1934    
1669.0000us:  -1236     1632    
1669.1000us:  -1680     1170    
1669.2000us:  -1959      594    
1669.3000us:  -2047      -40    
1669.4000us:  -1934     -671    
1669.5000us:  -1632    -1236    
1669.6000us:  -1170    -1680    
1669.7000us:   -594    -1959    
1669.8000us:     40    -2047    
1669.9000us:    671    -1934    
1670.0000us:   1236    -1632    
1670.1000us:   1680    -1170    
1670.2000us:   1959     -594    
1670.3000us:   2047       40    
1670.4000us:   1934      671    
1670.5000us:   1632     1236    
1670.6000us:   1170     1680    
1670.7000us:    594     1959    
1670.8000us:    -41     2047    
1670.9000us:   -671     1934    
1671.0000us:  -1236     1632    
1671.1000us:  -1680     1170    
1671.2000us:  -1959      594    
1671.3000us:  -2047      -41    
1671.4000us:  -1934     -671    
1671.5000us:  -1632    -1236    
1671.6000us:  -1170    -1680    
1671.7000us:   -594    -1959    
1671.8000us:     41    -2047    
1671.9000us:    671    -1934    
1672.0000us:   1236    -1632    
1672.1000us:   1680    -1170    
1672.2000us:   1959     -594    
1672.3000us:   2047       41    
1672.4000us:   1934      671    
1672.5000us:   1632     1236    
1672.6000us:   1170     1680    
1672.7000us:    594     1959    
1672.8000us:    -41     2047    
1672.9000us:   -671     1934    
1673.0000us:  -1236     1632    
1673.1000us:  -1680     1170    
1673.2000us:  -1959      594    
1673.3000us:  -2047      -41    
1673.4000us:  -1934     -671    
1673.5000us:  -1632    -1236    
1673.6000us:  -1170    -1680    
1673.7000us:   -594    -1959    
1673.8000us:     41    -2047    
1673.9000us:    671    -1934    
1674.0000us:   1236    -1632    
1674.1000us:   1680    -1170    
1674.2000us:   1959     -594    
1674.3000us:   2047       41    
1674.4000us:   1934      671    
1674.5000us:   1632     1236    
1674.6000us:   1170     1680    
1674.7000us:    594     1959    
1674.8000us:    -41     2047    
1674.9000us:   -671     1934    
1675.0000us:  -1236     1632    
1675.1000us:  -1680     1170    
1675.2000us:  -1959      594    
1675.3000us:  -2047      -41    
1675.4000us:  -1934     -671    
1675.5000us:  -1632    -1236    
1675.6000us:  -1170    -1680    
1675.7000us:   -594    -1959    
1675.8000us:     41    -2047    
1675.9000us:    671    -1934    
1676.0000us:   1236    -1632    
1676.1000us:   1680    -1170    
1676.2000us:   1959     -594    
1676.3000us:   2047       41    
1676.4000us:   1934      671    
1676.5000us:   1632     1236    
1676.6000us:   1170     1680    
1676.7000us:    594     1959    
1676.8000us:    -41     2047    
1676.9000us:   -671     1934    
1677.0000us:  -1236     1632    
1677.1000us:  -1680     1170    
1677.2000us:  -1959      593    
1677.3000us:  -2047      -41    
1677.4000us:  -1934     -671    
1677.5000us:  -1632    -1236    
1677.6000us:  -1170    -1680    
1677.7000us:   -593    -1959    
1677.8000us:     41    -2047    
1677.9000us:    671    -1934    
1678.0000us:   1236    -1632    
1678.1000us:   1680    -1170    
1678.2000us:   1959     -593    
1678.3000us:   2047       41    
1678.4000us:   1934      671    
1678.5000us:   1632     1236    
1678.6000us:   1170     1680    
1678.7000us:    593     1959    
1678.8000us:    -41     2047    
1678.9000us:   -671     1934    
1679.0000us:  -1236     1632    
1679.1000us:  -1680     1170    
1679.2000us:  -1959      593    
1679.3000us:  -2047      -41    
1679.4000us:  -1934     -671    
1679.5000us:  -1632    -1236    
1679.6000us:  -1170    -1680    
1679.7000us:   -593    -1959    
1679.8000us:     41    -2047    
1679.9000us:    671    -1934    
1680.0000us:   1236    -1632    
1680.1000us:   1680    -1170    
1680.2000us:   1959     -593    
1680.3000us:   2047       41    
1680.4000us:   1934      671    
1680.5000us:   1632     1236    
1680.6000us:   1170     1680    
1680.7000us:    593     1959    
1680.8000us:    -41     2047    
1680.9000us:   -671     1934    
1681.0000us:  -1236     1632    
1681.1000us:  -1680     1170    
1681.2000us:  -1959      593    
1681.3000us:  -2047      -41    
1681.4000us:  -1934     -671    
1681.5000us:  -1632    -1236    
1681.6000us:  -1170    -1680    
1681.7000us:   -593    -1959    
1681.8000us:     41    -2047    
1681.9000us:    671    -1934    
1682.0000us:   1236    -1632    
1682.1000us:   1680    -1170    
1682.2000us:   1959     -593    
1682.3000us:   2047       41    
1682.4000us:   1934      671    
1682.5000us:   1632     1236    
1682.6000us:   1170     1680    
1682.7000us:    593     1959    
1682.8000us:    -41     2047    
1682.9000us:   -671     1934    
1683.0000us:  -1236     1632    
1683.1000us:  -1680     1170    
1683.2000us:  -1959      593    
1683.3000us:  -2047      -41    
1683.4000us:  -1934     -671    
1683.5000us:  -1632    -1236    
1683.6000us:  -1169    -1680    
1683.7000us:   -593    -1959    
1683.8000us:     41    -2047    
1683.9000us:    671    -1934    
1684.0000us:   1236    -1632    
1684.1000us:   1680    -1169    
1684.2000us:   1959     -593    
1684.3000us:   2047       41    
1684.4000us:   1934      671    
1684.5000us:   1632     1236    
1684.6000us:   1169     1680    
1684.7000us:    593     1959    
1684.8000us:    -41     2047    
1684.9000us:   -671     1934    
1685.0000us:  -1236     1632    
1685.1000us:  -1680     1169    
1685.2000us:  -1959      593    
1685.3000us:  -2047      -41    
1685.4000us:  -1934     -671    
1685.5000us:  -1632    -1236    
1685.6000us:  -1169    -1680    
1685.7000us:   -593    -1959    
1685.8000us:     41    -2047    
1685.9000us:    671    -1934    
1686.0000us:   1236    -1632    
1686.1000us:   1680    -1169    
1686.2000us:   1959     -593    
1686.3000us:   2047       41    
1686.4000us:   1934      671    
1686.5000us:   1632     1236    
1686.6000us:   1169     1680    
1686.7000us:    593     1959    
1686.8000us:    -41     2047    
1686.9000us:   -671     1934    
1687.0000us:  -1236     1632    
1687.1000us:  -1680     1169    
1687.2000us:  -1959      593    
1687.3000us:  -2047      -41    
1687.4000us:  -1934     -671    
1687.5000us:  -1632    -1236    
1687.6000us:  -1169    -1680    
1687.7000us:   -593    -1959    
1687.8000us:     41    -2047    
1687.9000us:    671    -1934    
1688.0000us:   1236    -1632    
1688.1000us:   1680    -1169    
1688.2000us:   1959     -593    
1688.3000us:   2047       41    
1688.4000us:   1934      671    
1688.5000us:   1632     1236    
1688.6000us:   1169     1680    
1688.7000us:    593     1959    
1688.8000us:    -41     2047    
1688.9000us:   -671     1934    
1689.0000us:  -1236     1632    
1689.1000us:  -1680     1169    
1689.2000us:  -1959      593    
1689.3000us:  -2047      -41    
1689.4000us:  -1934     -671    
1689.5000us:  -1632    -1236    
1689.6000us:  -1169    -1680    
1689.7000us:   -593    -1959    
1689.8000us:     41    -2047    
1689.9000us:    671    -1934    
1690.0000us:   1236    -1631    
1690.1000us:   1680    -1169    
1690.2000us:   1959     -593    
1690.3000us:   2047       41    
1690.4000us:   1934      671    
1690.5000us:   1631     1236    
1690.6000us:   1169     1680    
1690.7000us:    593     1959    
1690.8000us:    -41     2047    
1690.9000us:   -671     1934    
1691.0000us:  -1236     1631    
1691.1000us:  -1680     1169    
1691.2000us:  -1959      593    
1691.3000us:  -2047      -41    
1691.4000us:  -1934     -671    
1691.5000us:  -1631    -1236    
1691.6000us:  -1169    -1680    
1691.7000us:   -593    -1959    
1691.8000us:     41    -2047    
1691.9000us:    671    -1934    
1692.0000us:   1236    -1631    
1692.1000us:   1680    -1169    
1692.2000us:   1959     -593    
1692.3000us:   2047       41    
1692.4000us:   1934      671    
1692.5000us:   1631     1236    
1692.6000us:   1169     1680    
1692.7000us:    593     1959    
1692.8000us:    -41     2047    
1692.9000us:   -671     1934    
1693.0000us:  -1236     1631    
1693.1000us:  -1680     1169    
1693.2000us:  -1959      593    
1693.3000us:  -2047      -41    
1693.4000us:  -1934     -671    
1693.5000us:  -1631    -1236    
1693.6000us:  -1169    -1680    
1693.7000us:   -593    -1959    
1693.8000us:     41    -2047    
1693.9000us:    671    -1934    
1694.0000us:   1236    -1631    
1694.1000us:   1680    -1169    
1694.2000us:   1959     -593    
1694.3000us:   2047       41    
1694.4000us:   1934      671    
1694.5000us:   1631     1236    
1694.6000us:   1169     1680    
1694.7000us:    593     1959    
1694.8000us:    -41     2047    
1694.9000us:   -671     1934    
1695.0000us:  -1236     1631    
1695.1000us:  -1680     1169    
1695.2000us:  -1959      593    
1695.3000us:  -2047      -41    
1695.4000us:  -1934     -671    
1695.5000us:  -1631    -1236    
1695.6000us:  -1169    -1680    
1695.7000us:   -593    -1959    
1695.8000us:     41    -2047    
1695.9000us:    671    -1934    
1696.0000us:   1236    -1631    
1696.1000us:   1680    -1169    
1696.2000us:   1959     -593    
1696.3000us:   2047       41    
1696.4000us:   1934      671    
1696.5000us:   1631     1236    
1696.6000us:   1169     1680    
1696.7000us:    593     1959    
1696.8000us:    -41     2047    
1696.9000us:   -671     1934    
1697.0000us:  -1236     1631    
1697.1000us:  -1680     1169    
1697.2000us:  -1959      593    
1697.3000us:  -2047      -41    
1697.4000us:  -1934     -671    
1697.5000us:  -1631    -1236    
1697.6000us:  -1169    -1680    
1697.7000us:   -593    -1959    
1697.8000us:     41    -2047    
1697.9000us:    671    -1934    
1698.0000us:   1236    -1631    
1698.1000us:   1680    -1169    
1698.2000us:   1959     -593    
1698.3000us:   2047       41    
1698.4000us:   1934      671    
1698.5000us:   1631     1236    
1698.6000us:   1169     1680    
1698.7000us:    593     1959    
1698.8000us:    -41     2047    
1698.9000us:   -671     1934    
1699.0000us:  -1236     1631    
1699.1000us:  -1680     1169    
1699.2000us:  -1959      593    
1699.3000us:  -2047      -41    
1699.4000us:  -1934     -671    
1699.5000us:  -1631    -1236    
1699.6000us:  -1169    -1680    
1699.7000us:   -593    -1959    
1699.8000us:     41    -2047    
1699.9000us:    671    -1934    
1700.0000us:   1236    -1631    
1700.1000us:   1680    -1169    
1700.2000us:   1959     -593    
1700.3000us:   2047       41    
1700.4000us:   1934      671    
1700.5000us:   1631     1236    
1700.6000us:   1169     1680    
1700.7000us:    593     1959    
1700.8000us:    -41     2047    
1700.9000us:   -671     1934    
1701.0000us:  -1236     1631    
1701.1000us:  -1680     1169    
1701.2000us:  -1959      593    
1701.3000us:  -2047      -41    
1701.4000us:  -1934     -671    
1701.5000us:  -1631    -1236    
1701.6000us:  -1169    -1680    
1701.7000us:   -593    -1959    
1701.8000us:     41    -2047    
1701.9000us:    671    -1934    
1702.0000us:   1236    -1631    
1702.1000us:   1680    -1169    
1702.2000us:   1959     -593    
1702.3000us:   2047       41    
1702.4000us:   1934      671    
1702.5000us:   1631     1236    
1702.6000us:   1169     1680    
1702.7000us:    593     1959    
1702.8000us:    -41     2047    
1702.9000us:   -671     1934    
1703.0000us:  -1236     1631    
1703.1000us:  -1680     1169    
1703.2000us:  -1959      593    
1703.3000us:  -2047      -41    
1703.4000us:  -1934     -671    
1703.5000us:  -1631    -1236    
1703.6000us:  -1169    -1680    
1703.7000us:   -593    -1959    
1703.8000us:     41    -2047    
1703.9000us:    671    -1934    
1704.0000us:   1236    -1631    
1704.1000us:   1680    -1169    
1704.2000us:   1959     -593    
1704.3000us:   2047       41    
1704.4000us:   1934      671    
1704.5000us:   1631     1236    
1704.6000us:   1169     1680    
1704.7000us:    593     1959    
1704.8000us:    -41     2047    
1704.9000us:   -671     1934    
1705.0000us:  -1236     1631    
1705.1000us:  -1680     1169    
1705.2000us:  -1959      593    
1705.3000us:  -2047      -41    
1705.4000us:  -1934     -671    
1705.5000us:  -1631    -1236    
1705.6000us:  -1169    -1680    
1705.7000us:   -593    -1959    
1705.8000us:     41    -2047    
1705.9000us:    671    -1934    
1706.0000us:   1236    -1631    
1706.1000us:   1680    -1169    
1706.2000us:   1959     -593    
1706.3000us:   2047       41    
1706.4000us:   1934      671    
1706.5000us:   1631     1236    
1706.6000us:   1169     1680    
1706.7000us:    593     1959    
1706.8000us:    -41     2047    
1706.9000us:   -671     1934    
1707.0000us:  -1236     1631    
1707.1000us:  -1680     1169    
1707.2000us:  -1959      593    
1707.3000us:  -2047      -41    
1707.4000us:  -1934     -671    
1707.5000us:  -1631    -1236    
1707.6000us:  -1169    -1680    
1707.7000us:   -593    -1959    
1707.8000us:     41    -2047    
1707.9000us:    671    -1934    
1708.0000us:   1236    -1631    
1708.1000us:   1680    -1169    
1708.2000us:   1959     -593    
1708.3000us:   2047       41    
1708.4000us:   1934      671    
1708.5000us:   1631     1236    
1708.6000us:   1169     1680    
1708.7000us:    593     1959    
1708.8000us:    -41     2047    
1708.9000us:   -671     1934    
1709.0000us:  -1236     1631    
1709.1000us:  -1680     1169    
1709.2000us:  -1959      592    
1709.3000us:  -2047      -41    
1709.4000us:  -1934     -671    
1709.5000us:  -1631    -1236    
1709.6000us:  -1169    -1680    
1709.7000us:   -592    -1959    
1709.8000us:     41    -2047    
1709.9000us:    671    -1934    
1710.0000us:   1236    -1631    
1710.1000us:   1680    -1169    
1710.2000us:   1959     -592    
1710.3000us:   2047       41    
1710.4000us:   1934      671    
1710.5000us:   1631     1236    
1710.6000us:   1169     1680    
1710.7000us:    592     1959    
1710.8000us:    -41     2047    
1710.9000us:   -671     1934    
1711.0000us:  -1236     1631    
1711.1000us:  -1680     1169    
1711.2000us:  -1959      592    
1711.3000us:  -2047      -41    
1711.4000us:  -1934     -671    
1711.5000us:  -1631    -1236    
1711.6000us:  -1169    -1680    
1711.7000us:   -592    -1959    
1711.8000us:     41    -2047    
1711.9000us:    671    -1934    
1712.0000us:   1236    -1631    
1712.1000us:   1680    -1169    
1712.2000us:   1959     -592    
1712.3000us:   2047       41    
1712.4000us:   1934      671    
1712.5000us:   1631     1236    
1712.6000us:   1169     1680    
1712.7000us:    592     1959    
1712.8000us:    -41     2047    
1712.9000us:   -671     1934    
1713.0000us:  -1236     1631    
1713.1000us:  -1680     1169    
1713.2000us:  -1959      592    
1713.3000us:  -2047      -41    
1713.4000us:  -1934     -671    
1713.5000us:  -1631    -1236    
1713.6000us:  -1169    -1680    
1713.7000us:   -592    -1959    
1713.8000us:     41    -2047    
1713.9000us:    671    -1934    
1714.0000us:   1236    -1631    
1714.1000us:   1680    -1169    
1714.2000us:   1959     -592    
1714.3000us:   2047       41    
1714.4000us:   1934      671    
1714.5000us:   1631     1236    
1714.6000us:   1169     1680    
1714.7000us:    592     1959    
1714.8000us:    -41     2047    
1714.9000us:   -671     1934    
1715.0000us:  -1236     1631    
1715.1000us:  -1680     1169    
1715.2000us:  -1959      592    
1715.3000us:  -2047      -41    
1715.4000us:  -1934     -671    
1715.5000us:  -1631    -1236    
1715.6000us:  -1168    -1680    
1715.7000us:   -592    -1959    
1715.8000us:     41    -2047    
1715.9000us:    671    -1934    
1716.0000us:   1236    -1631    
1716.1000us:   1680    -1168    
1716.2000us:   1959     -592    
1716.3000us:   2047       41    
1716.4000us:   1934      671    
1716.5000us:   1631     1236    
1716.6000us:   1168     1680    
1716.7000us:    592     1959    
1716.8000us:    -41     2047    
1716.9000us:   -671     1934    
1717.0000us:  -1236     1631    
1717.1000us:  -1680     1168    
1717.2000us:  -1959      592    
1717.3000us:  -2047      -41    
1717.4000us:  -1934     -671    
1717.5000us:  -1631    -1236    
1717.6000us:  -1168    -1680    
1717.7000us:   -592    -1959    
1717.8000us:     41    -2047    
1717.9000us:    671    -1934    
1718.0000us:   1236    -1631    
1718.1000us:   1680    -1168    
1718.2000us:   1959     -592    
1718.3000us:   2047       41    
1718.4000us:   1934      671    
1718.5000us:   1631     1236    
1718.6000us:   1168     1680    
1718.7000us:    592     1959    
1718.8000us:    -41     2047    
1718.9000us:   -671     1934    
1719.0000us:  -1236     1631    
1719.1000us:  -1680     1168    
1719.2000us:  -1959      592    
1719.3000us:  -2047      -41    
1719.4000us:  -1934     -671    
1719.5000us:  -1631    -1236    
1719.6000us:  -1168    -1680    
1719.7000us:   -592    -1959    
1719.8000us:     41    -2047    
1719.9000us:    671    -1934    
1720.0000us:   1236    -1631    
1720.1000us:   1680    -1168    
1720.2000us:   1959     -592    
1720.3000us:   2047       41    
1720.4000us:   1934      671    
1720.5000us:   1631     1236    
1720.6000us:   1168     1680    
1720.7000us:    592     1959    
1720.8000us:    -41     2047    
1720.9000us:   -671     1934    
1721.0000us:  -1236     1631    
1721.1000us:  -1680     1168    
1721.2000us:  -1959      592    
1721.3000us:  -2047      -41    
1721.4000us:  -1934     -671    
1721.5000us:  -1631    -1236    
1721.6000us:  -1168    -1680    
1721.7000us:   -592    -1959    
1721.8000us:     41    -2047    
1721.9000us:    671    -1934    
1722.0000us:   1237    -1631    
1722.1000us:   1680    -1168    
1722.2000us:   1959     -592    
1722.3000us:   2047       41    
1722.4000us:   1934      671    
1722.5000us:   1631     1237    
1722.6000us:   1168     1680    
1722.7000us:    592     1959    
1722.8000us:    -41     2047    
1722.9000us:   -671     1934    
1723.0000us:  -1237     1631    
1723.1000us:  -1680     1168    
1723.2000us:  -1959      592    
1723.3000us:  -2047      -41    
1723.4000us:  -1934     -671    
1723.5000us:  -1631    -1237    
1723.6000us:  -1168    -1680    
1723.7000us:   -592    -1959    
1723.8000us:     41    -2047    
1723.9000us:    671    -1934    
1724.0000us:   1237    -1631    
1724.1000us:   1680    -1168    
1724.2000us:   1959     -592    
1724.3000us:   2047       41    
1724.4000us:   1934      671    
1724.5000us:   1631     1237    
1724.6000us:   1168     1680    
1724.7000us:    592     1959    
1724.8000us:    -41     2047    
1724.9000us:   -671     1934    
1725.0000us:  -1237     1631    
1725.1000us:  -1680     1168    
1725.2000us:  -1959      592    
1725.3000us:  -2047      -41    
1725.4000us:  -1934     -671    
1725.5000us:  -1631    -1237    
1725.6000us:  -1168    -1680    
1725.7000us:   -592    -1959    
1725.8000us:     41    -2047    
1725.9000us:    671    -1934    
1726.0000us:   1237    -1631    
1726.1000us:   1680    -1168    
1726.2000us:   1959     -592    
1726.3000us:   2047       41    
1726.4000us:   1934      671    
1726.5000us:   1631     1237    
1726.6000us:   1168     1680    
1726.7000us:    592     1959    
1726.8000us:    -41     2047    
1726.9000us:   -671     1934    
1727.0000us:  -1237     1631    
1727.1000us:  -1680     1168    
1727.2000us:  -1959      592    
1727.3000us:  -2047      -41    
1727.4000us:  -1934     -671    
1727.5000us:  -1631    -1237    
1727.6000us:  -1168    -1680    
1727.7000us:   -592    -1959    
1727.8000us:     41    -2047    
1727.9000us:    671    -1934    
1728.0000us:   1237    -1631    
1728.1000us:   1680    -1168    
1728.2000us:   1959     -592    
1728.3000us:   2047       41    
1728.4000us:   1933      672    
1728.5000us:   1631     1237    
1728.6000us:   1168     1680    
1728.7000us:    592     1959    
1728.8000us:    -41     2047    
1728.9000us:   -672     1933    
1729.0000us:  -1237     1631    
1729.1000us:  -1680     1168    
1729.2000us:  -1959      592    
1729.3000us:  -2047      -41    
1729.4000us:  -1933     -672    
1729.5000us:  -1631    -1237    
1729.6000us:  -1168    -1680    
1729.7000us:   -592    -1959    
1729.8000us:     41    -2047    
1729.9000us:    672    -1933    
1730.0000us:   1237    -1631    
1730.1000us:   1680    -1168    
1730.2000us:   1959     -592    
1730.3000us:   2047       41    
1730.4000us:   1933      672    
1730.5000us:   1631     1237    
1730.6000us:   1168     1680    
1730.7000us:    592     1959    
1730.8000us:    -41     2047    
1730.9000us:   -672     1933    
1731.0000us:  -1237     1631    
1731.1000us:  -1680     1168    
1731.2000us:  -1959      592    
1731.3000us:  -2047      -41    
1731.4000us:  -1933     -672    
1731.5000us:  -1631    -1237    
1731.6000us:  -1168    -1680    
1731.7000us:   -592    -1959    
1731.8000us:     41    -2047    
1731.9000us:    672    -1933    
1732.0000us:   1237    -1631    
1732.1000us:   1680    -1168    
1732.2000us:   1959     -592    
1732.3000us:   2047       41    
1732.4000us:   1933      672    
1732.5000us:   1631     1237    
1732.6000us:   1168     1680    
1732.7000us:    592     1959    
1732.8000us:    -41     2047    
1732.9000us:   -672     1933    
1733.0000us:  -1237     1631    
1733.1000us:  -1680     1168    
1733.2000us:  -1959      592    
1733.3000us:  -2047      -41    
1733.4000us:  -1933     -672    
1733.5000us:  -1631    -1237    
1733.6000us:  -1168    -1680    
1733.7000us:   -592    -1959    
1733.8000us:     41    -2047    
1733.9000us:    672    -1933    
1734.0000us:   1237    -1631    
1734.1000us:   1680    -1168    
1734.2000us:   1959     -592    
1734.3000us:   2047       41    
1734.4000us:   1933      672    
1734.5000us:   1631     1237    
1734.6000us:   1168     1680    
1734.7000us:    592     1959    
1734.8000us:    -42     2047    
1734.9000us:   -672     1933    
1735.0000us:  -1237     1631    
1735.1000us:  -1680     1168    
1735.2000us:  -1959      592    
1735.3000us:  -2047      -42    
1735.4000us:  -1933     -672    
1735.5000us:  -1631    -1237    
1735.6000us:  -1168    -1680    
1735.7000us:   -592    -1959    
1735.8000us:     42    -2047    
1735.9000us:    672    -1933    
1736.0000us:   1237    -1631    
1736.1000us:   1680    -1168    
1736.2000us:   1959     -592    
1736.3000us:   2047       42    
1736.4000us:   1933      672    
1736.5000us:   1631     1237    
1736.6000us:   1168     1680    
1736.7000us:    592     1959    
1736.8000us:    -42     2047    
1736.9000us:   -672     1933    
1737.0000us:  -1237     1631    
1737.1000us:  -1680     1168    
1737.2000us:  -1959      592    
1737.3000us:  -2047      -42    
1737.4000us:  -1933     -672    
1737.5000us:  -1631    -1237    
1737.6000us:  -1168    -1680    
1737.7000us:   -592    -1959    
1737.8000us:     42    -2047    
1737.9000us:    672    -1933    
1738.0000us:   1237    -1631    
1738.1000us:   1680    -1168    
1738.2000us:   1959     -592    
1738.3000us:   2047       42    
1738.4000us:   1933      672    
1738.5000us:   1631     1237    
1738.6000us:   1168     1680    
1738.7000us:    592     1959    
1738.8000us:    -42     2047    
1738.9000us:   -672     1933    
1739.0000us:  -1237     1631    
1739.1000us:  -1680     1168    
1739.2000us:  -1959      592    
1739.3000us:  -2047      -42    
1739.4000us:  -1933     -672    
1739.5000us:  -1631    -1237    
1739.6000us:  -1168    -1680    
1739.7000us:   -592    -1959    
1739.8000us:     42    -2047    
1739.9000us:    672    -1933    
1740.0000us:   1237    -1631    
1740.1000us:   1680    -1168    
1740.2000us:   1959     -592    
1740.3000us:   2047       42    
1740.4000us:   1933      672    
1740.5000us:   1631     1237    
1740.6000us:   1168     1680    
1740.7000us:    592     1959    
1740.8000us:    -42     2047    
1740.9000us:   -672     1933    
1741.0000us:  -1237     1631    
1741.1000us:  -1680     1168    
1741.2000us:  -1959      592    
1741.3000us:  -2047      -42    
1741.4000us:  -1933     -672    
1741.5000us:  -1631    -1237    
1741.6000us:  -1168    -1680    
1741.7000us:   -592    -1959    
1741.8000us:     42    -2047    
1741.9000us:    672    -1933    
1742.0000us:   1237    -1631    
1742.1000us:   1680    -1168    
1742.2000us:   1959     -592    
1742.3000us:   2047       42    
1742.4000us:   1933      672    
1742.5000us:   1631     1237    
1742.6000us:   1168     1680    
1742.7000us:    592     1959    
1742.8000us:    -42     2047    
1742.9000us:   -672     1933    
1743.0000us:  -1237     1631    
1743.1000us:  -1680     1168    
1743.2000us:  -1959      592    
1743.3000us:  -2047      -42    
1743.4000us:  -1933     -672    
1743.5000us:  -1631    -1237    
1743.6000us:  -1168    -1680    
1743.7000us:   -592    -1959    
1743.8000us:     42    -2047    
1743.9000us:    672    -1933    
1744.0000us:   1237    -1631    
1744.1000us:   1680    -1168    
1744.2000us:   1959     -592    
1744.3000us:   2047       42    
1744.4000us:   1933      672    
1744.5000us:   1631     1237    
1744.6000us:   1168     1680    
1744.7000us:    592     1959    
1744.8000us:    -42     2047    
1744.9000us:   -672     1933    
1745.0000us:  -1237     1631    
1745.1000us:  -1680     1168    
1745.2000us:  -1959      592    
1745.3000us:  -2047      -42    
1745.4000us:  -1933     -672    
1745.5000us:  -1631    -1237    
1745.6000us:  -1168    -1680    
1745.7000us:   -592    -1959    
1745.8000us:     42    -2047    
1745.9000us:    672    -1933    
1746.0000us:   1237    -1631    
1746.1000us:   1680    -1168    
1746.2000us:   1959     -592    
1746.3000us:   2047       42    
1746.4000us:   1933      672    
1746.5000us:   1631     1237    
1746.6000us:   1168     1680    
1746.7000us:    592     1959    
1746.8000us:    -42     2047    
1746.9000us:   -672     1933    
1747.0000us:  -1237     1631    
1747.1000us:  -1680     1168    
1747.2000us:  -1959      592    
1747.3000us:  -2047      -42    
1747.4000us:  -1933     -672    
1747.5000us:  -1631    -1237    
1747.6000us:  -1168    -1680    
1747.7000us:   -592    -1959    
1747.8000us:     42    -2047    
1747.9000us:    672    -1933    
1748.0000us:   1237    -1631    
1748.1000us:   1680    -1168    
1748.2000us:   1959     -592    
1748.3000us:   2047       42    
1748.4000us:   1933      672    
1748.5000us:   1631     1237    
1748.6000us:   1168     1680    
1748.7000us:    592     1959    
1748.8000us:    -42     2047    
1748.9000us:   -672     1933    
1749.0000us:  -1237     1631    
1749.1000us:  -1680     1168    
1749.2000us:  -1959      592    
1749.3000us:  -2047      -42    
1749.4000us:  -1933     -672    
1749.5000us:  -1631    -1237    
1749.6000us:  -1168    -1680    
1749.7000us:   -592    -1959    
1749.8000us:     42    -2047    
1749.9000us:    672    -1933    
1750.0000us:   1237    -1631    
1750.1000us:   1680    -1168    
1750.2000us:   1959     -592    
1750.3000us:   2047       42    
1750.4000us:   1933      672    
1750.5000us:   1631     1237    
1750.6000us:   1168     1680    
1750.7000us:    592     1959    
1750.8000us:    -42     2047    
1750.9000us:   -672     1933    
1751.0000us:  -1237     1631    
1751.1000us:  -1680     1168    
1751.2000us:  -1959      592    
1751.3000us:  -2047      -42    
1751.4000us:  -1933     -672    
1751.5000us:  -1631    -1237    
1751.6000us:  -1168    -1680    
1751.7000us:   -592    -1959    
1751.8000us:     42    -2047    
1751.9000us:    672    -1933    
1752.0000us:   1237    -1631    
1752.1000us:   1680    -1168    
1752.2000us:   1959     -592    
1752.3000us:   2047       42    
1752.4000us:   1933      672    
1752.5000us:   1631     1237    
1752.6000us:   1168     1680    
1752.7000us:    592     1959    
1752.8000us:    -42     2047    
1752.9000us:   -672     1933    
1753.0000us:  -1237     1631    
1753.1000us:  -1680     1168    
1753.2000us:  -1959      592    
1753.3000us:  -2047      -42    
1753.4000us:  -1933     -672    
1753.5000us:  -1631    -1237    
1753.6000us:  -1168    -1680    
1753.7000us:   -592    -1959    
1753.8000us:     42    -2047    
1753.9000us:    672    -1933    
1754.0000us:   1238    -1630    
1754.1000us:   1680    -1168    
1754.2000us:   1959     -592    
1754.3000us:   2047       42    
1754.4000us:   1933      672    
1754.5000us:   1630     1238    
1754.6000us:   1168     1680    
1754.7000us:    592     1959    
1754.8000us:    -42     2047    
1754.9000us:   -672     1933    
1755.0000us:  -1238     1630    
1755.1000us:  -1680     1168    
1755.2000us:  -1959      592    
1755.3000us:  -2047      -42    
1755.4000us:  -1933     -672    
1755.5000us:  -1630    -1238    
1755.6000us:  -1168    -1680    
1755.7000us:   -592    -1959    
1755.8000us:     42    -2047    
1755.9000us:    672    -1933    
1756.0000us:   1238    -1630    
1756.1000us:   1680    -1168    
1756.2000us:   1959     -592    
1756.3000us:   2047       42    
1756.4000us:   1933      672    
1756.5000us:   1630     1238    
1756.6000us:   1168     1680    
1756.7000us:    592     1959    
1756.8000us:    -42     2047    
1756.9000us:   -672     1933    
1757.0000us:  -1238     1630    
1757.1000us:  -1680     1168    
1757.2000us:  -1959      592    
1757.3000us:  -2047      -42    
1757.4000us:  -1933     -672    
1757.5000us:  -1630    -1238    
1757.6000us:  -1168    -1680    
1757.7000us:   -592    -1959    
1757.8000us:     42    -2047    
1757.9000us:    672    -1933    
1758.0000us:   1238    -1630    
1758.1000us:   1680    -1168    
1758.2000us:   1959     -592    
1758.3000us:   2047       42    
1758.4000us:   1933      672    
1758.5000us:   1630     1238    
1758.6000us:   1168     1680    
1758.7000us:    592     1959    
1758.8000us:    -42     2047    
1758.9000us:   -672     1933    
1759.0000us:  -1238     1630    
1759.1000us:  -1680     1168    
1759.2000us:  -1959      592    
1759.3000us:  -2047      -42    
1759.4000us:  -1933     -672    
1759.5000us:  -1630    -1238    
1759.6000us:  -1168    -1680    
1759.7000us:   -592    -1959    
1759.8000us:     42    -2047    
1759.9000us:    672    -1933    
1760.0000us:   1238    -1630    
1760.1000us:   1680    -1168    
1760.2000us:   1959     -592    
1760.3000us:   2047       42    
1760.4000us:   1933      673    
1760.5000us:   1630     1238    
1760.6000us:   1168     1680    
1760.7000us:    592     1959    
1760.8000us:    -42     2047    
1760.9000us:   -673     1933    
1761.0000us:  -1238     1630    
1761.1000us:  -1680     1168    
1761.2000us:  -1959      592    
1761.3000us:  -2047      -42    
1761.4000us:  -1933     -673    
1761.5000us:  -1630    -1238    
1761.6000us:  -1168    -1680    
1761.7000us:   -592    -1959    
1761.8000us:     42    -2047    
1761.9000us:    673    -1933    
1762.0000us:   1238    -1630    
1762.1000us:   1680    -1168    
1762.2000us:   1959     -592    
1762.3000us:   2047       42    
1762.4000us:   1933      673    
1762.5000us:   1630     1238    
1762.6000us:   1168     1680    
1762.7000us:    592     1959    
1762.8000us:    -42     2047    
1762.9000us:   -673     1933    
1763.0000us:  -1238     1630    
1763.1000us:  -1680     1168    
1763.2000us:  -1959      592    
1763.3000us:  -2047      -42    
1763.4000us:  -1933     -673    
1763.5000us:  -1630    -1238    
1763.6000us:  -1168    -1680    
1763.7000us:   -592    -1959    
1763.8000us:     42    -2047    
1763.9000us:    673    -1933    
1764.0000us:   1238    -1630    
1764.1000us:   1680    -1168    
1764.2000us:   1959     -592    
1764.3000us:   2047       42    
1764.4000us:   1933      673    
1764.5000us:   1630     1238    
1764.6000us:   1168     1680    
1764.7000us:    592     1959    
1764.8000us:    -42     2047    
1764.9000us:   -673     1933    
1765.0000us:  -1238     1630    
1765.1000us:  -1680     1168    
1765.2000us:  -1959      592    
1765.3000us:  -2047      -42    
1765.4000us:  -1933     -673    
1765.5000us:  -1630    -1238    
1765.6000us:  -1168    -1680    
1765.7000us:   -592    -1959    
1765.8000us:     42    -2047    
1765.9000us:    673    -1933    
1766.0000us:   1238    -1630    
1766.1000us:   1680    -1168    
1766.2000us:   1959     -592    
1766.3000us:   2047       42    
1766.4000us:   1933      673    
1766.5000us:   1630     1238    
1766.6000us:   1168     1680    
1766.7000us:    592     1959    
1766.8000us:    -43     2047    
1766.9000us:   -673     1933    
1767.0000us:  -1238     1630    
1767.1000us:  -1680     1168    
1767.2000us:  -1959      592    
1767.3000us:  -2047      -43    
1767.4000us:  -1933     -673    
1767.5000us:  -1630    -1238    
1767.6000us:  -1168    -1680    
1767.7000us:   -592    -1959    
1767.8000us:     43    -2047    
1767.9000us:    673    -1933    
1768.0000us:   1238    -1630    
1768.1000us:   1680    -1168    
1768.2000us:   1959     -592    
1768.3000us:   2047       43    
1768.4000us:   1933      673    
1768.5000us:   1630     1238    
1768.6000us:   1168     1680    
1768.7000us:    592     1959    
1768.8000us:    -43     2047    
1768.9000us:   -673     1933    
1769.0000us:  -1238     1630    
1769.1000us:  -1680     1168    
1769.2000us:  -1959      592    
1769.3000us:  -2047      -43    
1769.4000us:  -1933     -673    
1769.5000us:  -1630    -1238    
1769.6000us:  -1168    -1680    
1769.7000us:   -592    -1959    
1769.8000us:     43    -2047    
1769.9000us:    673    -1933    
1770.0000us:   1238    -1630    
1770.1000us:   1680    -1168    
1770.2000us:   1959     -592    
1770.3000us:   2047       43    
1770.4000us:   1933      673    
1770.5000us:   1630     1238    
1770.6000us:   1168     1680    
1770.7000us:    592     1959    
1770.8000us:    -43     2047    
1770.9000us:   -673     1933    
1771.0000us:  -1238     1630    
1771.1000us:  -1680     1168    
1771.2000us:  -1959      592    
1771.3000us:  -2047      -43    
1771.4000us:  -1933     -673    
1771.5000us:  -1630    -1238    
1771.6000us:  -1168    -1680    
1771.7000us:   -592    -1959    
1771.8000us:     43    -2047    
1771.9000us:    673    -1933    
1772.0000us:   1238    -1630    
1772.1000us:   1680    -1168    
1772.2000us:   1959     -592    
1772.3000us:   2047       43    
1772.4000us:   1933      673    
1772.5000us:   1630     1238    
1772.6000us:   1168     1680    
1772.7000us:    592     1959    
1772.8000us:    -43     2047    
1772.9000us:   -673     1933    
1773.0000us:  -1238     1630    
1773.1000us:  -1680     1168    
1773.2000us:  -1959      591    
1773.3000us:  -2047      -43    
1773.4000us:  -1933     -673    
1773.5000us:  -1630    -1238    
1773.6000us:  -1168    -1680    
1773.7000us:   -591    -1959    
1773.8000us:     43    -2047    
1773.9000us:    673    -1933    
1774.0000us:   1238    -1630    
1774.1000us:   1680    -1168    
1774.2000us:   1959     -591    
1774.3000us:   2047       43    
1774.4000us:   1933      673    
1774.5000us:   1630     1238    
1774.6000us:   1168     1680    
1774.7000us:    591     1959    
1774.8000us:    -43     2047    
1774.9000us:   -673     1933    
1775.0000us:  -1238     1630    
1775.1000us:  -1680     1168    
1775.2000us:  -1959      591    
1775.3000us:  -2047      -43    
1775.4000us:  -1933     -673    
1775.5000us:  -1630    -1238    
1775.6000us:  -1168    -1680    
1775.7000us:   -591    -1959    
1775.8000us:     43    -2047    
1775.9000us:    673    -1933    
1776.0000us:   1238    -1630    
1776.1000us:   1680    -1168    
1776.2000us:   1959     -591    
1776.3000us:   2047       43    
1776.4000us:   1933      673    
1776.5000us:   1630     1238    
1776.6000us:   1168     1680    
1776.7000us:    591     1959    
1776.8000us:    -43     2047    
1776.9000us:   -673     1933    
1777.0000us:  -1238     1630    
1777.1000us:  -1680     1168    
1777.2000us:  -1959      591    
1777.3000us:  -2047      -43    
1777.4000us:  -1933     -673    
1777.5000us:  -1630    -1238    
1777.6000us:  -1168    -1680    
1777.7000us:   -591    -1959    
1777.8000us:     43    -2047    
1777.9000us:    673    -1933    
1778.0000us:   1238    -1630    
1778.1000us:   1680    -1168    
1778.2000us:   1959     -591    
1778.3000us:   2047       43    
1778.4000us:   1933      673    
1778.5000us:   1630     1238    
1778.6000us:   1168     1680    
1778.7000us:    591     1959    
1778.8000us:    -43     2047    
1778.9000us:   -673     1933    
1779.0000us:  -1238     1630    
1779.1000us:  -1680     1168    
1779.2000us:  -1959      591    
1779.3000us:  -2047      -43    
1779.4000us:  -1933     -673    
1779.5000us:  -1630    -1238    
1779.6000us:  -1167    -1681    
1779.7000us:   -591    -1959    
1779.8000us:     43    -2047    
1779.9000us:    673    -1933    
1780.0000us:   1238    -1630    
1780.1000us:   1681    -1167    
1780.2000us:   1959     -591    
1780.3000us:   2047       43    
1780.4000us:   1933      673    
1780.5000us:   1630     1238    
1780.6000us:   1167     1681    
1780.7000us:    591     1959    
1780.8000us:    -43     2047    
1780.9000us:   -673     1933    
1781.0000us:  -1238     1630    
1781.1000us:  -1681     1167    
1781.2000us:  -1959      591    
1781.3000us:  -2047      -43    
1781.4000us:  -1933     -673    
1781.5000us:  -1630    -1238    
1781.6000us:  -1167    -1681    
1781.7000us:   -591    -1959    
1781.8000us:     43    -2047    
1781.9000us:    673    -1933    
1782.0000us:   1238    -1630    
1782.1000us:   1681    -1167    
1782.2000us:   1959     -591    
1782.3000us:   2047       43    
1782.4000us:   1933      673    
1782.5000us:   1630     1238    
1782.6000us:   1167     1681    
1782.7000us:    591     1959    
1782.8000us:    -43     2047    
1782.9000us:   -673     1933    
1783.0000us:  -1238     1630    
1783.1000us:  -1681     1167    
1783.2000us:  -1959      591    
1783.3000us:  -2047      -43    
1783.4000us:  -1933     -673    
1783.5000us:  -1630    -1238    
1783.6000us:  -1167    -1681    
1783.7000us:   -591    -1959    
1783.8000us:     43    -2047    
1783.9000us:    673    -1933    
1784.0000us:   1238    -1630    
1784.1000us:   1681    -1167    
1784.2000us:   1959     -591    
1784.3000us:   2047       43    
1784.4000us:   1933      673    
1784.5000us:   1630     1238    
1784.6000us:   1167     1681    
1784.7000us:    591     1959    
1784.8000us:    -43     2047    
1784.9000us:   -673     1933    
1785.0000us:  -1238     1630    
1785.1000us:  -1681     1167    
1785.2000us:  -1959      591    
1785.3000us:  -2047      -43    
1785.4000us:  -1933     -673    
1785.5000us:  -1630    -1238    
1785.6000us:  -1167    -1681    
1785.7000us:   -591    -1959    
1785.8000us:     43    -2047    
1785.9000us:    673    -1933    
1786.0000us:   1238    -1630    
1786.1000us:   1681    -1167    
1786.2000us:   1959     -591    
1786.3000us:   2047       43    
1786.4000us:   1933      673    
1786.5000us:   1630     1238    
1786.6000us:   1167     1681    
1786.7000us:    591     1959    
1786.8000us:    -43     2047    
1786.9000us:   -673     1933    
1787.0000us:  -1238     1630    
1787.1000us:  -1681     1167    
1787.2000us:  -1959      591    
1787.3000us:  -2047      -43    
1787.4000us:  -1933     -673    
1787.5000us:  -1630    -1238    
1787.6000us:  -1167    -1681    
1787.7000us:   -591    -1959    
1787.8000us:     43    -2047    
1787.9000us:    673    -1933    
1788.0000us:   1238    -1630    
1788.1000us:   1681    -1167    
1788.2000us:   1959     -591    
1788.3000us:   2047       43    
1788.4000us:   1933      673    
1788.5000us:   1630     1238    
1788.6000us:   1167     1681    
1788.7000us:    591     1959    
1788.8000us:    -43     2047    
1788.9000us:   -673     1933    
1789.0000us:  -1238     1630    
1789.1000us:  -1681     1167    
1789.2000us:  -1959      591    
1789.3000us:  -2047      -43    
1789.4000us:  -1933     -673    
1789.5000us:  -1630    -1238    
1789.6000us:  -1167    -1681    
1789.7000us:   -591    -1959    
1789.8000us:     43    -2047    
1789.9000us:    673    -1933    
1790.0000us:   1238    -1630    
1790.1000us:   1681    -1167    
1790.2000us:   1959     -591    
1790.3000us:   2047       43    
1790.4000us:   1933      673    
1790.5000us:   1630     1238    
1790.6000us:   1167     1681    
1790.7000us:    591     1959    
1790.8000us:    -43     2047    
1790.9000us:   -673     1933    
1791.0000us:  -1238     1630    
1791.1000us:  -1681     1167    
1791.2000us:  -1959      591    
1791.3000us:  -2047      -43    
1791.4000us:  -1933     -673    
1791.5000us:  -1630    -1238    
1791.6000us:  -1167    -1681    
1791.7000us:   -591    -1959    
1791.8000us:     43    -2047    
1791.9000us:    673    -1933    
1792.0000us:   1238    -1630    
1792.1000us:   1681    -1167    
1792.2000us:   1959     -591    
1792.3000us:   2047       43    
1792.4000us:   1933      674    
1792.5000us:   1630     1238    
1792.6000us:   1167     1681    
1792.7000us:    591     1959    
1792.8000us:    -43     2047    
1792.9000us:   -674     1933    
1793.0000us:  -1238     1630    
1793.1000us:  -1681     1167    
1793.2000us:  -1959      591    
1793.3000us:  -2047      -43    
1793.4000us:  -1933     -674    
1793.5000us:  -1630    -1238    
1793.6000us:  -1167    -1681    
1793.7000us:   -591    -1959    
1793.8000us:     43    -2047    
1793.9000us:    674    -1933    
1794.0000us:   1238    -1630    
1794.1000us:   1681    -1167    
1794.2000us:   1959     -591    
1794.3000us:   2047       43    
1794.4000us:   1933      674    
1794.5000us:   1630     1238    
1794.6000us:   1167     1681    
1794.7000us:    591     1959    
1794.8000us:    -43     2047    
1794.9000us:   -674     1933    
1795.0000us:  -1238     1630    
1795.1000us:  -1681     1167    
1795.2000us:  -1959      591    
1795.3000us:  -2047      -43    
1795.4000us:  -1933     -674    
1795.5000us:  -1630    -1238    
1795.6000us:  -1167    -1681    
1795.7000us:   -591    -1959    
1795.8000us:     43    -2047    
1795.9000us:    674    -1933    
1796.0000us:   1238    -1630    
1796.1000us:   1681    -1167    
1796.2000us:   1959     -591    
1796.3000us:   2047       43    
1796.4000us:   1933      674    
1796.5000us:   1630     1238    
1796.6000us:   1167     1681    
1796.7000us:    591     1959    
1796.8000us:    -43     2047    
1796.9000us:   -674     1933    
1797.0000us:  -1238     1630    
1797.1000us:  -1681     1167    
1797.2000us:  -1959      591    
1797.3000us:  -2047      -43    
1797.4000us:  -1933     -674    
1797.5000us:  -1630    -1238    
1797.6000us:  -1167    -1681    
1797.7000us:   -591    -1959    
1797.8000us:     43    -2047    
1797.9000us:    674    -1933    
1798.0000us:   1238    -1630    
1798.1000us:   1681    -1167    
1798.2000us:   1959     -591    
1798.3000us:   2047       43    
1798.4000us:   1933      674    
1798.5000us:   1630     1238    
1798.6000us:   1167     1681    
1798.7000us:    591     1959    
1798.8000us:    -44     2047    
1798.9000us:   -674     1933    
1799.0000us:  -1238     1630    
1799.1000us:  -1681     1167    
1799.2000us:  -1959      591    
1799.3000us:  -2047      -44    
1799.4000us:  -1933     -674    
1799.5000us:  -1630    -1238    
1799.6000us:  -1167    -1681    
1799.7000us:   -591    -1959    
1799.8000us:     44    -2047    
1799.9000us:    674    -1933    
1800.0000us:   1238    -1630    
1800.1000us:   1681    -1167    
1800.2000us:   1959     -591    
1800.3000us:   2047       44    
1800.4000us:   1933      674    
1800.5000us:   1630     1238    
1800.6000us:   1167     1681    
1800.7000us:    591     1959    
1800.8000us:    -44     2047    
1800.9000us:   -674     1933    
1801.0000us:  -1238     1630    
1801.1000us:  -1681     1167    
1801.2000us:  -1959      591    
1801.3000us:  -2047      -44    
1801.4000us:  -1933     -674    
1801.5000us:  -1630    -1238    
1801.6000us:  -1167    -1681    
1801.7000us:   -591    -1959    
1801.8000us:     44    -2047    
1801.9000us:    674    -1933    
1802.0000us:   1238    -1630    
1802.1000us:   1681    -1167    
1802.2000us:   1959     -591    
1802.3000us:   2047       44    
1802.4000us:   1933      674    
1802.5000us:   1630     1238    
1802.6000us:   1167     1681    
1802.7000us:    591     1959    
1802.8000us:    -44     2047    
1802.9000us:   -674     1933    
1803.0000us:  -1238     1630    
1803.1000us:  -1681     1167    
1803.2000us:  -1959      591    
1803.3000us:  -2047      -44    
1803.4000us:  -1933     -674    
1803.5000us:  -1630    -1238    
1803.6000us:  -1167    -1681    
1803.7000us:   -591    -1959    
1803.8000us:     44    -2047    
1803.9000us:    674    -1933    
1804.0000us:   1238    -1630    
1804.1000us:   1681    -1167    
1804.2000us:   1959     -591    
1804.3000us:   2047       44    
1804.4000us:   1933      674    
1804.5000us:   1630     1238    
1804.6000us:   1167     1681    
1804.7000us:    591     1959    
1804.8000us:    -44     2047    
1804.9000us:   -674     1933    
1805.0000us:  -1238     1630    
1805.1000us:  -1681     1167    
1805.2000us:  -1959      590    
1805.3000us:  -2047      -44    
1805.4000us:  -1933     -674    
1805.5000us:  -1630    -1238    
1805.6000us:  -1167    -1681    
1805.7000us:   -590    -1959    
1805.8000us:     44    -2047    
1805.9000us:    674    -1933    
1806.0000us:   1238    -1630    
1806.1000us:   1681    -1167    
1806.2000us:   1959     -590    
1806.3000us:   2047       44    
1806.4000us:   1933      674    
1806.5000us:   1630     1238    
1806.6000us:   1167     1681    
1806.7000us:    590     1959    
1806.8000us:    -44     2047    
1806.9000us:   -674     1933    
1807.0000us:  -1238     1630    
1807.1000us:  -1681     1167    
1807.2000us:  -1959      590    
1807.3000us:  -2047      -44    
1807.4000us:  -1933     -674    
1807.5000us:  -1630    -1238    
1807.6000us:  -1167    -1681    
1807.7000us:   -590    -1959    
1807.8000us:     44    -2047    
1807.9000us:    674    -1933    
1808.0000us:   1238    -1630    
1808.1000us:   1681    -1167    
1808.2000us:   1959     -590    
1808.3000us:   2047       44    
1808.4000us:   1933      674    
1808.5000us:   1630     1238    
1808.6000us:   1167     1681    
1808.7000us:    590     1959    
1808.8000us:    -44     2047    
1808.9000us:   -674     1933    
1809.0000us:  -1238     1630    
1809.1000us:  -1681     1167    
1809.2000us:  -1959      590    
1809.3000us:  -2047      -44    
1809.4000us:  -1933     -674    
1809.5000us:  -1630    -1238    
1809.6000us:  -1167    -1681    
1809.7000us:   -590    -1959    
1809.8000us:     44    -2047    
1809.9000us:    674    -1933    
1810.0000us:   1238    -1630    
1810.1000us:   1681    -1167    
1810.2000us:   1959     -590    
1810.3000us:   2047       44    
1810.4000us:   1933      674    
1810.5000us:   1630     1238    
1810.6000us:   1167     1681    
1810.7000us:    590     1959    
1810.8000us:    -44     2047    
1810.9000us:   -674     1933    
1811.0000us:  -1238     1630    
1811.1000us:  -1681     1167    
1811.2000us:  -1959      590    
1811.3000us:  -2047      -44    
1811.4000us:  -1933     -674    
1811.5000us:  -1630    -1238    
1811.6000us:  -1167    -1681    
1811.7000us:   -590    -1959    
1811.8000us:     44    -2047    
1811.9000us:    674    -1933    
1812.0000us:   1238    -1630    
1812.1000us:   1681    -1167    
1812.2000us:   1959     -590    
1812.3000us:   2047       44    
1812.4000us:   1933      674    
1812.5000us:   1630     1238    
1812.6000us:   1167     1681    
1812.7000us:    590     1959    
1812.8000us:    -44     2047    
1812.9000us:   -674     1933    
1813.0000us:  -1238     1630    
1813.1000us:  -1681     1167    
1813.2000us:  -1959      590    
1813.3000us:  -2047      -44    
1813.4000us:  -1933     -674    
1813.5000us:  -1630    -1238    
1813.6000us:  -1167    -1681    
1813.7000us:   -590    -1959    
1813.8000us:     44    -2047    
1813.9000us:    674    -1933    
1814.0000us:   1238    -1630    
1814.1000us:   1681    -1167    
1814.2000us:   1959     -590    
1814.3000us:   2047       44    
1814.4000us:   1933      674    
1814.5000us:   1630     1238    
1814.6000us:   1167     1681    
1814.7000us:    590     1959    
1814.8000us:    -44     2047    
1814.9000us:   -674     1933    
1815.0000us:  -1238     1630    
1815.1000us:  -1681     1167    
1815.2000us:  -1959      590    
1815.3000us:  -2047      -44    
1815.4000us:  -1933     -674    
1815.5000us:  -1630    -1238    
1815.6000us:  -1167    -1681    
1815.7000us:   -590    -1959    
1815.8000us:     44    -2047    
1815.9000us:    674    -1933    
1816.0000us:   1238    -1630    
1816.1000us:   1681    -1167    
1816.2000us:   1959     -590    
1816.3000us:   2047       44    
1816.4000us:   1933      674    
1816.5000us:   1630     1238    
1816.6000us:   1167     1681    
1816.7000us:    590     1959    
1816.8000us:    -44     2047    
1816.9000us:   -674     1933    
1817.0000us:  -1238     1630    
1817.1000us:  -1681     1167    
1817.2000us:  -1959      590    
1817.3000us:  -2047      -44    
1817.4000us:  -1933     -674    
1817.5000us:  -1630    -1238    
1817.6000us:  -1167    -1681    
1817.7000us:   -590    -1959    
1817.8000us:     44    -2047    
1817.9000us:    674    -1933    
1818.0000us:   1239    -1629    
1818.1000us:   1681    -1167    
1818.2000us:   1959     -590    
1818.3000us:   2047       44    
1818.4000us:   1933      674    
1818.5000us:   1629     1239    
1818.6000us:   1167     1681    
1818.7000us:    590     1959    
1818.8000us:    -44     2047    
1818.9000us:   -674     1933    
1819.0000us:  -1239     1629    
1819.1000us:  -1681     1167    
1819.2000us:  -1959      590    
1819.3000us:  -2047      -44    
1819.4000us:  -1933     -674    
1819.5000us:  -1629    -1239    
1819.6000us:  -1167    -1681    
1819.7000us:   -590    -1959    
1819.8000us:     44    -2047    
1819.9000us:    674    -1933    
1820.0000us:   1239    -1629    
1820.1000us:   1681    -1167    
1820.2000us:   1959     -590    
1820.3000us:   2047       44    
1820.4000us:   1933      674    
1820.5000us:   1629     1239    
1820.6000us:   1167     1681    
1820.7000us:    590     1959    
1820.8000us:    -44     2047    
1820.9000us:   -674     1933    
1821.0000us:  -1239     1629    
1821.1000us:  -1681     1167    
1821.2000us:  -1959      590    
1821.3000us:  -2047      -44    
1821.4000us:  -1933     -674    
1821.5000us:  -1629    -1239    
1821.6000us:  -1167    -1681    
1821.7000us:   -590    -1959    
1821.8000us:     44    -2047    
1821.9000us:    674    -1933    
1822.0000us:   1239    -1629    
1822.1000us:   1681    -1167    
1822.2000us:   1959     -590    
1822.3000us:   2047       44    
1822.4000us:   1933      674    
1822.5000us:   1629     1239    
1822.6000us:   1167     1681    
1822.7000us:    590     1959    
1822.8000us:    -44     2047    
1822.9000us:   -674     1933    
1823.0000us:  -1239     1629    
1823.1000us:  -1681     1167    
1823.2000us:  -1959      590    
1823.3000us:  -2047      -44    
1823.4000us:  -1933     -674    
1823.5000us:  -1629    -1239    
1823.6000us:  -1167    -1681    
1823.7000us:   -590    -1959    
1823.8000us:     44    -2047    
1823.9000us:    674    -1933    
1824.0000us:   1239    -1629    
1824.1000us:   1681    -1167    
1824.2000us:   1959     -590    
1824.3000us:   2047       44    
1824.4000us:   1932      674    
1824.5000us:   1629     1239    
1824.6000us:   1167     1681    
1824.7000us:    590     1959    
1824.8000us:    -44     2047    
1824.9000us:   -674     1932    
1825.0000us:  -1239     1629    
1825.1000us:  -1681     1167    
1825.2000us:  -1959      590    
1825.3000us:  -2047      -44    
1825.4000us:  -1932     -674    
1825.5000us:  -1629    -1239    
1825.6000us:  -1167    -1681    
1825.7000us:   -590    -1959    
1825.8000us:     44    -2047    
1825.9000us:    674    -1932    
1826.0000us:   1239    -1629    
1826.1000us:   1681    -1167    
1826.2000us:   1959     -590    
1826.3000us:   2047       44    
1826.4000us:   1932      674    
1826.5000us:   1629     1239    
1826.6000us:   1167     1681    
1826.7000us:    590     1959    
1826.8000us:    -44     2047    
1826.9000us:   -674     1932    
1827.0000us:  -1239     1629    
1827.1000us:  -1681     1167    
1827.2000us:  -1959      590    
1827.3000us:  -2047      -44    
1827.4000us:  -1932     -674    
1827.5000us:  -1629    -1239    
1827.6000us:  -1167    -1681    
1827.7000us:   -590    -1959    
1827.8000us:     44    -2047    
1827.9000us:    674    -1932    
1828.0000us:   1239    -1629    
1828.1000us:   1681    -1167    
1828.2000us:   1959     -590    
1828.3000us:   2047       44    
1828.4000us:   1932      674    
1828.5000us:   1629     1239    
1828.6000us:   1167     1681    
1828.7000us:    590     1959    
1828.8000us:    -44     2047    
1828.9000us:   -674     1932    
1829.0000us:  -1239     1629    
1829.1000us:  -1681     1167    
1829.2000us:  -1959      590    
1829.3000us:  -2047      -44    
1829.4000us:  -1932     -674    
1829.5000us:  -1629    -1239    
1829.6000us:  -1167    -1681    
1829.7000us:   -590    -1959    
1829.8000us:     44    -2047    
1829.9000us:    674    -1932    
1830.0000us:   1239    -1629    
1830.1000us:   1681    -1167    
1830.2000us:   1959     -590    
1830.3000us:   2047       44    
1830.4000us:   1932      674    
1830.5000us:   1629     1239    
1830.6000us:   1167     1681    
1830.7000us:    590     1959    
1830.8000us:    -45     2047    
1830.9000us:   -674     1932    
1831.0000us:  -1239     1629    
1831.1000us:  -1681     1167    
1831.2000us:  -1959      590    
1831.3000us:  -2047      -45    
1831.4000us:  -1932     -674    
1831.5000us:  -1629    -1239    
1831.6000us:  -1167    -1681    
1831.7000us:   -590    -1959    
1831.8000us:     45    -2047    
1831.9000us:    674    -1932    
1832.0000us:   1239    -1629    
1832.1000us:   1681    -1167    
1832.2000us:   1959     -590    
1832.3000us:   2047       45    
1832.4000us:   1932      674    
1832.5000us:   1629     1239    
1832.6000us:   1167     1681    
1832.7000us:    590     1959    
1832.8000us:    -45     2047    
1832.9000us:   -674     1932    
1833.0000us:  -1239     1629    
1833.1000us:  -1681     1167    
1833.2000us:  -1959      590    
1833.3000us:  -2047      -45    
1833.4000us:  -1932     -674    
1833.5000us:  -1629    -1239    
1833.6000us:  -1167    -1681    
1833.7000us:   -590    -1959    
1833.8000us:     45    -2047    
1833.9000us:    674    -1932    
1834.0000us:   1239    -1629    
1834.1000us:   1681    -1167    
1834.2000us:   1959     -590    
1834.3000us:   2047       45    
1834.4000us:   1932      674    
1834.5000us:   1629     1239    
1834.6000us:   1167     1681    
1834.7000us:    590     1959    
1834.8000us:    -45     2047    
1834.9000us:   -674     1932    
1835.0000us:  -1239     1629    
1835.1000us:  -1681     1167    
1835.2000us:  -1959      590    
1835.3000us:  -2047      -45    
1835.4000us:  -1932     -674    
1835.5000us:  -1629    -1239    
1835.6000us:  -1167    -1681    
1835.7000us:   -590    -1959    
1835.8000us:     45    -2047    
1835.9000us:    674    -1932    
1836.0000us:   1239    -1629    
1836.1000us:   1681    -1167    
1836.2000us:   1959     -590    
1836.3000us:   2047       45    
1836.4000us:   1932      674    
1836.5000us:   1629     1239    
1836.6000us:   1167     1681    
1836.7000us:    590     1959    
1836.8000us:    -45     2047    
1836.9000us:   -674     1932    
1837.0000us:  -1239     1629    
1837.1000us:  -1681     1167    
1837.2000us:  -1960      589    
1837.3000us:  -2047      -45    
1837.4000us:  -1932     -674    
1837.5000us:  -1629    -1239    
1837.6000us:  -1167    -1681    
1837.7000us:   -589    -1960    
1837.8000us:     45    -2047    
1837.9000us:    674    -1932    
1838.0000us:   1239    -1629    
1838.1000us:   1681    -1167    
1838.2000us:   1960     -589    
1838.3000us:   2047       45    
1838.4000us:   1932      674    
1838.5000us:   1629     1239    
1838.6000us:   1167     1681    
1838.7000us:    589     1960    
1838.8000us:    -45     2047    
1838.9000us:   -674     1932    
1839.0000us:  -1239     1629    
1839.1000us:  -1681     1167    
1839.2000us:  -1960      589    
1839.3000us:  -2047      -45    
1839.4000us:  -1932     -674    
1839.5000us:  -1629    -1239    
1839.6000us:  -1167    -1681    
1839.7000us:   -589    -1960    
1839.8000us:     45    -2047    
1839.9000us:    674    -1932    
1840.0000us:   1239    -1629    
1840.1000us:   1681    -1167    
1840.2000us:   1960     -589    
1840.3000us:   2047       45    
1840.4000us:   1932      674    
1840.5000us:   1629     1239    
1840.6000us:   1167     1681    
1840.7000us:    589     1960    
1840.8000us:    -45     2047    
1840.9000us:   -674     1932    
1841.0000us:  -1239     1629    
1841.1000us:  -1681     1167    
1841.2000us:  -1960      589    
1841.3000us:  -2047      -45    
1841.4000us:  -1932     -674    
1841.5000us:  -1629    -1239    
1841.6000us:  -1167    -1681    
1841.7000us:   -589    -1960    
1841.8000us:     45    -2047    
1841.9000us:    674    -1932    
1842.0000us:   1239    -1629    
1842.1000us:   1681    -1167    
1842.2000us:   1960     -589    
1842.3000us:   2047       45    
1842.4000us:   1932      674    
1842.5000us:   1629     1239    
1842.6000us:   1167     1681    
1842.7000us:    589     1960    
1842.8000us:    -45     2047    
1842.9000us:   -674     1932    
1843.0000us:  -1239     1629    
1843.1000us:  -1681     1167    
1843.2000us:  -1960      589    
1843.3000us:  -2047      -45    
1843.4000us:  -1932     -674    
1843.5000us:  -1629    -1239    
1843.6000us:  -1166    -1682    
1843.7000us:   -589    -1960    
1843.8000us:     45    -2047    
1843.9000us:    674    -1932    
1844.0000us:   1239    -1629    
1844.1000us:   1682    -1166    
1844.2000us:   1960     -589    
1844.3000us:   2047       45    
1844.4000us:   1932      674    
1844.5000us:   1629     1239    
1844.6000us:   1166     1682    
1844.7000us:    589     1960    
1844.8000us:    -45     2047    
1844.9000us:   -674     1932    
1845.0000us:  -1239     1629    
1845.1000us:  -1682     1166    
1845.2000us:  -1960      589    
1845.3000us:  -2047      -45    
1845.4000us:  -1932     -674    
1845.5000us:  -1629    -1239    
1845.6000us:  -1166    -1682    
1845.7000us:   -589    -1960    
1845.8000us:     45    -2047    
1845.9000us:    674    -1932    
1846.0000us:   1239    -1629    
1846.1000us:   1682    -1166    
1846.2000us:   1960     -589    
1846.3000us:   2047       45    
1846.4000us:   1932      674    
1846.5000us:   1629     1239    
1846.6000us:   1166     1682    
1846.7000us:    589     1960    
1846.8000us:    -45     2047    
1846.9000us:   -674     1932    
1847.0000us:  -1239     1629    
1847.1000us:  -1682     1166    
1847.2000us:  -1960      589    
1847.3000us:  -2047      -45    
1847.4000us:  -1932     -674    
1847.5000us:  -1629    -1239    
1847.6000us:  -1166    -1682    
1847.7000us:   -589    -1960    
1847.8000us:     45    -2047    
1847.9000us:    674    -1932    
1848.0000us:   1239    -1629    
1848.1000us:   1682    -1166    
1848.2000us:   1960     -589    
1848.3000us:   2047       45    
1848.4000us:   1932      674    
1848.5000us:   1629     1239    
1848.6000us:   1166     1682    
1848.7000us:    589     1960    
1848.8000us:    -45     2047    
1848.9000us:   -674     1932    
1849.0000us:  -1239     1629    
1849.1000us:  -1682     1166    
1849.2000us:  -1960      589    
1849.3000us:  -2047      -45    
1849.4000us:  -1932     -674    
1849.5000us:  -1629    -1239    
1849.6000us:  -1166    -1682    
1849.7000us:   -589    -1960    
1849.8000us:     45    -2047    
1849.9000us:    674    -1932    
1850.0000us:   1239    -1628    
1850.1000us:   1682    -1166    
1850.2000us:   1960     -589    
1850.3000us:   2047       45    
1850.4000us:   1932      674    
1850.5000us:   1628     1239    
1850.6000us:   1166     1682    
1850.7000us:    589     1960    
1850.8000us:    -45     2047    
1850.9000us:   -674     1932    
1851.0000us:  -1239     1628    
1851.1000us:  -1682     1166    
1851.2000us:  -1960      589    
1851.3000us:  -2047      -45    
1851.4000us:  -1932     -674    
1851.5000us:  -1628    -1239    
1851.6000us:  -1166    -1682    
1851.7000us:   -589    -1960    
1851.8000us:     45    -2047    
1851.9000us:    674    -1932    
1852.0000us:   1239    -1628    
1852.1000us:   1682    -1166    
1852.2000us:   1960     -589    
1852.3000us:   2047       45    
1852.4000us:   1932      674    
1852.5000us:   1628     1239    
1852.6000us:   1166     1682    
1852.7000us:    589     1960    
1852.8000us:    -45     2047    
1852.9000us:   -674     1932    
1853.0000us:  -1239     1628    
1853.1000us:  -1682     1166    
1853.2000us:  -1960      589    
1853.3000us:  -2047      -45    
1853.4000us:  -1932     -674    
1853.5000us:  -1628    -1239    
1853.6000us:  -1166    -1682    
1853.7000us:   -589    -1960    
1853.8000us:     45    -2047    
1853.9000us:    674    -1932    
1854.0000us:   1239    -1628    
1854.1000us:   1682    -1166    
1854.2000us:   1960     -589    
1854.3000us:   2047       45    
1854.4000us:   1932      674    
1854.5000us:   1628     1239    
1854.6000us:   1166     1682    
1854.7000us:    589     1960    
1854.8000us:    -45     2047    
1854.9000us:   -674     1932    
1855.0000us:  -1239     1628    
1855.1000us:  -1682     1166    
1855.2000us:  -1960      589    
1855.3000us:  -2047      -45    
1855.4000us:  -1932     -674    
1855.5000us:  -1628    -1239    
1855.6000us:  -1166    -1682    
1855.7000us:   -589    -1960    
1855.8000us:     45    -2047    
1855.9000us:    674    -1932    
1856.0000us:   1239    -1628    
1856.1000us:   1682    -1166    
1856.2000us:   1960     -589    
1856.3000us:   2047       45    
1856.4000us:   1932      675    
1856.5000us:   1628     1239    
1856.6000us:   1166     1682    
1856.7000us:    589     1960    
1856.8000us:    -45     2047    
1856.9000us:   -675     1932    
1857.0000us:  -1239     1628    
1857.1000us:  -1682     1166    
1857.2000us:  -1960      589    
1857.3000us:  -2047      -45    
1857.4000us:  -1932     -675    
1857.5000us:  -1628    -1239    
1857.6000us:  -1166    -1682    
1857.7000us:   -589    -1960    
1857.8000us:     45    -2047    
1857.9000us:    675    -1932    
1858.0000us:   1239    -1628    
1858.1000us:   1682    -1166    
1858.2000us:   1960     -589    
1858.3000us:   2047       45    
1858.4000us:   1932      675    
1858.5000us:   1628     1239    
1858.6000us:   1166     1682    
1858.7000us:    589     1960    
1858.8000us:    -45     2047    
1858.9000us:   -675     1932    
1859.0000us:  -1239     1628    
1859.1000us:  -1682     1166    
1859.2000us:  -1960      589    
1859.3000us:  -2047      -45    
1859.4000us:  -1932     -675    
1859.5000us:  -1628    -1239    
1859.6000us:  -1166    -1682    
1859.7000us:   -589    -1960    
1859.8000us:     45    -2047    
1859.9000us:    675    -1932    
1860.0000us:   1239    -1628    
1860.1000us:   1682    -1166    
1860.2000us:   1960     -589    
1860.3000us:   2047       45    
1860.4000us:   1932      675    
1860.5000us:   1628     1239    
1860.6000us:   1166     1682    
1860.7000us:    589     1960    
1860.8000us:    -45     2047    
1860.9000us:   -675     1932    
1861.0000us:  -1239     1628    
1861.1000us:  -1682     1166    
1861.2000us:  -1960      589    
1861.3000us:  -2047      -45    
1861.4000us:  -1932     -675    
1861.5000us:  -1628    -1239    
1861.6000us:  -1166    -1682    
1861.7000us:   -589    -1960    
1861.8000us:     45    -2047    
1861.9000us:    675    -1932    
1862.0000us:   1239    -1628    
1862.1000us:   1682    -1166    
1862.2000us:   1960     -589    
1862.3000us:   2047       45    
1862.4000us:   1932      675    
1862.5000us:   1628     1239    
1862.6000us:   1166     1682    
1862.7000us:    589     1960    
1862.8000us:    -45     2047    
1862.9000us:   -675     1932    
1863.0000us:  -1239     1628    
1863.1000us:  -1682     1166    
1863.2000us:  -1960      589    
1863.3000us:  -2047      -45    
1863.4000us:  -1932     -675    
1863.5000us:  -1628    -1239    
1863.6000us:  -1166    -1682    
1863.7000us:   -589    -1960    
1863.8000us:     45    -2047    
1863.9000us:    675    -1932    
1864.0000us:   1239    -1628    
1864.1000us:   1682    -1166    
1864.2000us:   1960     -589    
1864.3000us:   2047       45    
1864.4000us:   1932      675    
1864.5000us:   1628     1239    
1864.6000us:   1166     1682    
1864.7000us:    589     1960    
1864.8000us:    -45     2047    
1864.9000us:   -675     1932    
1865.0000us:  -1239     1628    
1865.1000us:  -1682     1166    
1865.2000us:  -1960      589    
1865.3000us:  -2047      -45    
1865.4000us:  -1932     -675    
1865.5000us:  -1628    -1239    
1865.6000us:  -1166    -1682    
1865.7000us:   -589    -1960    
1865.8000us:     45    -2047    
1865.9000us:    675    -1932    
1866.0000us:   1239    -1628    
1866.1000us:   1682    -1166    
1866.2000us:   1960     -589    
1866.3000us:   2047       45    
1866.4000us:   1932      675    
1866.5000us:   1628     1239    
1866.6000us:   1166     1682    
1866.7000us:    589     1960    
1866.8000us:    -45     2047    
1866.9000us:   -675     1932    
1867.0000us:  -1239     1628    
1867.1000us:  -1682     1166    
1867.2000us:  -1960      589    
1867.3000us:  -2047      -45    
1867.4000us:  -1932     -675    
1867.5000us:  -1628    -1239    
1867.6000us:  -1166    -1682    
1867.7000us:   -589    -1960    
1867.8000us:     45    -2047    
1867.9000us:    675    -1932    
1868.0000us:   1239    -1628    
1868.1000us:   1682    -1166    
1868.2000us:   1960     -589    
1868.3000us:   2047       45    
1868.4000us:   1932      675    
1868.5000us:   1628     1239    
1868.6000us:   1166     1682    
1868.7000us:    589     1960    
1868.8000us:    -45     2047    
1868.9000us:   -675     1932    
1869.0000us:  -1239     1628    
1869.1000us:  -1682     1166    
1869.2000us:  -1960      589    
1869.3000us:  -2047      -45    
1869.4000us:  -1932     -675    
1869.5000us:  -1628    -1239    
1869.6000us:  -1166    -1682    
1869.7000us:   -589    -1960    
1869.8000us:     45    -2047    
1869.9000us:    675    -1932    
1870.0000us:   1239    -1628    
1870.1000us:   1682    -1166    
1870.2000us:   1960     -589    
1870.3000us:   2047       45    
1870.4000us:   1932      675    
1870.5000us:   1628     1239    
1870.6000us:   1166     1682    
1870.7000us:    589     1960    
1870.8000us:    -45     2047    
1870.9000us:   -675     1932    
1871.0000us:  -1239     1628    
1871.1000us:  -1682     1166    
1871.2000us:  -1960      589    
1871.3000us:  -2047      -45    
1871.4000us:  -1932     -675    
1871.5000us:  -1628    -1239    
1871.6000us:  -1166    -1682    
1871.7000us:   -589    -1960    
1871.8000us:     45    -2047    
1871.9000us:    675    -1932    
1872.0000us:   1239    -1628    
1872.1000us:   1682    -1166    
1872.2000us:   1960     -589    
1872.3000us:   2047       45    
1872.4000us:   1932      675    
1872.5000us:   1628     1239    
1872.6000us:   1166     1682    
1872.7000us:    589     1960    
1872.8000us:    -45     2047    
1872.9000us:   -675     1932    
1873.0000us:  -1239     1628    
1873.1000us:  -1682     1166    
1873.2000us:  -1960      589    
1873.3000us:  -2047      -45    
1873.4000us:  -1932     -675    
1873.5000us:  -1628    -1239    
1873.6000us:  -1166    -1682    
1873.7000us:   -589    -1960    
1873.8000us:     45    -2047    
1873.9000us:    675    -1932    
1874.0000us:   1239    -1628    
1874.1000us:   1682    -1166    
1874.2000us:   1960     -589    
1874.3000us:   2047       45    
1874.4000us:   1932      675    
1874.5000us:   1628     1239    
1874.6000us:   1166     1682    
1874.7000us:    589     1960    
1874.8000us:    -45     2047    
1874.9000us:   -675     1932    
1875.0000us:  -1239     1628    
1875.1000us:  -1682     1166    
1875.2000us:  -1960      589    
1875.3000us:  -2047      -45    
1875.4000us:  -1932     -675    
1875.5000us:  -1628    -1239    
1875.6000us:  -1165    -1682    
1875.7000us:   -589    -1960    
1875.8000us:     45    -2047    
1875.9000us:    675    -1932    
1876.0000us:   1239    -1628    
1876.1000us:   1682    -1165    
1876.2000us:   1960     -589    
1876.3000us:   2047       45    
1876.4000us:   1932      675    
1876.5000us:   1628     1239    
1876.6000us:   1165     1682    
1876.7000us:    589     1960    
1876.8000us:    -45     2047    
1876.9000us:   -675     1932    
1877.0000us:  -1239     1628    
1877.1000us:  -1682     1165    
1877.2000us:  -1960      589    
1877.3000us:  -2047      -45    
1877.4000us:  -1932     -675    
1877.5000us:  -1628    -1239    
1877.6000us:  -1165    -1682    
1877.7000us:   -589    -1960    
1877.8000us:     45    -2047    
1877.9000us:    675    -1932    
1878.0000us:   1239    -1628    
1878.1000us:   1682    -1165    
1878.2000us:   1960     -589    
1878.3000us:   2047       45    
1878.4000us:   1932      675    
1878.5000us:   1628     1239    
1878.6000us:   1165     1682    
1878.7000us:    589     1960    
1878.8000us:    -45     2047    
1878.9000us:   -675     1932    
1879.0000us:  -1239     1628    
1879.1000us:  -1682     1165    
1879.2000us:  -1960      589    
1879.3000us:  -2047      -45    
1879.4000us:  -1932     -675    
1879.5000us:  -1628    -1239    
1879.6000us:  -1165    -1682    
1879.7000us:   -589    -1960    
1879.8000us:     45    -2047    
1879.9000us:    675    -1932    
1880.0000us:   1239    -1628    
1880.1000us:   1682    -1165    
1880.2000us:   1960     -589    
1880.3000us:   2047       45    
1880.4000us:   1932      675    
1880.5000us:   1628     1239    
1880.6000us:   1165     1682    
1880.7000us:    589     1960    
1880.8000us:    -45     2047    
1880.9000us:   -675     1932    
1881.0000us:  -1239     1628    
1881.1000us:  -1682     1165    
1881.2000us:  -1960      589    
1881.3000us:  -2047      -45    
1881.4000us:  -1932     -675    
1881.5000us:  -1628    -1239    
1881.6000us:  -1165    -1682    
1881.7000us:   -589    -1960    
1881.8000us:     45    -2047    
1881.9000us:    675    -1932    
1882.0000us:   1240    -1628    
1882.1000us:   1682    -1165    
1882.2000us:   1960     -589    
1882.3000us:   2047       45    
1882.4000us:   1932      675    
1882.5000us:   1628     1240    
1882.6000us:   1165     1682    
1882.7000us:    589     1960    
1882.8000us:    -45     2047    
1882.9000us:   -675     1932    
1883.0000us:  -1240     1628    
1883.1000us:  -1682     1165    
1883.2000us:  -1960      589    
1883.3000us:  -2047      -45    
1883.4000us:  -1932     -675    
1883.5000us:  -1628    -1240    
1883.6000us:  -1165    -1682    
1883.7000us:   -589    -1960    
1883.8000us:     45    -2047    
1883.9000us:    675    -1932    
1884.0000us:   1240    -1628    
1884.1000us:   1682    -1165    
1884.2000us:   1960     -589    
1884.3000us:   2047       45    
1884.4000us:   1932      675    
1884.5000us:   1628     1240    
1884.6000us:   1165     1682    
1884.7000us:    589     1960    
1884.8000us:    -45     2047    
1884.9000us:   -675     1932    
1885.0000us:  -1240     1628    
1885.1000us:  -1682     1165    
1885.2000us:  -1960      589    
1885.3000us:  -2047      -45    
1885.4000us:  -1932     -675    
1885.5000us:  -1628    -1240    
1885.6000us:  -1165    -1682    
1885.7000us:   -589    -1960    
1885.8000us:     45    -2047    
1885.9000us:    675    -1932    
1886.0000us:   1240    -1628    
1886.1000us:   1682    -1165    
1886.2000us:   1960     -589    
1886.3000us:   2047       45    
1886.4000us:   1932      675    
1886.5000us:   1628     1240    
1886.6000us:   1165     1682    
1886.7000us:    589     1960    
1886.8000us:    -45     2047    
1886.9000us:   -675     1932    
1887.0000us:  -1240     1628    
1887.1000us:  -1682     1165    
1887.2000us:  -1960      589    
1887.3000us:  -2047      -45    
1887.4000us:  -1932     -675    
1887.5000us:  -1628    -1240    
1887.6000us:  -1165    -1682    
1887.7000us:   -589    -1960    
1887.8000us:     45    -2047    
1887.9000us:    675    -1932    
1888.0000us:   1240    -1628    
1888.1000us:   1682    -1165    
1888.2000us:   1960     -589    
1888.3000us:   2047       45    
1888.4000us:   1932      676    
1888.5000us:   1628     1240    
1888.6000us:   1165     1682    
1888.7000us:    589     1960    
1888.8000us:    -45     2047    
1888.9000us:   -676     1932    
1889.0000us:  -1240     1628    
1889.1000us:  -1682     1165    
1889.2000us:  -1960      589    
1889.3000us:  -2047      -45    
1889.4000us:  -1932     -676    
1889.5000us:  -1628    -1240    
1889.6000us:  -1165    -1682    
1889.7000us:   -589    -1960    
1889.8000us:     45    -2047    
1889.9000us:    676    -1932    
1890.0000us:   1240    -1628    
1890.1000us:   1682    -1165    
1890.2000us:   1960     -589    
1890.3000us:   2047       45    
1890.4000us:   1932      676    
1890.5000us:   1628     1240    
1890.6000us:   1165     1682    
1890.7000us:    589     1960    
1890.8000us:    -45     2047    
1890.9000us:   -676     1932    
1891.0000us:  -1240     1628    
1891.1000us:  -1682     1165    
1891.2000us:  -1960      589    
1891.3000us:  -2047      -45    
1891.4000us:  -1932     -676    
1891.5000us:  -1628    -1240    
1891.6000us:  -1165    -1682    
1891.7000us:   -589    -1960    
1891.8000us:     45    -2047    
1891.9000us:    676    -1932    
1892.0000us:   1240    -1628    
1892.1000us:   1682    -1165    
1892.2000us:   1960     -589    
1892.3000us:   2047       45    
1892.4000us:   1932      676    
1892.5000us:   1628     1240    
1892.6000us:   1165     1682    
1892.7000us:    589     1960    
1892.8000us:    -45     2047    
1892.9000us:   -676     1932    
1893.0000us:  -1240     1628    
1893.1000us:  -1682     1165    
1893.2000us:  -1960      589    
1893.3000us:  -2047      -45    
1893.4000us:  -1932     -676    
1893.5000us:  -1628    -1240    
1893.6000us:  -1165    -1682    
1893.7000us:   -589    -1960    
1893.8000us:     45    -2047    
1893.9000us:    676    -1932    
1894.0000us:   1240    -1628    
1894.1000us:   1682    -1165    
1894.2000us:   1960     -589    
1894.3000us:   2047       45    
1894.4000us:   1932      676    
1894.5000us:   1628     1240    
1894.6000us:   1165     1682    
1894.7000us:    589     1960    
1894.8000us:    -46     2047    
1894.9000us:   -676     1932    
1895.0000us:  -1240     1628    
1895.1000us:  -1682     1165    
1895.2000us:  -1960      589    
1895.3000us:  -2047      -46    
1895.4000us:  -1932     -676    
1895.5000us:  -1628    -1240    
1895.6000us:  -1165    -1682    
1895.7000us:   -589    -1960    
1895.8000us:     46    -2047    
1895.9000us:    676    -1932    
1896.0000us:   1240    -1628    
1896.1000us:   1682    -1165    
1896.2000us:   1960     -589    
1896.3000us:   2047       46    
1896.4000us:   1932      676    
1896.5000us:   1628     1240    
1896.6000us:   1165     1682    
1896.7000us:    589     1960    
1896.8000us:    -46     2047    
1896.9000us:   -676     1932    
1897.0000us:  -1240     1628    
1897.1000us:  -1682     1165    
1897.2000us:  -1960      589    
1897.3000us:  -2047      -46    
1897.4000us:  -1932     -676    
1897.5000us:  -1628    -1240    
1897.6000us:  -1165    -1682    
1897.7000us:   -589    -1960    
1897.8000us:     46    -2047    
1897.9000us:    676    -1932    
1898.0000us:   1240    -1628    
1898.1000us:   1682    -1165    
1898.2000us:   1960     -589    
1898.3000us:   2047       46    
1898.4000us:   1932      676    
1898.5000us:   1628     1240    
1898.6000us:   1165     1682    
1898.7000us:    589     1960    
1898.8000us:    -46     2047    
1898.9000us:   -676     1932    
1899.0000us:  -1240     1628    
1899.1000us:  -1682     1165    
1899.2000us:  -1960      589    
1899.3000us:  -2047      -46    
1899.4000us:  -1932     -676    
1899.5000us:  -1628    -1240    
1899.6000us:  -1165    -1682    
1899.7000us:   -589    -1960    
1899.8000us:     46    -2047    
1899.9000us:    676    -1932    
1900.0000us:   1240    -1628    
1900.1000us:   1682    -1165    
1900.2000us:   1960     -589    
1900.3000us:   2047       46    
1900.4000us:   1932      676    
1900.5000us:   1628     1240    
1900.6000us:   1165     1682    
1900.7000us:    589     1960    
1900.8000us:    -46     2047    
1900.9000us:   -676     1932    
1901.0000us:  -1240     1628    
1901.1000us:  -1682     1165    
1901.2000us:  -1960      588    
1901.3000us:  -2047      -46    
1901.4000us:  -1932     -676    
1901.5000us:  -1628    -1240    
1901.6000us:  -1165    -1682    
1901.7000us:   -588    -1960    
1901.8000us:     46    -2047    
1901.9000us:    676    -1932    
1902.0000us:   1240    -1628    
1902.1000us:   1682    -1165    
1902.2000us:   1960     -588    
1902.3000us:   2047       46    
1902.4000us:   1932      676    
1902.5000us:   1628     1240    
1902.6000us:   1165     1682    
1902.7000us:    588     1960    
1902.8000us:    -46     2047    
1902.9000us:   -676     1932    
1903.0000us:  -1240     1628    
1903.1000us:  -1682     1165    
1903.2000us:  -1960      588    
1903.3000us:  -2047      -46    
1903.4000us:  -1932     -676    
1903.5000us:  -1628    -1240    
1903.6000us:  -1165    -1682    
1903.7000us:   -588    -1960    
1903.8000us:     46    -2047    
1903.9000us:    676    -1932    
1904.0000us:   1240    -1628    
1904.1000us:   1682    -1165    
1904.2000us:   1960     -588    
1904.3000us:   2047       46    
1904.4000us:   1932      676    
1904.5000us:   1628     1240    
1904.6000us:   1165     1682    
1904.7000us:    588     1960    
1904.8000us:    -46     2047    
1904.9000us:   -676     1932    
1905.0000us:  -1240     1628    
1905.1000us:  -1682     1165    
1905.2000us:  -1960      588    
1905.3000us:  -2047      -46    
1905.4000us:  -1932     -676    
1905.5000us:  -1628    -1240    
1905.6000us:  -1165    -1682    
1905.7000us:   -588    -1960    
1905.8000us:     46    -2047    
1905.9000us:    676    -1932    
1906.0000us:   1240    -1628    
1906.1000us:   1682    -1165    
1906.2000us:   1960     -588    
1906.3000us:   2047       46    
1906.4000us:   1932      676    
1906.5000us:   1628     1240    
1906.6000us:   1165     1682    
1906.7000us:    588     1960    
1906.8000us:    -46     2047    
1906.9000us:   -676     1932    
1907.0000us:  -1240     1628    
1907.1000us:  -1682     1165    
1907.2000us:  -1960      588    
1907.3000us:  -2047      -46    
1907.4000us:  -1932     -676    
1907.5000us:  -1628    -1240    
1907.6000us:  -1165    -1683    
1907.7000us:   -588    -1960    
1907.8000us:     46    -2047    
1907.9000us:    676    -1932    
1908.0000us:   1240    -1628    
1908.1000us:   1683    -1165    
1908.2000us:   1960     -588    
1908.3000us:   2047       46    
1908.4000us:   1932      676    
1908.5000us:   1628     1240    
1908.6000us:   1165     1683    
1908.7000us:    588     1960    
1908.8000us:    -46     2047    
1908.9000us:   -676     1932    
1909.0000us:  -1240     1628    
1909.1000us:  -1683     1165    
1909.2000us:  -1960      588    
1909.3000us:  -2047      -46    
1909.4000us:  -1932     -676    
1909.5000us:  -1628    -1240    
1909.6000us:  -1165    -1683    
1909.7000us:   -588    -1960    
1909.8000us:     46    -2047    
1909.9000us:    676    -1932    
1910.0000us:   1240    -1628    
1910.1000us:   1683    -1165    
1910.2000us:   1960     -588    
1910.3000us:   2047       46    
1910.4000us:   1932      676    
1910.5000us:   1628     1240    
1910.6000us:   1165     1683    
1910.7000us:    588     1960    
1910.8000us:    -46     2047    
1910.9000us:   -676     1932    
1911.0000us:  -1240     1628    
1911.1000us:  -1683     1165    
1911.2000us:  -1960      588    
1911.3000us:  -2047      -46    
1911.4000us:  -1932     -676    
1911.5000us:  -1628    -1240    
1911.6000us:  -1165    -1683    
1911.7000us:   -588    -1960    
1911.8000us:     46    -2047    
1911.9000us:    676    -1932    
1912.0000us:   1240    -1628    
1912.1000us:   1683    -1165    
1912.2000us:   1960     -588    
1912.3000us:   2047       46    
1912.4000us:   1932      676    
1912.5000us:   1628     1240    
1912.6000us:   1165     1683    
1912.7000us:    588     1960    
1912.8000us:    -46     2047    
1912.9000us:   -676     1932    
1913.0000us:  -1240     1628    
1913.1000us:  -1683     1165    
1913.2000us:  -1960      588    
1913.3000us:  -2047      -46    
1913.4000us:  -1932     -676    
1913.5000us:  -1628    -1240    
1913.6000us:  -1165    -1683    
1913.7000us:   -588    -1960    
1913.8000us:     46    -2047    
1913.9000us:    676    -1932    
1914.0000us:   1241    -1628    
1914.1000us:   1683    -1165    
1914.2000us:   1960     -588    
1914.3000us:   2047       46    
1914.4000us:   1932      676    
1914.5000us:   1628     1241    
1914.6000us:   1165     1683    
1914.7000us:    588     1960    
1914.8000us:    -46     2047    
1914.9000us:   -676     1932    
1915.0000us:  -1241     1628    
1915.1000us:  -1683     1165    
1915.2000us:  -1960      588    
1915.3000us:  -2047      -46    
1915.4000us:  -1932     -676    
1915.5000us:  -1628    -1241    
1915.6000us:  -1165    -1683    
1915.7000us:   -588    -1960    
1915.8000us:     46    -2047    
1915.9000us:    676    -1932    
1916.0000us:   1241    -1628    
1916.1000us:   1683    -1165    
1916.2000us:   1960     -588    
1916.3000us:   2047       46    
1916.4000us:   1932      676    
1916.5000us:   1628     1241    
1916.6000us:   1165     1683    
1916.7000us:    588     1960    
1916.8000us:    -46     2047    
1916.9000us:   -676     1932    
1917.0000us:  -1241     1628    
1917.1000us:  -1683     1165    
1917.2000us:  -1960      588    
1917.3000us:  -2047      -46    
1917.4000us:  -1932     -676    
1917.5000us:  -1628    -1241    
1917.6000us:  -1165    -1683    
1917.7000us:   -588    -1960    
1917.8000us:     46    -2047    
1917.9000us:    676    -1932    
1918.0000us:   1241    -1628    
1918.1000us:   1683    -1165    
1918.2000us:   1960     -588    
1918.3000us:   2047       46    
1918.4000us:   1932      676    
1918.5000us:   1628     1241    
1918.6000us:   1165     1683    
1918.7000us:    588     1960    
1918.8000us:    -46     2047    
1918.9000us:   -676     1932    
1919.0000us:  -1241     1628    
1919.1000us:  -1683     1165    
1919.2000us:  -1960      588    
1919.3000us:  -2047      -46    
1919.4000us:  -1932     -676    
1919.5000us:  -1628    -1241    
1919.6000us:  -1165    -1683    
1919.7000us:   -588    -1960    
1919.8000us:     46    -2047    
1919.9000us:    676    -1932    
1920.0000us:   1241    -1628    
1920.1000us:   1683    -1165    
1920.2000us:   1960     -588    
1920.3000us:   2047       46    
1920.4000us:   1931      677    
1920.5000us:   1628     1241    
1920.6000us:   1165     1683    
1920.7000us:    588     1960    
1920.8000us:    -46     2047    
1920.9000us:   -677     1931    
1921.0000us:  -1241     1628    
1921.1000us:  -1683     1165    
1921.2000us:  -1960      588    
1921.3000us:  -2047      -46    
1921.4000us:  -1931     -677    
1921.5000us:  -1628    -1241    
1921.6000us:  -1165    -1683    
1921.7000us:   -588    -1960    
1921.8000us:     46    -2047    
1921.9000us:    677    -1931    
1922.0000us:   1241    -1628    
1922.1000us:   1683    -1165    
1922.2000us:   1960     -588    
1922.3000us:   2047       46    
1922.4000us:   1931      677    
1922.5000us:   1628     1241    
1922.6000us:   1165     1683    
1922.7000us:    588     1960    
1922.8000us:    -46     2047    
1922.9000us:   -677     1931    
1923.0000us:  -1241     1628    
1923.1000us:  -1683     1165    
1923.2000us:  -1960      588    
1923.3000us:  -2047      -46    
1923.4000us:  -1931     -677    
1923.5000us:  -1628    -1241    
1923.6000us:  -1165    -1683    
1923.7000us:   -588    -1960    
1923.8000us:     46    -2047    
1923.9000us:    677    -1931    
1924.0000us:   1241    -1628    
1924.1000us:   1683    -1165    
1924.2000us:   1960     -588    
1924.3000us:   2047       46    
1924.4000us:   1931      677    
1924.5000us:   1628     1241    
1924.6000us:   1165     1683    
1924.7000us:    588     1960    
1924.8000us:    -46     2047    
1924.9000us:   -677     1931    
1925.0000us:  -1241     1628    
1925.1000us:  -1683     1165    
1925.2000us:  -1960      588    
1925.3000us:  -2047      -46    
1925.4000us:  -1931     -677    
1925.5000us:  -1628    -1241    
1925.6000us:  -1165    -1683    
1925.7000us:   -588    -1960    
1925.8000us:     46    -2047    
1925.9000us:    677    -1931    
1926.0000us:   1241    -1628    
1926.1000us:   1683    -1165    
1926.2000us:   1960     -588    
1926.3000us:   2047       46    
1926.4000us:   1931      677    
1926.5000us:   1628     1241    
1926.6000us:   1165     1683    
1926.7000us:    588     1960    
1926.8000us:    -47     2047    
1926.9000us:   -677     1931    
1927.0000us:  -1241     1628    
1927.1000us:  -1683     1165    
1927.2000us:  -1960      588    
1927.3000us:  -2047      -47    
1927.4000us:  -1931     -677    
1927.5000us:  -1628    -1241    
1927.6000us:  -1165    -1683    
1927.7000us:   -588    -1960    
1927.8000us:     47    -2047    
1927.9000us:    677    -1931    
1928.0000us:   1241    -1628    
1928.1000us:   1683    -1165    
1928.2000us:   1960     -588    
1928.3000us:   2047       47    
1928.4000us:   1931      677    
1928.5000us:   1628     1241    
1928.6000us:   1165     1683    
1928.7000us:    588     1960    
1928.8000us:    -47     2047    
1928.9000us:   -677     1931    
1929.0000us:  -1241     1628    
1929.1000us:  -1683     1165    
1929.2000us:  -1960      588    
1929.3000us:  -2047      -47    
1929.4000us:  -1931     -677    
1929.5000us:  -1628    -1241    
1929.6000us:  -1165    -1683    
1929.7000us:   -588    -1960    
1929.8000us:     47    -2047    
1929.9000us:    677    -1931    
1930.0000us:   1241    -1628    
1930.1000us:   1683    -1165    
1930.2000us:   1960     -588    
1930.3000us:   2047       47    
1930.4000us:   1931      677    
1930.5000us:   1628     1241    
1930.6000us:   1165     1683    
1930.7000us:    588     1960    
1930.8000us:    -47     2047    
1930.9000us:   -677     1931    
1931.0000us:  -1241     1628    
1931.1000us:  -1683     1165    
1931.2000us:  -1960      588    
1931.3000us:  -2047      -47    
1931.4000us:  -1931     -677    
1931.5000us:  -1628    -1241    
1931.6000us:  -1165    -1683    
1931.7000us:   -588    -1960    
1931.8000us:     47    -2047    
1931.9000us:    677    -1931    
1932.0000us:   1241    -1628    
1932.1000us:   1683    -1165    
1932.2000us:   1960     -588    
1932.3000us:   2047       47    
1932.4000us:   1931      677    
1932.5000us:   1628     1241    
1932.6000us:   1165     1683    
1932.7000us:    588     1960    
1932.8000us:    -47     2047    
1932.9000us:   -677     1931    
1933.0000us:  -1241     1628    
1933.1000us:  -1683     1165    
1933.2000us:  -1960      587    
1933.3000us:  -2047      -47    
1933.4000us:  -1931     -677    
1933.5000us:  -1628    -1241    
1933.6000us:  -1165    -1683    
1933.7000us:   -587    -1960    
1933.8000us:     47    -2047    
1933.9000us:    677    -1931    
1934.0000us:   1241    -1628    
1934.1000us:   1683    -1165    
1934.2000us:   1960     -587    
1934.3000us:   2047       47    
1934.4000us:   1931      677    
1934.5000us:   1628     1241    
1934.6000us:   1165     1683    
1934.7000us:    587     1960    
1934.8000us:    -47     2047    
1934.9000us:   -677     1931    
1935.0000us:  -1241     1628    
1935.1000us:  -1683     1165    
1935.2000us:  -1960      587    
1935.3000us:  -2047      -47    
1935.4000us:  -1931     -677    
1935.5000us:  -1628    -1241    
1935.6000us:  -1165    -1683    
1935.7000us:   -587    -1960    
1935.8000us:     47    -2047    
1935.9000us:    677    -1931    
1936.0000us:   1241    -1628    
1936.1000us:   1683    -1165    
1936.2000us:   1960     -587    
1936.3000us:   2047       47    
1936.4000us:   1931      677    
1936.5000us:   1628     1241    
1936.6000us:   1165     1683    
1936.7000us:    587     1960    
1936.8000us:    -47     2047    
1936.9000us:   -677     1931    
1937.0000us:  -1241     1628    
1937.1000us:  -1683     1165    
1937.2000us:  -1960      587    
1937.3000us:  -2047      -47    
1937.4000us:  -1931     -677    
1937.5000us:  -1628    -1241    
1937.6000us:  -1165    -1683    
1937.7000us:   -587    -1960    
1937.8000us:     47    -2047    
1937.9000us:    677    -1931    
1938.0000us:   1241    -1628    
1938.1000us:   1683    -1165    
1938.2000us:   1960     -587    
1938.3000us:   2047       47    
1938.4000us:   1931      677    
1938.5000us:   1628     1241    
1938.6000us:   1165     1683    
1938.7000us:    587     1960    
1938.8000us:    -47     2047    
1938.9000us:   -677     1931    
1939.0000us:  -1241     1628    
1939.1000us:  -1683     1165    
1939.2000us:  -1960      587    
1939.3000us:  -2047      -47    
1939.4000us:  -1931     -677    
1939.5000us:  -1628    -1241    
1939.6000us:  -1164    -1683    
1939.7000us:   -587    -1960    
1939.8000us:     47    -2047    
1939.9000us:    677    -1931    
1940.0000us:   1241    -1628    
1940.1000us:   1683    -1164    
1940.2000us:   1960     -587    
1940.3000us:   2047       47    
1940.4000us:   1931      677    
1940.5000us:   1628     1241    
1940.6000us:   1164     1683    
1940.7000us:    587     1960    
1940.8000us:    -47     2047    
1940.9000us:   -677     1931    
1941.0000us:  -1241     1628    
1941.1000us:  -1683     1164    
1941.2000us:  -1960      587    
1941.3000us:  -2047      -47    
1941.4000us:  -1931     -677    
1941.5000us:  -1628    -1241    
1941.6000us:  -1164    -1683    
1941.7000us:   -587    -1960    
1941.8000us:     47    -2047    
1941.9000us:    677    -1931    
1942.0000us:   1241    -1628    
1942.1000us:   1683    -1164    
1942.2000us:   1960     -587    
1942.3000us:   2047       47    
1942.4000us:   1931      677    
1942.5000us:   1628     1241    
1942.6000us:   1164     1683    
1942.7000us:    587     1960    
1942.8000us:    -47     2047    
1942.9000us:   -677     1931    
1943.0000us:  -1241     1628    
1943.1000us:  -1683     1164    
1943.2000us:  -1960      587    
1943.3000us:  -2047      -47    
1943.4000us:  -1931     -677    
1943.5000us:  -1628    -1241    
1943.6000us:  -1164    -1683    
1943.7000us:   -587    -1960    
1943.8000us:     47    -2047    
1943.9000us:    677    -1931    
1944.0000us:   1241    -1628    
1944.1000us:   1683    -1164    
1944.2000us:   1960     -587    
1944.3000us:   2047       47    
1944.4000us:   1931      677    
1944.5000us:   1628     1241    
1944.6000us:   1164     1683    
1944.7000us:    587     1960    
1944.8000us:    -47     2047    
1944.9000us:   -677     1931    
1945.0000us:  -1241     1628    
1945.1000us:  -1683     1164    
1945.2000us:  -1960      587    
1945.3000us:  -2047      -47    
1945.4000us:  -1931     -677    
1945.5000us:  -1628    -1241    
1945.6000us:  -1164    -1683    
1945.7000us:   -587    -1960    
1945.8000us:     47    -2047    
1945.9000us:    677    -1931    
1946.0000us:   1241    -1627    
1946.1000us:   1683    -1164    
1946.2000us:   1960     -587    
1946.3000us:   2047       47    
1946.4000us:   1931      677    
1946.5000us:   1627     1241    
1946.6000us:   1164     1683    
1946.7000us:    587     1960    
1946.8000us:    -47     2047    
1946.9000us:   -677     1931    
1947.0000us:  -1241     1627    
1947.1000us:  -1683     1164    
1947.2000us:  -1960      587    
1947.3000us:  -2047      -47    
1947.4000us:  -1931     -677    
1947.5000us:  -1627    -1241    
1947.6000us:  -1164    -1683    
1947.7000us:   -587    -1960    
1947.8000us:     47    -2047    
1947.9000us:    677    -1931    
1948.0000us:   1241    -1627    
1948.1000us:   1683    -1164    
1948.2000us:   1960     -587    
1948.3000us:   2047       47    
1948.4000us:   1931      677    
1948.5000us:   1627     1241    
1948.6000us:   1164     1683    
1948.7000us:    587     1960    
1948.8000us:    -47     2047    
1948.9000us:   -677     1931    
1949.0000us:  -1241     1627    
1949.1000us:  -1683     1164    
1949.2000us:  -1960      587    
1949.3000us:  -2047      -47    
1949.4000us:  -1931     -677    
1949.5000us:  -1627    -1241    
1949.6000us:  -1164    -1683    
1949.7000us:   -587    -1960    
1949.8000us:     47    -2047    
1949.9000us:    677    -1931    
1950.0000us:   1241    -1627    
1950.1000us:   1683    -1164    
1950.2000us:   1960     -587    
1950.3000us:   2047       47    
1950.4000us:   1931      677    
1950.5000us:   1627     1241    
1950.6000us:   1164     1683    
1950.7000us:    587     1960    
1950.8000us:    -47     2047    
1950.9000us:   -677     1931    
1951.0000us:  -1241     1627    
1951.1000us:  -1683     1164    
1951.2000us:  -1960      587    
1951.3000us:  -2047      -47    
1951.4000us:  -1931     -677    
1951.5000us:  -1627    -1241    
1951.6000us:  -1164    -1683    
1951.7000us:   -587    -1960    
1951.8000us:     47    -2047    
1951.9000us:    677    -1931    
1952.0000us:   1241    -1627    
1952.1000us:   1683    -1164    
1952.2000us:   1960     -587    
1952.3000us:   2047       47    
1952.4000us:   1932      678    
1952.5000us:   1627     1241    
1952.6000us:   1164     1683    
1952.7000us:    587     1960    
1952.8000us:    -47     2047    
1952.9000us:   -678     1932    
1953.0000us:  -1241     1627    
1953.1000us:  -1683     1164    
1953.2000us:  -1960      587    
1953.3000us:  -2047      -47    
1953.4000us:  -1932     -678    
1953.5000us:  -1627    -1241    
1953.6000us:  -1164    -1683    
1953.7000us:   -587    -1960    
1953.8000us:     47    -2047    
1953.9000us:    678    -1932    
1954.0000us:   1241    -1627    
1954.1000us:   1683    -1164    
1954.2000us:   1960     -587    
1954.3000us:   2047       47    
1954.4000us:   1932      678    
1954.5000us:   1627     1241    
1954.6000us:   1164     1683    
1954.7000us:    587     1960    
1954.8000us:    -47     2047    
1954.9000us:   -678     1932    
1955.0000us:  -1241     1627    
1955.1000us:  -1683     1164    
1955.2000us:  -1960      587    
1955.3000us:  -2047      -47    
1955.4000us:  -1932     -678    
1955.5000us:  -1627    -1241    
1955.6000us:  -1164    -1683    
1955.7000us:   -587    -1960    
1955.8000us:     47    -2047    
1955.9000us:    678    -1932    
1956.0000us:   1241    -1627    
1956.1000us:   1683    -1164    
1956.2000us:   1960     -587    
1956.3000us:   2047       47    
1956.4000us:   1932      678    
1956.5000us:   1627     1241    
1956.6000us:   1164     1683    
1956.7000us:    587     1960    
1956.8000us:    -47     2047    
1956.9000us:   -678     1932    
1957.0000us:  -1241     1627    
1957.1000us:  -1683     1164    
1957.2000us:  -1960      587    
1957.3000us:  -2047      -47    
1957.4000us:  -1932     -678    
1957.5000us:  -1627    -1241    
1957.6000us:  -1164    -1683    
1957.7000us:   -587    -1960    
1957.8000us:     47    -2047    
1957.9000us:    678    -1932    
1958.0000us:   1241    -1627    
1958.1000us:   1683    -1164    
1958.2000us:   1960     -587    
1958.3000us:   2047       47    
1958.4000us:   1932      678    
1958.5000us:   1627     1241    
1958.6000us:   1164     1683    
1958.7000us:    587     1960    
1958.8000us:    -48     2047    
1958.9000us:   -678     1932    
1959.0000us:  -1241     1627    
1959.1000us:  -1683     1164    
1959.2000us:  -1960      587    
1959.3000us:  -2047      -48    
1959.4000us:  -1932     -678    
1959.5000us:  -1627    -1241    
1959.6000us:  -1164    -1683    
1959.7000us:   -587    -1960    
1959.8000us:     48    -2047    
1959.9000us:    678    -1932    
1960.0000us:   1241    -1627    
1960.1000us:   1683    -1164    
1960.2000us:   1960     -587    
1960.3000us:   2047       48    
1960.4000us:   1932      678    
1960.5000us:   1627     1241    
1960.6000us:   1164     1683    
1960.7000us:    587     1960    
1960.8000us:    -48     2047    
1960.9000us:   -678     1932    
1961.0000us:  -1241     1627    
1961.1000us:  -1683     1164    
1961.2000us:  -1960      587    
1961.3000us:  -2047      -48    
1961.4000us:  -1932     -678    
1961.5000us:  -1627    -1241    
1961.6000us:  -1164    -1683    
1961.7000us:   -587    -1960    
1961.8000us:     48    -2047    
1961.9000us:    678    -1932    
1962.0000us:   1241    -1627    
1962.1000us:   1683    -1164    
1962.2000us:   1960     -587    
1962.3000us:   2047       48    
1962.4000us:   1932      678    
1962.5000us:   1627     1241    
1962.6000us:   1164     1683    
1962.7000us:    587     1960    
1962.8000us:    -48     2047    
1962.9000us:   -678     1932    
1963.0000us:  -1241     1627    
1963.1000us:  -1683     1164    
1963.2000us:  -1960      587    
1963.3000us:  -2047      -48    
1963.4000us:  -1932     -678    
1963.5000us:  -1627    -1241    
1963.6000us:  -1164    -1683    
1963.7000us:   -587    -1960    
1963.8000us:     48    -2047    
1963.9000us:    678    -1932    
1964.0000us:   1241    -1627    
1964.1000us:   1683    -1164    
1964.2000us:   1960     -587    
1964.3000us:   2047       48    
1964.4000us:   1932      678    
1964.5000us:   1627     1241    
1964.6000us:   1164     1683    
1964.7000us:    587     1960    
1964.8000us:    -48     2047    
1964.9000us:   -678     1932    
1965.0000us:  -1241     1627    
1965.1000us:  -1683     1164    
1965.2000us:  -1960      586    
1965.3000us:  -2047      -48    
1965.4000us:  -1932     -678    
1965.5000us:  -1627    -1241    
1965.6000us:  -1164    -1683    
1965.7000us:   -586    -1960    
1965.8000us:     48    -2047    
1965.9000us:    678    -1932    
1966.0000us:   1241    -1627    
1966.1000us:   1683    -1164    
1966.2000us:   1960     -586    
1966.3000us:   2047       48    
1966.4000us:   1932      678    
1966.5000us:   1627     1241    
1966.6000us:   1164     1683    
1966.7000us:    586     1960    
1966.8000us:    -48     2047    
1966.9000us:   -678     1932    
1967.0000us:  -1241     1627    
1967.1000us:  -1683     1164    
1967.2000us:  -1960      586    
1967.3000us:  -2047      -48    
1967.4000us:  -1932     -678    
1967.5000us:  -1627    -1241    
1967.6000us:  -1164    -1683    
1967.7000us:   -586    -1960    
1967.8000us:     48    -2047    
1967.9000us:    678    -1932    
1968.0000us:   1241    -1627    
1968.1000us:   1683    -1164    
1968.2000us:   1960     -586    
1968.3000us:   2047       48    
1968.4000us:   1932      678    
1968.5000us:   1627     1241    
1968.6000us:   1164     1683    
1968.7000us:    586     1960    
1968.8000us:    -48     2047    
1968.9000us:   -678     1932    
1969.0000us:  -1241     1627    
1969.1000us:  -1683     1164    
1969.2000us:  -1960      586    
1969.3000us:  -2047      -48    
1969.4000us:  -1932     -678    
1969.5000us:  -1627    -1241    
1969.6000us:  -1164    -1683    
1969.7000us:   -586    -1960    
1969.8000us:     48    -2047    
1969.9000us:    678    -1932    
1970.0000us:   1241    -1627    
1970.1000us:   1683    -1164    
1970.2000us:   1960     -586    
1970.3000us:   2047       48    
1970.4000us:   1932      678    
1970.5000us:   1627     1241    
1970.6000us:   1164     1683    
1970.7000us:    586     1960    
1970.8000us:    -48     2047    
1970.9000us:   -678     1932    
1971.0000us:  -1241     1627    
1971.1000us:  -1683     1164    
1971.2000us:  -1960      586    
1971.3000us:  -2047      -48    
1971.4000us:  -1932     -678    
1971.5000us:  -1627    -1241    
1971.6000us:  -1164    -1684    
1971.7000us:   -586    -1960    
1971.8000us:     48    -2047    
1971.9000us:    678    -1932    
1972.0000us:   1241    -1627    
1972.1000us:   1684    -1164    
1972.2000us:   1960     -586    
1972.3000us:   2047       48    
1972.4000us:   1932      678    
1972.5000us:   1627     1241    
1972.6000us:   1164     1684    
1972.7000us:    586     1960    
1972.8000us:    -48     2047    
1972.9000us:   -678     1932    
1973.0000us:  -1241     1627    
1973.1000us:  -1684     1164    
1973.2000us:  -1960      586    
1973.3000us:  -2047      -48    
1973.4000us:  -1932     -678    
1973.5000us:  -1627    -1241    
1973.6000us:  -1164    -1684    
1973.7000us:   -586    -1960    
1973.8000us:     48    -2047    
1973.9000us:    678    -1932    
1974.0000us:   1241    -1627    
1974.1000us:   1684    -1164    
1974.2000us:   1960     -586    
1974.3000us:   2047       48    
1974.4000us:   1932      678    
1974.5000us:   1627     1241    
1974.6000us:   1164     1684    
1974.7000us:    586     1960    
1974.8000us:    -48     2047    
1974.9000us:   -678     1932    
1975.0000us:  -1241     1627    
1975.1000us:  -1684     1164    
1975.2000us:  -1960      586    
1975.3000us:  -2047      -48    
1975.4000us:  -1932     -678    
1975.5000us:  -1627    -1241    
1975.6000us:  -1164    -1684    
1975.7000us:   -586    -1960    
1975.8000us:     48    -2047    
1975.9000us:    678    -1932    
1976.0000us:   1241    -1627    
1976.1000us:   1684    -1164    
1976.2000us:   1960     -586    
1976.3000us:   2047       48    
1976.4000us:   1932      678    
1976.5000us:   1627     1241    
1976.6000us:   1164     1684    
1976.7000us:    586     1960    
1976.8000us:    -48     2047    
1976.9000us:   -678     1932    
1977.0000us:  -1241     1627    
1977.1000us:  -1684     1164    
1977.2000us:  -1960      586    
1977.3000us:  -2047      -48    
1977.4000us:  -1932     -678    
1977.5000us:  -1627    -1241    
1977.6000us:  -1164    -1684    
1977.7000us:   -586    -1960    
1977.8000us:     48    -2047    
1977.9000us:    678    -1932    
1978.0000us:   1242    -1627    
1978.1000us:   1684    -1164    
1978.2000us:   1960     -586    
1978.3000us:   2047       48    
1978.4000us:   1932      678    
1978.5000us:   1627     1242    
1978.6000us:   1164     1684    
1978.7000us:    586     1960    
1978.8000us:    -48     2047    
1978.9000us:   -678     1932    
1979.0000us:  -1242     1627    
1979.1000us:  -1684     1164    
1979.2000us:  -1960      586    
1979.3000us:  -2047      -48    
1979.4000us:  -1932     -678    
1979.5000us:  -1627    -1242    
1979.6000us:  -1164    -1684    
1979.7000us:   -586    -1960    
1979.8000us:     48    -2047    
1979.9000us:    678    -1932    
1980.0000us:   1242    -1627    
1980.1000us:   1684    -1164    
1980.2000us:   1960     -586    
1980.3000us:   2047       48    
1980.4000us:   1932      678    
1980.5000us:   1627     1242    
1980.6000us:   1164     1684    
1980.7000us:    586     1960    
1980.8000us:    -48     2047    
1980.9000us:   -678     1932    
1981.0000us:  -1242     1627    
1981.1000us:  -1684     1164    
1981.2000us:  -1960      586    
1981.3000us:  -2047      -48    
1981.4000us:  -1932     -678    
1981.5000us:  -1627    -1242    
1981.6000us:  -1164    -1684    
1981.7000us:   -586    -1960    
1981.8000us:     48    -2047    
1981.9000us:    678    -1932    
1982.0000us:   1242    -1627    
1982.1000us:   1684    -1164    
1982.2000us:   1960     -586    
1982.3000us:   2047       48    
1982.4000us:   1932      678    
1982.5000us:   1627     1242    
1982.6000us:   1164     1684    
1982.7000us:    586     1960    
1982.8000us:    -48     2047    
1982.9000us:   -678     1932    
1983.0000us:  -1242     1627    
1983.1000us:  -1684     1164    
1983.2000us:  -1960      586    
1983.3000us:  -2047      -48    
1983.4000us:  -1932     -678    
1983.5000us:  -1627    -1242    
1983.6000us:  -1164    -1684    
1983.7000us:   -586    -1960    
1983.8000us:     48    -2047    
1983.9000us:    678    -1932    
1984.0000us:   1242    -1627    
1984.1000us:   1684    -1164    
1984.2000us:   1960     -586    
1984.3000us:   2047       48    
1984.4000us:   1931      678    
1984.5000us:   1627     1242    
1984.6000us:   1164     1684    
1984.7000us:    586     1960    
1984.8000us:    -48     2047    
1984.9000us:   -678     1931    
1985.0000us:  -1242     1627    
1985.1000us:  -1684     1164    
1985.2000us:  -1960      586    
1985.3000us:  -2047      -48    
1985.4000us:  -1931     -678    
1985.5000us:  -1627    -1242    
1985.6000us:  -1164    -1684    
1985.7000us:   -586    -1960    
1985.8000us:     48    -2047    
1985.9000us:    678    -1931    
1986.0000us:   1242    -1627    
1986.1000us:   1684    -1164    
1986.2000us:   1960     -586    
1986.3000us:   2047       48    
1986.4000us:   1931      678    
1986.5000us:   1627     1242    
1986.6000us:   1164     1684    
1986.7000us:    586     1960    
1986.8000us:    -48     2047    
1986.9000us:   -678     1931    
1987.0000us:  -1242     1627    
1987.1000us:  -1684     1164    
1987.2000us:  -1960      586    
1987.3000us:  -2047      -48    
1987.4000us:  -1931     -678    
1987.5000us:  -1627    -1242    
1987.6000us:  -1164    -1684    
1987.7000us:   -586    -1960    
1987.8000us:     48    -2047    
1987.9000us:    678    -1931    
1988.0000us:   1242    -1627    
1988.1000us:   1684    -1164    
1988.2000us:   1960     -586    
1988.3000us:   2047       48    
1988.4000us:   1931      678    
1988.5000us:   1627     1242    
1988.6000us:   1164     1684    
1988.7000us:    586     1960    
1988.8000us:    -48     2047    
1988.9000us:   -678     1931    
1989.0000us:  -1242     1627    
1989.1000us:  -1684     1164    
1989.2000us:  -1960      586    
1989.3000us:  -2047      -48    
1989.4000us:  -1931     -678    
1989.5000us:  -1627    -1242    
1989.6000us:  -1164    -1684    
1989.7000us:   -586    -1960    
1989.8000us:     48    -2047    
1989.9000us:    678    -1931    
1990.0000us:   1242    -1627    
1990.1000us:   1684    -1164    
1990.2000us:   1960     -586    
1990.3000us:   2047       48    
1990.4000us:   1931      678    
1990.5000us:   1627     1242    
1990.6000us:   1164     1684    
1990.7000us:    586     1960    
1990.8000us:    -48     2047    
1990.9000us:   -678     1931    
1991.0000us:  -1242     1627    
1991.1000us:  -1684     1164    
1991.2000us:  -1960      586    
1991.3000us:  -2047      -48    
1991.4000us:  -1931     -678    
1991.5000us:  -1627    -1242    
1991.6000us:  -1164    -1684    
1991.7000us:   -586    -1960    
1991.8000us:     48    -2047    
1991.9000us:    678    -1931    
1992.0000us:   1242    -1627    
1992.1000us:   1684    -1164    
1992.2000us:   1960     -586    
1992.3000us:   2047       48    
1992.4000us:   1931      678    
1992.5000us:   1627     1242    
1992.6000us:   1164     1684    
1992.7000us:    586     1960    
1992.8000us:    -48     2047    
1992.9000us:   -678     1931    
1993.0000us:  -1242     1627    
1993.1000us:  -1684     1164    
1993.2000us:  -1960      586    
1993.3000us:  -2047      -48    
1993.4000us:  -1931     -678    
1993.5000us:  -1627    -1242    
1993.6000us:  -1164    -1684    
1993.7000us:   -586    -1960    
1993.8000us:     48    -2047    
1993.9000us:    678    -1931    
1994.0000us:   1242    -1627    
1994.1000us:   1684    -1164    
1994.2000us:   1960     -586    
1994.3000us:   2047       48    
1994.4000us:   1931      678    
1994.5000us:   1627     1242    
1994.6000us:   1164     1684    
1994.7000us:    586     1960    
1994.8000us:    -48     2047    
1994.9000us:   -678     1931    
1995.0000us:  -1242     1627    
1995.1000us:  -1684     1164    
1995.2000us:  -1960      586    
1995.3000us:  -2047      -48    
1995.4000us:  -1931     -678    
1995.5000us:  -1627    -1242    
1995.6000us:  -1164    -1684    
1995.7000us:   -586    -1960    
1995.8000us:     48    -2047    
1995.9000us:    678    -1931    
1996.0000us:   1242    -1627    
1996.1000us:   1684    -1164    
1996.2000us:   1960     -586    
1996.3000us:   2047       48    
1996.4000us:   1931      678    
1996.5000us:   1627     1242    
1996.6000us:   1164     1684    
1996.7000us:    586     1960    
1996.8000us:    -48     2047    
1996.9000us:   -678     1931    
1997.0000us:  -1242     1627    
1997.1000us:  -1684     1164    
1997.2000us:  -1960      586    
1997.3000us:  -2047      -48    
1997.4000us:  -1931     -678    
1997.5000us:  -1627    -1242    
1997.6000us:  -1164    -1684    
1997.7000us:   -586    -1960    
1997.8000us:     48    -2047    
1997.9000us:    678    -1931    
1998.0000us:   1242    -1627    
1998.1000us:   1684    -1164    
1998.2000us:   1960     -586    
1998.3000us:   2047       48    
1998.4000us:   1931      678    
1998.5000us:   1627     1242    
1998.6000us:   1164     1684    
1998.7000us:    586     1960    
1998.8000us:    -48     2047    
1998.9000us:   -678     1931    
1999.0000us:  -1242     1627    
1999.1000us:  -1684     1164    
1999.2000us:  -1960      586    
1999.3000us:  -2047      -48    
1999.4000us:  -1931     -678    
1999.5000us:  -1627    -1242    
1999.6000us:  -1164    -1684    
1999.7000us:   -586    -1960    
1999.8000us:     48    -2047    
1999.9000us:    678    -1931    
2000.0000us:   1242    -1627    
2000.1000us:   1684    -1164    
2000.2000us:   1960     -586    
2000.3000us:   2047       48    
2000.4000us:   1931      678    
2000.5000us:   1627     1242    
2000.6000us:   1164     1684    
2000.7000us:    586     1960    
2000.8000us:    -48     2047    
2000.9000us:   -678     1931    
2001.0000us:  -1242     1627    
2001.1000us:  -1684     1164    
2001.2000us:  -1960      586    
2001.3000us:  -2047      -48    
2001.4000us:  -1931     -678    
2001.5000us:  -1627    -1242    
2001.6000us:  -1164    -1684    
2001.7000us:   -586    -1960    
2001.8000us:     48    -2047    
2001.9000us:    678    -1931    
2002.0000us:   1242    -1627    
2002.1000us:   1684    -1164    
2002.2000us:   1960     -586    
2002.3000us:   2047       48    
2002.4000us:   1931      678    
2002.5000us:   1627     1242    
2002.6000us:   1164     1684    
2002.7000us:    586     1960    
2002.8000us:    -48     2047    
2002.9000us:   -678     1931    
2003.0000us:  -1242     1627    
2003.1000us:  -1684     1164    
2003.2000us:  -1960      586    
2003.3000us:  -2047      -48    
2003.4000us:  -1931     -678    
2003.5000us:  -1627    -1242    
2003.6000us:  -1163    -1684    
2003.7000us:   -586    -1960    
2003.8000us:     48    -2047    
2003.9000us:    678    -1931    
2004.0000us:   1242    -1627    
2004.1000us:   1684    -1163    
2004.2000us:   1960     -586    
2004.3000us:   2047       48    
2004.4000us:   1931      678    
2004.5000us:   1627     1242    
2004.6000us:   1163     1684    
2004.7000us:    586     1960    
2004.8000us:    -48     2047    
2004.9000us:   -678     1931    
2005.0000us:  -1242     1627    
2005.1000us:  -1684     1163    
2005.2000us:  -1960      586    
2005.3000us:  -2047      -48    
2005.4000us:  -1931     -678    
2005.5000us:  -1627    -1242    
2005.6000us:  -1163    -1684    
2005.7000us:   -586    -1960    
2005.8000us:     48    -2047    
2005.9000us:    678    -1931    
2006.0000us:   1242    -1627    
2006.1000us:   1684    -1163    
2006.2000us:   1960     -586    
2006.3000us:   2047       48    
2006.4000us:   1931      678    
2006.5000us:   1627     1242    
2006.6000us:   1163     1684    
2006.7000us:    586     1960    
2006.8000us:    -48     2047    
2006.9000us:   -678     1931    
2007.0000us:  -1242     1627    
2007.1000us:  -1684     1163    
2007.2000us:  -1960      586    
2007.3000us:  -2047      -48    
2007.4000us:  -1931     -678    
2007.5000us:  -1627    -1242    
2007.6000us:  -1163    -1684    
2007.7000us:   -586    -1960    
2007.8000us:     48    -2047    
2007.9000us:    678    -1931    
2008.0000us:   1242    -1627    
2008.1000us:   1684    -1163    
2008.2000us:   1960     -586    
2008.3000us:   2047       48    
2008.4000us:   1931      678    
2008.5000us:   1627     1242    
2008.6000us:   1163     1684    
2008.7000us:    586     1960    
2008.8000us:    -48     2047    
2008.9000us:   -678     1931    
2009.0000us:  -1242     1627    
2009.1000us:  -1684     1163    
2009.2000us:  -1960      586    
2009.3000us:  -2047      -48    
2009.4000us:  -1931     -678    
2009.5000us:  -1627    -1242    
2009.6000us:  -1163    -1684    
2009.7000us:   -586    -1960    
2009.8000us:     48    -2047    
2009.9000us:    678    -1931    
2010.0000us:   1243    -1626    
2010.1000us:   1684    -1163    
2010.2000us:   1960     -586    
2010.3000us:   2047       48    
2010.4000us:   1931      678    
2010.5000us:   1626     1243    
2010.6000us:   1163     1684    
2010.7000us:    586     1960    
2010.8000us:    -48     2047    
2010.9000us:   -678     1931    
2011.0000us:  -1243     1626    
2011.1000us:  -1684     1163    
2011.2000us:  -1960      586    
2011.3000us:  -2047      -48    
2011.4000us:  -1931     -678    
2011.5000us:  -1626    -1243    
2011.6000us:  -1163    -1684    
2011.7000us:   -586    -1960    
2011.8000us:     48    -2047    
2011.9000us:    678    -1931    
2012.0000us:   1243    -1626    
2012.1000us:   1684    -1163    
2012.2000us:   1960     -586    
2012.3000us:   2047       48    
2012.4000us:   1931      678    
2012.5000us:   1626     1243    
2012.6000us:   1163     1684    
2012.7000us:    586     1960    
2012.8000us:    -48     2047    
2012.9000us:   -678     1931    
2013.0000us:  -1243     1626    
2013.1000us:  -1684     1163    
2013.2000us:  -1960      586    
2013.3000us:  -2047      -48    
2013.4000us:  -1931     -678    
2013.5000us:  -1626    -1243    
2013.6000us:  -1163    -1684    
2013.7000us:   -586    -1960    
2013.8000us:     48    -2047    
2013.9000us:    678    -1931    
2014.0000us:   1243    -1626    
2014.1000us:   1684    -1163    
2014.2000us:   1960     -586    
2014.3000us:   2047       48    
2014.4000us:   1931      678    
2014.5000us:   1626     1243    
2014.6000us:   1163     1684    
2014.7000us:    586     1960    
2014.8000us:    -48     2047    
2014.9000us:   -678     1931    
2015.0000us:  -1243     1626    
2015.1000us:  -1684     1163    
2015.2000us:  -1960      586    
2015.3000us:  -2047      -48    
2015.4000us:  -1931     -678    
2015.5000us:  -1626    -1243    
2015.6000us:  -1163    -1684    
2015.7000us:   -586    -1960    
2015.8000us:     48    -2047    
2015.9000us:    678    -1931    
2016.0000us:   1243    -1626    
2016.1000us:   1684    -1163    
2016.2000us:   1960     -586    
2016.3000us:   2047       48    
2016.4000us:   1931      679    
2016.5000us:   1626     1243    
2016.6000us:   1163     1684    
2016.7000us:    586     1960    
2016.8000us:    -48     2047    
2016.9000us:   -679     1931    
2017.0000us:  -1243     1626    
2017.1000us:  -1684     1163    
2017.2000us:  -1960      586    
2017.3000us:  -2047      -48    
2017.4000us:  -1931     -679    
2017.5000us:  -1626    -1243    
2017.6000us:  -1163    -1684    
2017.7000us:   -586    -1960    
2017.8000us:     48    -2047    
2017.9000us:    679    -1931    
2018.0000us:   1243    -1626    
2018.1000us:   1684    -1163    
2018.2000us:   1960     -586    
2018.3000us:   2047       48    
2018.4000us:   1931      679    
2018.5000us:   1626     1243    
2018.6000us:   1163     1684    
2018.7000us:    586     1960    
2018.8000us:    -48     2047    
2018.9000us:   -679     1931    
2019.0000us:  -1243     1626    
2019.1000us:  -1684     1163    
2019.2000us:  -1960      586    
2019.3000us:  -2047      -48    
2019.4000us:  -1931     -679    
2019.5000us:  -1626    -1243    
2019.6000us:  -1163    -1684    
2019.7000us:   -586    -1960    
2019.8000us:     48    -2047    
2019.9000us:    679    -1931    
2020.0000us:   1243    -1626    
2020.1000us:   1684    -1163    
2020.2000us:   1960     -586    
2020.3000us:   2047       48    
2020.4000us:   1931      679    
2020.5000us:   1626     1243    
2020.6000us:   1163     1684    
2020.7000us:    586     1960    
2020.8000us:    -48     2047    
2020.9000us:   -679     1931    
2021.0000us:  -1243     1626    
2021.1000us:  -1684     1163    
2021.2000us:  -1960      586    
2021.3000us:  -2047      -48    
2021.4000us:  -1931     -679    
2021.5000us:  -1626    -1243    
2021.6000us:  -1163    -1684    
2021.7000us:   -586    -1960    
2021.8000us:     48    -2047    
2021.9000us:    679    -1931    
2022.0000us:   1243    -1626    
2022.1000us:   1684    -1163    
2022.2000us:   1960     -586    
2022.3000us:   2047       48    
2022.4000us:   1931      679    
2022.5000us:   1626     1243    
2022.6000us:   1163     1684    
2022.7000us:    586     1960    
2022.8000us:    -49     2047    
2022.9000us:   -679     1931    
2023.0000us:  -1243     1626    
2023.1000us:  -1684     1163    
2023.2000us:  -1960      586    
2023.3000us:  -2047      -49    
2023.4000us:  -1931     -679    
2023.5000us:  -1626    -1243    
2023.6000us:  -1163    -1684    
2023.7000us:   -586    -1960    
2023.8000us:     49    -2047    
2023.9000us:    679    -1931    
2024.0000us:   1243    -1626    
2024.1000us:   1684    -1163    
2024.2000us:   1960     -586    
2024.3000us:   2047       49    
2024.4000us:   1931      679    
2024.5000us:   1626     1243    
2024.6000us:   1163     1684    
2024.7000us:    586     1960    
2024.8000us:    -49     2047    
2024.9000us:   -679     1931    
2025.0000us:  -1243     1626    
2025.1000us:  -1684     1163    
2025.2000us:  -1960      586    
2025.3000us:  -2047      -49    
2025.4000us:  -1931     -679    
2025.5000us:  -1626    -1243    
2025.6000us:  -1163    -1684    
2025.7000us:   -586    -1960    
2025.8000us:     49    -2047    
2025.9000us:    679    -1931    
2026.0000us:   1243    -1626    
2026.1000us:   1684    -1163    
2026.2000us:   1960     -586    
2026.3000us:   2047       49    
2026.4000us:   1931      679    
2026.5000us:   1626     1243    
2026.6000us:   1163     1684    
2026.7000us:    586     1960    
2026.8000us:    -49     2047    
2026.9000us:   -679     1931    
2027.0000us:  -1243     1626    
2027.1000us:  -1684     1163    
2027.2000us:  -1960      586    
2027.3000us:  -2047      -49    
2027.4000us:  -1931     -679    
2027.5000us:  -1626    -1243    
2027.6000us:  -1163    -1684    
2027.7000us:   -586    -1960    
2027.8000us:     49    -2047    
2027.9000us:    679    -1931    
2028.0000us:   1243    -1626    
2028.1000us:   1684    -1163    
2028.2000us:   1960     -586    
2028.3000us:   2047       49    
2028.4000us:   1931      679    
2028.5000us:   1626     1243    
2028.6000us:   1163     1684    
2028.7000us:    586     1960    
2028.8000us:    -49     2047    
2028.9000us:   -679     1931    
2029.0000us:  -1243     1626    
2029.1000us:  -1684     1163    
2029.2000us:  -1961      585    
2029.3000us:  -2047      -49    
2029.4000us:  -1931     -679    
2029.5000us:  -1626    -1243    
2029.6000us:  -1163    -1684    
2029.7000us:   -585    -1961    
2029.8000us:     49    -2047    
2029.9000us:    679    -1931    
2030.0000us:   1243    -1626    
2030.1000us:   1684    -1163    
2030.2000us:   1961     -585    
2030.3000us:   2047       49    
2030.4000us:   1931      679    
2030.5000us:   1626     1243    
2030.6000us:   1163     1684    
2030.7000us:    585     1961    
2030.8000us:    -49     2047    
2030.9000us:   -679     1931    
2031.0000us:  -1243     1626    
2031.1000us:  -1684     1163    
2031.2000us:  -1961      585    
2031.3000us:  -2047      -49    
2031.4000us:  -1931     -679    
2031.5000us:  -1626    -1243    
2031.6000us:  -1163    -1684    
2031.7000us:   -585    -1961    
2031.8000us:     49    -2047    
2031.9000us:    679    -1931    
2032.0000us:   1243    -1626    
2032.1000us:   1684    -1163    
2032.2000us:   1961     -585    
2032.3000us:   2047       49    
2032.4000us:   1931      679    
2032.5000us:   1626     1243    
2032.6000us:   1163     1684    
2032.7000us:    585     1961    
2032.8000us:    -49     2047    
2032.9000us:   -679     1931    
2033.0000us:  -1243     1626    
2033.1000us:  -1684     1163    
2033.2000us:  -1961      585    
2033.3000us:  -2047      -49    
2033.4000us:  -1931     -679    
2033.5000us:  -1626    -1243    
2033.6000us:  -1163    -1684    
2033.7000us:   -585    -1961    
2033.8000us:     49    -2047    
2033.9000us:    679    -1931    
2034.0000us:   1243    -1626    
2034.1000us:   1684    -1163    
2034.2000us:   1961     -585    
2034.3000us:   2047       49    
2034.4000us:   1931      679    
2034.5000us:   1626     1243    
2034.6000us:   1163     1684    
2034.7000us:    585     1961    
2034.8000us:    -49     2047    
2034.9000us:   -679     1931    
2035.0000us:  -1243     1626    
2035.1000us:  -1684     1163    
2035.2000us:  -1961      585    
2035.3000us:  -2047      -49    
2035.4000us:  -1931     -679    
2035.5000us:  -1626    -1243    
2035.6000us:  -1162    -1685    
2035.7000us:   -585    -1961    
2035.8000us:     49    -2047    
2035.9000us:    679    -1931    
2036.0000us:   1243    -1626    
2036.1000us:   1685    -1162    
2036.2000us:   1961     -585    
2036.3000us:   2047       49    
2036.4000us:   1931      679    
2036.5000us:   1626     1243    
2036.6000us:   1162     1685    
2036.7000us:    585     1961    
2036.8000us:    -49     2047    
2036.9000us:   -679     1931    
2037.0000us:  -1243     1626    
2037.1000us:  -1685     1162    
2037.2000us:  -1961      585    
2037.3000us:  -2047      -49    
2037.4000us:  -1931     -679    
2037.5000us:  -1626    -1243    
2037.6000us:  -1162    -1685    
2037.7000us:   -585    -1961    
2037.8000us:     49    -2047    
2037.9000us:    679    -1931    
2038.0000us:   1243    -1626    
2038.1000us:   1685    -1162    
2038.2000us:   1961     -585    
2038.3000us:   2047       49    
2038.4000us:   1931      679    
2038.5000us:   1626     1243    
2038.6000us:   1162     1685    
2038.7000us:    585     1961    
2038.8000us:    -49     2047    
2038.9000us:   -679     1931    
2039.0000us:  -1243     1626    
2039.1000us:  -1685     1162    
2039.2000us:  -1961      585    
2039.3000us:  -2047      -49    
2039.4000us:  -1931     -679    
2039.5000us:  -1626    -1243    
2039.6000us:  -1162    -1685    
2039.7000us:   -585    -1961    
2039.8000us:     49    -2047    
2039.9000us:    679    -1931    
2040.0000us:   1243    -1626    
2040.1000us:   1685    -1162    
2040.2000us:   1961     -585    
2040.3000us:   2047       49    
2040.4000us:   1931      679    
2040.5000us:   1626     1243    
2040.6000us:   1162     1685    
2040.7000us:    585     1961    
2040.8000us:    -49     2047    
2040.9000us:   -679     1931    
2041.0000us:  -1243     1626    
2041.1000us:  -1685     1162    
2041.2000us:  -1961      585    
2041.3000us:  -2047      -49    
2041.4000us:  -1931     -679    
2041.5000us:  -1626    -1243    
2041.6000us:  -1162    -1685    
2041.7000us:   -585    -1961    
2041.8000us:     49    -2047    
2041.9000us:    679    -1931    
2042.0000us:   1243    -1626    
2042.1000us:   1685    -1162    
2042.2000us:   1961     -585    
2042.3000us:   2047       49    
2042.4000us:   1931      679    
2042.5000us:   1626     1243    
2042.6000us:   1162     1685    
2042.7000us:    585     1961    
2042.8000us:    -49     2047    
2042.9000us:   -679     1931    
2043.0000us:  -1243     1626    
2043.1000us:  -1685     1162    
2043.2000us:  -1961      585    
2043.3000us:  -2047      -49    
2043.4000us:  -1931     -679    
2043.5000us:  -1626    -1243    
2043.6000us:  -1162    -1685    
2043.7000us:   -585    -1961    
2043.8000us:     49    -2047    
2043.9000us:    679    -1931    
2044.0000us:   1243    -1626    
2044.1000us:   1685    -1162    
2044.2000us:   1961     -585    
2044.3000us:   2047       49    
2044.4000us:   1931      679    
2044.5000us:   1626     1243    
2044.6000us:   1162     1685    
2044.7000us:    585     1961    
2044.8000us:    -49     2047    
2044.9000us:   -679     1931    
2045.0000us:  -1243     1626    
2045.1000us:  -1685     1162    
2045.2000us:  -1961      585    
2045.3000us:  -2047      -49    
2045.4000us:  -1931     -679    
2045.5000us:  -1626    -1243    
2045.6000us:  -1162    -1685    
2045.7000us:   -585    -1961    
2045.8000us:     49    -2047    
2045.9000us:    679    -1931    
2046.0000us:   1243    -1626    
2046.1000us:   1685    -1162    
2046.2000us:   1961     -585    
2046.3000us:   2047       49    
2046.4000us:   1931      679    
2046.5000us:   1626     1243    
2046.6000us:   1162     1685    
2046.7000us:    585     1961    
2046.8000us:    -49     2047    
2046.9000us:   -679     1931    
2047.0000us:  -1243     1626    
2047.1000us:  -1685     1162    
2047.2000us:  -1961      585    
2047.3000us:  -2047      -49    
2047.4000us:  -1931     -679    
2047.5000us:  -1626    -1243    
2047.6000us:  -1162    -1685    
2047.7000us:   -585    -1961    
2047.8000us:     49    -2047    
2047.9000us:    679    -1931    
2048.0000us:   1243    -1626    
